"cidade_id","mes_ano","indice_vendas","indice_confianca_consumidor","cidade_nome","polo","coord_x_km","coord_y_km","populacao_mil","indice_renda_media","ticket_medio_regional","var_placebo_espacial"
"CID01",2019-01-01,140.4,103.4,"Porto Verde","Polo_4",94.68,73.62,57,4.263,61.87,107.45
"CID01",2019-02-01,158.4,110.1,"Porto Verde","Polo_4",94.68,73.62,57,4.263,61.87,107.45
"CID01",2019-03-01,169.2,105.6,"Porto Verde","Polo_4",94.68,73.62,57,4.263,61.87,107.45
"CID01",2019-04-01,165.7,103,"Porto Verde","Polo_4",94.68,73.62,57,4.263,61.87,107.45
"CID01",2019-05-01,185.1,100.7,"Porto Verde","Polo_4",94.68,73.62,57,4.263,61.87,107.45
"CID01",2019-06-01,186.9,97.8,"Porto Verde","Polo_4",94.68,73.62,57,4.263,61.87,107.45
"CID01",2019-07-01,177.2,93.4,"Porto Verde","Polo_4",94.68,73.62,57,4.263,61.87,107.45
"CID01",2019-08-01,160.3,96.5,"Porto Verde","Polo_4",94.68,73.62,57,4.263,61.87,107.45
"CID01",2019-09-01,148,96.3,"Porto Verde","Polo_4",94.68,73.62,57,4.263,61.87,107.45
"CID01",2019-10-01,137,98.4,"Porto Verde","Polo_4",94.68,73.62,57,4.263,61.87,107.45
"CID01",2019-11-01,130.5,97.9,"Porto Verde","Polo_4",94.68,73.62,57,4.263,61.87,107.45
"CID01",2019-12-01,125.8,100.7,"Porto Verde","Polo_4",94.68,73.62,57,4.263,61.87,107.45
"CID01",2020-01-01,149.8,105.5,"Porto Verde","Polo_4",94.68,73.62,57,4.263,61.87,107.45
"CID01",2020-02-01,150.7,113.6,"Porto Verde","Polo_4",94.68,73.62,57,4.263,61.87,107.45
"CID01",2020-03-01,171.8,106.4,"Porto Verde","Polo_4",94.68,73.62,57,4.263,61.87,107.45
"CID01",2020-04-01,178.7,107.5,"Porto Verde","Polo_4",94.68,73.62,57,4.263,61.87,107.45
"CID01",2020-05-01,181.3,108.2,"Porto Verde","Polo_4",94.68,73.62,57,4.263,61.87,107.45
"CID01",2020-06-01,182,100.3,"Porto Verde","Polo_4",94.68,73.62,57,4.263,61.87,107.45
"CID01",2020-07-01,171.1,102.9,"Porto Verde","Polo_4",94.68,73.62,57,4.263,61.87,107.45
"CID01",2020-08-01,164.6,95.4,"Porto Verde","Polo_4",94.68,73.62,57,4.263,61.87,107.45
"CID01",2020-09-01,143.5,97.2,"Porto Verde","Polo_4",94.68,73.62,57,4.263,61.87,107.45
"CID01",2020-10-01,134.6,100.8,"Porto Verde","Polo_4",94.68,73.62,57,4.263,61.87,107.45
"CID01",2020-11-01,122.3,102.2,"Porto Verde","Polo_4",94.68,73.62,57,4.263,61.87,107.45
"CID01",2020-12-01,144.3,106.1,"Porto Verde","Polo_4",94.68,73.62,57,4.263,61.87,107.45
"CID01",2021-01-01,151.2,107.8,"Porto Verde","Polo_4",94.68,73.62,57,4.263,61.87,107.45
"CID01",2021-02-01,168.7,107.4,"Porto Verde","Polo_4",94.68,73.62,57,4.263,61.87,107.45
"CID01",2021-03-01,182.6,108.8,"Porto Verde","Polo_4",94.68,73.62,57,4.263,61.87,107.45
"CID01",2021-04-01,186.8,109.9,"Porto Verde","Polo_4",94.68,73.62,57,4.263,61.87,107.45
"CID01",2021-05-01,193.5,104.8,"Porto Verde","Polo_4",94.68,73.62,57,4.263,61.87,107.45
"CID01",2021-06-01,182.2,106.3,"Porto Verde","Polo_4",94.68,73.62,57,4.263,61.87,107.45
"CID01",2021-07-01,176.2,94.2,"Porto Verde","Polo_4",94.68,73.62,57,4.263,61.87,107.45
"CID01",2021-08-01,157.1,97.7,"Porto Verde","Polo_4",94.68,73.62,57,4.263,61.87,107.45
"CID01",2021-09-01,156.5,98.7,"Porto Verde","Polo_4",94.68,73.62,57,4.263,61.87,107.45
"CID01",2021-10-01,140.3,101.9,"Porto Verde","Polo_4",94.68,73.62,57,4.263,61.87,107.45
"CID01",2021-11-01,144.7,94.9,"Porto Verde","Polo_4",94.68,73.62,57,4.263,61.87,107.45
"CID01",2021-12-01,136.3,104,"Porto Verde","Polo_4",94.68,73.62,57,4.263,61.87,107.45
"CID01",2022-01-01,147.3,105.5,"Porto Verde","Polo_4",94.68,73.62,57,4.263,61.87,107.45
"CID01",2022-02-01,163.7,110.4,"Porto Verde","Polo_4",94.68,73.62,57,4.263,61.87,107.45
"CID01",2022-03-01,167.5,107.9,"Porto Verde","Polo_4",94.68,73.62,57,4.263,61.87,107.45
"CID01",2022-04-01,184.8,106,"Porto Verde","Polo_4",94.68,73.62,57,4.263,61.87,107.45
"CID01",2022-05-01,187.8,101.8,"Porto Verde","Polo_4",94.68,73.62,57,4.263,61.87,107.45
"CID01",2022-06-01,175,98.1,"Porto Verde","Polo_4",94.68,73.62,57,4.263,61.87,107.45
"CID01",2022-07-01,178.7,96.5,"Porto Verde","Polo_4",94.68,73.62,57,4.263,61.87,107.45
"CID01",2022-08-01,169.9,98.5,"Porto Verde","Polo_4",94.68,73.62,57,4.263,61.87,107.45
"CID01",2022-09-01,156.8,98.4,"Porto Verde","Polo_4",94.68,73.62,57,4.263,61.87,107.45
"CID01",2022-10-01,140.4,98.3,"Porto Verde","Polo_4",94.68,73.62,57,4.263,61.87,107.45
"CID01",2022-11-01,130.8,106.2,"Porto Verde","Polo_4",94.68,73.62,57,4.263,61.87,107.45
"CID01",2022-12-01,144,101.1,"Porto Verde","Polo_4",94.68,73.62,57,4.263,61.87,107.45
"CID01",2023-01-01,157.3,103,"Porto Verde","Polo_4",94.68,73.62,57,4.263,61.87,107.45
"CID01",2023-02-01,159.6,111.4,"Porto Verde","Polo_4",94.68,73.62,57,4.263,61.87,107.45
"CID01",2023-03-01,197.7,111.9,"Porto Verde","Polo_4",94.68,73.62,57,4.263,61.87,107.45
"CID01",2023-04-01,201.3,110.7,"Porto Verde","Polo_4",94.68,73.62,57,4.263,61.87,107.45
"CID01",2023-05-01,194.3,105.3,"Porto Verde","Polo_4",94.68,73.62,57,4.263,61.87,107.45
"CID01",2023-06-01,190.7,102.3,"Porto Verde","Polo_4",94.68,73.62,57,4.263,61.87,107.45
"CID01",2023-07-01,189.4,101.7,"Porto Verde","Polo_4",94.68,73.62,57,4.263,61.87,107.45
"CID01",2023-08-01,167.6,101,"Porto Verde","Polo_4",94.68,73.62,57,4.263,61.87,107.45
"CID01",2023-09-01,159,101.6,"Porto Verde","Polo_4",94.68,73.62,57,4.263,61.87,107.45
"CID01",2023-10-01,143.1,109.3,"Porto Verde","Polo_4",94.68,73.62,57,4.263,61.87,107.45
"CID01",2023-11-01,134.1,101,"Porto Verde","Polo_4",94.68,73.62,57,4.263,61.87,107.45
"CID01",2023-12-01,132.3,109.1,"Porto Verde","Polo_4",94.68,73.62,57,4.263,61.87,107.45
"CID01",2024-01-01,154.7,113.7,"Porto Verde","Polo_4",94.68,73.62,57,4.263,61.87,107.45
"CID01",2024-02-01,168.3,110.2,"Porto Verde","Polo_4",94.68,73.62,57,4.263,61.87,107.45
"CID01",2024-03-01,185.1,111.8,"Porto Verde","Polo_4",94.68,73.62,57,4.263,61.87,107.45
"CID01",2024-04-01,202.2,103,"Porto Verde","Polo_4",94.68,73.62,57,4.263,61.87,107.45
"CID01",2024-05-01,189.8,102.6,"Porto Verde","Polo_4",94.68,73.62,57,4.263,61.87,107.45
"CID01",2024-06-01,199.1,102.7,"Porto Verde","Polo_4",94.68,73.62,57,4.263,61.87,107.45
"CID01",2024-07-01,184.8,97.2,"Porto Verde","Polo_4",94.68,73.62,57,4.263,61.87,107.45
"CID01",2024-08-01,173,101.4,"Porto Verde","Polo_4",94.68,73.62,57,4.263,61.87,107.45
"CID01",2024-09-01,169.9,102.6,"Porto Verde","Polo_4",94.68,73.62,57,4.263,61.87,107.45
"CID01",2024-10-01,142.5,104.5,"Porto Verde","Polo_4",94.68,73.62,57,4.263,61.87,107.45
"CID01",2024-11-01,131.3,103,"Porto Verde","Polo_4",94.68,73.62,57,4.263,61.87,107.45
"CID01",2024-12-01,140.9,105.4,"Porto Verde","Polo_4",94.68,73.62,57,4.263,61.87,107.45
"CID01",2025-01-01,159,110.9,"Porto Verde","Polo_4",94.68,73.62,57,4.263,61.87,107.45
"CID01",2025-02-01,163.6,113.9,"Porto Verde","Polo_4",94.68,73.62,57,4.263,61.87,107.45
"CID01",2025-03-01,181.6,105.7,"Porto Verde","Polo_4",94.68,73.62,57,4.263,61.87,107.45
"CID01",2025-04-01,195.4,112.4,"Porto Verde","Polo_4",94.68,73.62,57,4.263,61.87,107.45
"CID01",2025-05-01,200.5,106.9,"Porto Verde","Polo_4",94.68,73.62,57,4.263,61.87,107.45
"CID01",2025-06-01,201.9,105.8,"Porto Verde","Polo_4",94.68,73.62,57,4.263,61.87,107.45
"CID01",2025-07-01,193.6,105.3,"Porto Verde","Polo_4",94.68,73.62,57,4.263,61.87,107.45
"CID01",2025-08-01,170.8,97.5,"Porto Verde","Polo_4",94.68,73.62,57,4.263,61.87,107.45
"CID01",2025-09-01,155.5,104.4,"Porto Verde","Polo_4",94.68,73.62,57,4.263,61.87,107.45
"CID01",2025-10-01,140.8,103.3,"Porto Verde","Polo_4",94.68,73.62,57,4.263,61.87,107.45
"CID01",2025-11-01,143.2,106.2,"Porto Verde","Polo_4",94.68,73.62,57,4.263,61.87,107.45
"CID01",2025-12-01,147.5,106.8,"Porto Verde","Polo_4",94.68,73.62,57,4.263,61.87,107.45
"CID02",2019-01-01,181.3,104,"Vale do Sol","Polo_5",23.62,51.11,90,4.016,54.07,112.89
"CID02",2019-02-01,236.6,107.6,"Vale do Sol","Polo_5",23.62,51.11,90,4.016,54.07,112.89
"CID02",2019-03-01,274.6,105,"Vale do Sol","Polo_5",23.62,51.11,90,4.016,54.07,112.89
"CID02",2019-04-01,259.8,102.6,"Vale do Sol","Polo_5",23.62,51.11,90,4.016,54.07,112.89
"CID02",2019-05-01,272.8,100.9,"Vale do Sol","Polo_5",23.62,51.11,90,4.016,54.07,112.89
"CID02",2019-06-01,254.8,98.2,"Vale do Sol","Polo_5",23.62,51.11,90,4.016,54.07,112.89
"CID02",2019-07-01,270.7,94.7,"Vale do Sol","Polo_5",23.62,51.11,90,4.016,54.07,112.89
"CID02",2019-08-01,217,94.4,"Vale do Sol","Polo_5",23.62,51.11,90,4.016,54.07,112.89
"CID02",2019-09-01,209.9,93.8,"Vale do Sol","Polo_5",23.62,51.11,90,4.016,54.07,112.89
"CID02",2019-10-01,201.7,96.4,"Vale do Sol","Polo_5",23.62,51.11,90,4.016,54.07,112.89
"CID02",2019-11-01,188.7,97.2,"Vale do Sol","Polo_5",23.62,51.11,90,4.016,54.07,112.89
"CID02",2019-12-01,188.1,100,"Vale do Sol","Polo_5",23.62,51.11,90,4.016,54.07,112.89
"CID02",2020-01-01,213,104.1,"Vale do Sol","Polo_5",23.62,51.11,90,4.016,54.07,112.89
"CID02",2020-02-01,246.9,110.5,"Vale do Sol","Polo_5",23.62,51.11,90,4.016,54.07,112.89
"CID02",2020-03-01,253.8,104.8,"Vale do Sol","Polo_5",23.62,51.11,90,4.016,54.07,112.89
"CID02",2020-04-01,263.4,106.6,"Vale do Sol","Polo_5",23.62,51.11,90,4.016,54.07,112.89
"CID02",2020-05-01,292.9,108.5,"Vale do Sol","Polo_5",23.62,51.11,90,4.016,54.07,112.89
"CID02",2020-06-01,276.3,99.1,"Vale do Sol","Polo_5",23.62,51.11,90,4.016,54.07,112.89
"CID02",2020-07-01,226.3,101.7,"Vale do Sol","Polo_5",23.62,51.11,90,4.016,54.07,112.89
"CID02",2020-08-01,224.3,97.7,"Vale do Sol","Polo_5",23.62,51.11,90,4.016,54.07,112.89
"CID02",2020-09-01,189.9,96.1,"Vale do Sol","Polo_5",23.62,51.11,90,4.016,54.07,112.89
"CID02",2020-10-01,206.1,99.3,"Vale do Sol","Polo_5",23.62,51.11,90,4.016,54.07,112.89
"CID02",2020-11-01,184.8,105.1,"Vale do Sol","Polo_5",23.62,51.11,90,4.016,54.07,112.89
"CID02",2020-12-01,215.8,109.3,"Vale do Sol","Polo_5",23.62,51.11,90,4.016,54.07,112.89
"CID02",2021-01-01,226.2,108.2,"Vale do Sol","Polo_5",23.62,51.11,90,4.016,54.07,112.89
"CID02",2021-02-01,259.8,108.5,"Vale do Sol","Polo_5",23.62,51.11,90,4.016,54.07,112.89
"CID02",2021-03-01,270.3,106.8,"Vale do Sol","Polo_5",23.62,51.11,90,4.016,54.07,112.89
"CID02",2021-04-01,279.1,114,"Vale do Sol","Polo_5",23.62,51.11,90,4.016,54.07,112.89
"CID02",2021-05-01,285.4,102,"Vale do Sol","Polo_5",23.62,51.11,90,4.016,54.07,112.89
"CID02",2021-06-01,282.9,107.6,"Vale do Sol","Polo_5",23.62,51.11,90,4.016,54.07,112.89
"CID02",2021-07-01,270.9,95.4,"Vale do Sol","Polo_5",23.62,51.11,90,4.016,54.07,112.89
"CID02",2021-08-01,239.9,98.9,"Vale do Sol","Polo_5",23.62,51.11,90,4.016,54.07,112.89
"CID02",2021-09-01,212,97.4,"Vale do Sol","Polo_5",23.62,51.11,90,4.016,54.07,112.89
"CID02",2021-10-01,211.8,100.7,"Vale do Sol","Polo_5",23.62,51.11,90,4.016,54.07,112.89
"CID02",2021-11-01,206.6,96.9,"Vale do Sol","Polo_5",23.62,51.11,90,4.016,54.07,112.89
"CID02",2021-12-01,221.1,101.6,"Vale do Sol","Polo_5",23.62,51.11,90,4.016,54.07,112.89
"CID02",2022-01-01,225,104.2,"Vale do Sol","Polo_5",23.62,51.11,90,4.016,54.07,112.89
"CID02",2022-02-01,235.5,110.7,"Vale do Sol","Polo_5",23.62,51.11,90,4.016,54.07,112.89
"CID02",2022-03-01,287.6,107.2,"Vale do Sol","Polo_5",23.62,51.11,90,4.016,54.07,112.89
"CID02",2022-04-01,294.7,105.7,"Vale do Sol","Polo_5",23.62,51.11,90,4.016,54.07,112.89
"CID02",2022-05-01,278.5,104.5,"Vale do Sol","Polo_5",23.62,51.11,90,4.016,54.07,112.89
"CID02",2022-06-01,290.9,98.8,"Vale do Sol","Polo_5",23.62,51.11,90,4.016,54.07,112.89
"CID02",2022-07-01,257,94.8,"Vale do Sol","Polo_5",23.62,51.11,90,4.016,54.07,112.89
"CID02",2022-08-01,245.5,98.1,"Vale do Sol","Polo_5",23.62,51.11,90,4.016,54.07,112.89
"CID02",2022-09-01,221.8,97.5,"Vale do Sol","Polo_5",23.62,51.11,90,4.016,54.07,112.89
"CID02",2022-10-01,218.6,101.2,"Vale do Sol","Polo_5",23.62,51.11,90,4.016,54.07,112.89
"CID02",2022-11-01,192.2,110,"Vale do Sol","Polo_5",23.62,51.11,90,4.016,54.07,112.89
"CID02",2022-12-01,223.6,101.7,"Vale do Sol","Polo_5",23.62,51.11,90,4.016,54.07,112.89
"CID02",2023-01-01,232.2,105.2,"Vale do Sol","Polo_5",23.62,51.11,90,4.016,54.07,112.89
"CID02",2023-02-01,257.8,110.9,"Vale do Sol","Polo_5",23.62,51.11,90,4.016,54.07,112.89
"CID02",2023-03-01,284.2,111.5,"Vale do Sol","Polo_5",23.62,51.11,90,4.016,54.07,112.89
"CID02",2023-04-01,294.5,106.5,"Vale do Sol","Polo_5",23.62,51.11,90,4.016,54.07,112.89
"CID02",2023-05-01,300.3,105.4,"Vale do Sol","Polo_5",23.62,51.11,90,4.016,54.07,112.89
"CID02",2023-06-01,287.4,105,"Vale do Sol","Polo_5",23.62,51.11,90,4.016,54.07,112.89
"CID02",2023-07-01,275.2,101.3,"Vale do Sol","Polo_5",23.62,51.11,90,4.016,54.07,112.89
"CID02",2023-08-01,254.5,102.4,"Vale do Sol","Polo_5",23.62,51.11,90,4.016,54.07,112.89
"CID02",2023-09-01,229.1,98.4,"Vale do Sol","Polo_5",23.62,51.11,90,4.016,54.07,112.89
"CID02",2023-10-01,217.7,108,"Vale do Sol","Polo_5",23.62,51.11,90,4.016,54.07,112.89
"CID02",2023-11-01,199.7,103.1,"Vale do Sol","Polo_5",23.62,51.11,90,4.016,54.07,112.89
"CID02",2023-12-01,214.5,110.7,"Vale do Sol","Polo_5",23.62,51.11,90,4.016,54.07,112.89
"CID02",2024-01-01,248.1,112,"Vale do Sol","Polo_5",23.62,51.11,90,4.016,54.07,112.89
"CID02",2024-02-01,263.2,113.2,"Vale do Sol","Polo_5",23.62,51.11,90,4.016,54.07,112.89
"CID02",2024-03-01,308.9,109.7,"Vale do Sol","Polo_5",23.62,51.11,90,4.016,54.07,112.89
"CID02",2024-04-01,297.3,105.7,"Vale do Sol","Polo_5",23.62,51.11,90,4.016,54.07,112.89
"CID02",2024-05-01,312,103.2,"Vale do Sol","Polo_5",23.62,51.11,90,4.016,54.07,112.89
"CID02",2024-06-01,319.2,102.3,"Vale do Sol","Polo_5",23.62,51.11,90,4.016,54.07,112.89
"CID02",2024-07-01,283.3,101.7,"Vale do Sol","Polo_5",23.62,51.11,90,4.016,54.07,112.89
"CID02",2024-08-01,268.4,100,"Vale do Sol","Polo_5",23.62,51.11,90,4.016,54.07,112.89
"CID02",2024-09-01,236.1,102.4,"Vale do Sol","Polo_5",23.62,51.11,90,4.016,54.07,112.89
"CID02",2024-10-01,213.6,104.2,"Vale do Sol","Polo_5",23.62,51.11,90,4.016,54.07,112.89
"CID02",2024-11-01,222.1,103.3,"Vale do Sol","Polo_5",23.62,51.11,90,4.016,54.07,112.89
"CID02",2024-12-01,235.4,103.8,"Vale do Sol","Polo_5",23.62,51.11,90,4.016,54.07,112.89
"CID02",2025-01-01,240.8,110.5,"Vale do Sol","Polo_5",23.62,51.11,90,4.016,54.07,112.89
"CID02",2025-02-01,281.1,114.1,"Vale do Sol","Polo_5",23.62,51.11,90,4.016,54.07,112.89
"CID02",2025-03-01,306.2,109,"Vale do Sol","Polo_5",23.62,51.11,90,4.016,54.07,112.89
"CID02",2025-04-01,316.9,110.9,"Vale do Sol","Polo_5",23.62,51.11,90,4.016,54.07,112.89
"CID02",2025-05-01,314.9,102.7,"Vale do Sol","Polo_5",23.62,51.11,90,4.016,54.07,112.89
"CID02",2025-06-01,312.6,108,"Vale do Sol","Polo_5",23.62,51.11,90,4.016,54.07,112.89
"CID02",2025-07-01,292,103.3,"Vale do Sol","Polo_5",23.62,51.11,90,4.016,54.07,112.89
"CID02",2025-08-01,261.8,97.6,"Vale do Sol","Polo_5",23.62,51.11,90,4.016,54.07,112.89
"CID02",2025-09-01,254.6,103.2,"Vale do Sol","Polo_5",23.62,51.11,90,4.016,54.07,112.89
"CID02",2025-10-01,216.2,104.4,"Vale do Sol","Polo_5",23.62,51.11,90,4.016,54.07,112.89
"CID02",2025-11-01,210.9,104.5,"Vale do Sol","Polo_5",23.62,51.11,90,4.016,54.07,112.89
"CID02",2025-12-01,229.3,108.3,"Vale do Sol","Polo_5",23.62,51.11,90,4.016,54.07,112.89
"CID03",2019-01-01,218.2,103.4,"Serra Alta","Polo_1",22.7,16.23,83,4.387,57.68,99.06
"CID03",2019-02-01,233.3,105.5,"Serra Alta","Polo_1",22.7,16.23,83,4.387,57.68,99.06
"CID03",2019-03-01,234.6,104,"Serra Alta","Polo_1",22.7,16.23,83,4.387,57.68,99.06
"CID03",2019-04-01,258.7,100.6,"Serra Alta","Polo_1",22.7,16.23,83,4.387,57.68,99.06
"CID03",2019-05-01,271.8,100.8,"Serra Alta","Polo_1",22.7,16.23,83,4.387,57.68,99.06
"CID03",2019-06-01,288.9,94.1,"Serra Alta","Polo_1",22.7,16.23,83,4.387,57.68,99.06
"CID03",2019-07-01,266.6,91.9,"Serra Alta","Polo_1",22.7,16.23,83,4.387,57.68,99.06
"CID03",2019-08-01,239.7,98.9,"Serra Alta","Polo_1",22.7,16.23,83,4.387,57.68,99.06
"CID03",2019-09-01,213.5,97.2,"Serra Alta","Polo_1",22.7,16.23,83,4.387,57.68,99.06
"CID03",2019-10-01,205.7,98.6,"Serra Alta","Polo_1",22.7,16.23,83,4.387,57.68,99.06
"CID03",2019-11-01,202.9,96.7,"Serra Alta","Polo_1",22.7,16.23,83,4.387,57.68,99.06
"CID03",2019-12-01,199.5,101.4,"Serra Alta","Polo_1",22.7,16.23,83,4.387,57.68,99.06
"CID03",2020-01-01,218.7,103.2,"Serra Alta","Polo_1",22.7,16.23,83,4.387,57.68,99.06
"CID03",2020-02-01,219.4,112.8,"Serra Alta","Polo_1",22.7,16.23,83,4.387,57.68,99.06
"CID03",2020-03-01,258.2,111.1,"Serra Alta","Polo_1",22.7,16.23,83,4.387,57.68,99.06
"CID03",2020-04-01,273.6,106.8,"Serra Alta","Polo_1",22.7,16.23,83,4.387,57.68,99.06
"CID03",2020-05-01,289.2,106.5,"Serra Alta","Polo_1",22.7,16.23,83,4.387,57.68,99.06
"CID03",2020-06-01,272.6,97.9,"Serra Alta","Polo_1",22.7,16.23,83,4.387,57.68,99.06
"CID03",2020-07-01,274.9,100.6,"Serra Alta","Polo_1",22.7,16.23,83,4.387,57.68,99.06
"CID03",2020-08-01,248,96.9,"Serra Alta","Polo_1",22.7,16.23,83,4.387,57.68,99.06
"CID03",2020-09-01,231.6,100.6,"Serra Alta","Polo_1",22.7,16.23,83,4.387,57.68,99.06
"CID03",2020-10-01,199.2,96.1,"Serra Alta","Polo_1",22.7,16.23,83,4.387,57.68,99.06
"CID03",2020-11-01,205.5,101.4,"Serra Alta","Polo_1",22.7,16.23,83,4.387,57.68,99.06
"CID03",2020-12-01,197,108.4,"Serra Alta","Polo_1",22.7,16.23,83,4.387,57.68,99.06
"CID03",2021-01-01,224.9,107.9,"Serra Alta","Polo_1",22.7,16.23,83,4.387,57.68,99.06
"CID03",2021-02-01,241.9,104.1,"Serra Alta","Polo_1",22.7,16.23,83,4.387,57.68,99.06
"CID03",2021-03-01,266.8,107.8,"Serra Alta","Polo_1",22.7,16.23,83,4.387,57.68,99.06
"CID03",2021-04-01,297.7,112.1,"Serra Alta","Polo_1",22.7,16.23,83,4.387,57.68,99.06
"CID03",2021-05-01,287,101.1,"Serra Alta","Polo_1",22.7,16.23,83,4.387,57.68,99.06
"CID03",2021-06-01,294.5,103.1,"Serra Alta","Polo_1",22.7,16.23,83,4.387,57.68,99.06
"CID03",2021-07-01,275.4,94.5,"Serra Alta","Polo_1",22.7,16.23,83,4.387,57.68,99.06
"CID03",2021-08-01,260.3,97.7,"Serra Alta","Polo_1",22.7,16.23,83,4.387,57.68,99.06
"CID03",2021-09-01,223.4,98,"Serra Alta","Polo_1",22.7,16.23,83,4.387,57.68,99.06
"CID03",2021-10-01,222.4,100.7,"Serra Alta","Polo_1",22.7,16.23,83,4.387,57.68,99.06
"CID03",2021-11-01,209,95.8,"Serra Alta","Polo_1",22.7,16.23,83,4.387,57.68,99.06
"CID03",2021-12-01,215.4,102.7,"Serra Alta","Polo_1",22.7,16.23,83,4.387,57.68,99.06
"CID03",2022-01-01,220.1,106.4,"Serra Alta","Polo_1",22.7,16.23,83,4.387,57.68,99.06
"CID03",2022-02-01,242.8,111.8,"Serra Alta","Polo_1",22.7,16.23,83,4.387,57.68,99.06
"CID03",2022-03-01,270.9,108.5,"Serra Alta","Polo_1",22.7,16.23,83,4.387,57.68,99.06
"CID03",2022-04-01,293.1,104.5,"Serra Alta","Polo_1",22.7,16.23,83,4.387,57.68,99.06
"CID03",2022-05-01,291,100.6,"Serra Alta","Polo_1",22.7,16.23,83,4.387,57.68,99.06
"CID03",2022-06-01,300.7,99,"Serra Alta","Polo_1",22.7,16.23,83,4.387,57.68,99.06
"CID03",2022-07-01,270,97.5,"Serra Alta","Polo_1",22.7,16.23,83,4.387,57.68,99.06
"CID03",2022-08-01,267.1,99.1,"Serra Alta","Polo_1",22.7,16.23,83,4.387,57.68,99.06
"CID03",2022-09-01,232.5,97.9,"Serra Alta","Polo_1",22.7,16.23,83,4.387,57.68,99.06
"CID03",2022-10-01,221.2,95.8,"Serra Alta","Polo_1",22.7,16.23,83,4.387,57.68,99.06
"CID03",2022-11-01,198,108.7,"Serra Alta","Polo_1",22.7,16.23,83,4.387,57.68,99.06
"CID03",2022-12-01,216.7,101.2,"Serra Alta","Polo_1",22.7,16.23,83,4.387,57.68,99.06
"CID03",2023-01-01,222.5,104.5,"Serra Alta","Polo_1",22.7,16.23,83,4.387,57.68,99.06
"CID03",2023-02-01,254.6,112.6,"Serra Alta","Polo_1",22.7,16.23,83,4.387,57.68,99.06
"CID03",2023-03-01,265.9,113,"Serra Alta","Polo_1",22.7,16.23,83,4.387,57.68,99.06
"CID03",2023-04-01,285.2,109.6,"Serra Alta","Polo_1",22.7,16.23,83,4.387,57.68,99.06
"CID03",2023-05-01,299.3,104.6,"Serra Alta","Polo_1",22.7,16.23,83,4.387,57.68,99.06
"CID03",2023-06-01,290.4,102.2,"Serra Alta","Polo_1",22.7,16.23,83,4.387,57.68,99.06
"CID03",2023-07-01,285,100.1,"Serra Alta","Polo_1",22.7,16.23,83,4.387,57.68,99.06
"CID03",2023-08-01,271.9,101.1,"Serra Alta","Polo_1",22.7,16.23,83,4.387,57.68,99.06
"CID03",2023-09-01,228.4,99.7,"Serra Alta","Polo_1",22.7,16.23,83,4.387,57.68,99.06
"CID03",2023-10-01,225.4,110,"Serra Alta","Polo_1",22.7,16.23,83,4.387,57.68,99.06
"CID03",2023-11-01,201.6,100.6,"Serra Alta","Polo_1",22.7,16.23,83,4.387,57.68,99.06
"CID03",2023-12-01,224,110.7,"Serra Alta","Polo_1",22.7,16.23,83,4.387,57.68,99.06
"CID03",2024-01-01,230.3,114.3,"Serra Alta","Polo_1",22.7,16.23,83,4.387,57.68,99.06
"CID03",2024-02-01,244.8,112,"Serra Alta","Polo_1",22.7,16.23,83,4.387,57.68,99.06
"CID03",2024-03-01,285.2,111,"Serra Alta","Polo_1",22.7,16.23,83,4.387,57.68,99.06
"CID03",2024-04-01,312.8,104.3,"Serra Alta","Polo_1",22.7,16.23,83,4.387,57.68,99.06
"CID03",2024-05-01,312.7,104,"Serra Alta","Polo_1",22.7,16.23,83,4.387,57.68,99.06
"CID03",2024-06-01,306.7,101.8,"Serra Alta","Polo_1",22.7,16.23,83,4.387,57.68,99.06
"CID03",2024-07-01,303.9,99.1,"Serra Alta","Polo_1",22.7,16.23,83,4.387,57.68,99.06
"CID03",2024-08-01,262.3,103.4,"Serra Alta","Polo_1",22.7,16.23,83,4.387,57.68,99.06
"CID03",2024-09-01,248.2,100.8,"Serra Alta","Polo_1",22.7,16.23,83,4.387,57.68,99.06
"CID03",2024-10-01,234.1,105.9,"Serra Alta","Polo_1",22.7,16.23,83,4.387,57.68,99.06
"CID03",2024-11-01,219.2,102.8,"Serra Alta","Polo_1",22.7,16.23,83,4.387,57.68,99.06
"CID03",2024-12-01,219.5,101.9,"Serra Alta","Polo_1",22.7,16.23,83,4.387,57.68,99.06
"CID03",2025-01-01,229.8,108.8,"Serra Alta","Polo_1",22.7,16.23,83,4.387,57.68,99.06
"CID03",2025-02-01,252.9,113,"Serra Alta","Polo_1",22.7,16.23,83,4.387,57.68,99.06
"CID03",2025-03-01,305.3,108.8,"Serra Alta","Polo_1",22.7,16.23,83,4.387,57.68,99.06
"CID03",2025-04-01,294.1,111.4,"Serra Alta","Polo_1",22.7,16.23,83,4.387,57.68,99.06
"CID03",2025-05-01,298.9,105,"Serra Alta","Polo_1",22.7,16.23,83,4.387,57.68,99.06
"CID03",2025-06-01,314.9,105.4,"Serra Alta","Polo_1",22.7,16.23,83,4.387,57.68,99.06
"CID03",2025-07-01,315.3,104.3,"Serra Alta","Polo_1",22.7,16.23,83,4.387,57.68,99.06
"CID03",2025-08-01,262.5,96.7,"Serra Alta","Polo_1",22.7,16.23,83,4.387,57.68,99.06
"CID03",2025-09-01,254.9,105.3,"Serra Alta","Polo_1",22.7,16.23,83,4.387,57.68,99.06
"CID03",2025-10-01,238,102.8,"Serra Alta","Polo_1",22.7,16.23,83,4.387,57.68,99.06
"CID03",2025-11-01,222.8,105.5,"Serra Alta","Polo_1",22.7,16.23,83,4.387,57.68,99.06
"CID03",2025-12-01,220.4,107.4,"Serra Alta","Polo_1",22.7,16.23,83,4.387,57.68,99.06
"CID04",2019-01-01,125.8,106.4,"Campo Novo","Polo_4",89.55,88.82,35,4.414,60.89,104.37
"CID04",2019-02-01,144.8,107,"Campo Novo","Polo_4",89.55,88.82,35,4.414,60.89,104.37
"CID04",2019-03-01,152.2,105.2,"Campo Novo","Polo_4",89.55,88.82,35,4.414,60.89,104.37
"CID04",2019-04-01,160.5,101.2,"Campo Novo","Polo_4",89.55,88.82,35,4.414,60.89,104.37
"CID04",2019-05-01,158.1,98.3,"Campo Novo","Polo_4",89.55,88.82,35,4.414,60.89,104.37
"CID04",2019-06-01,152,96.5,"Campo Novo","Polo_4",89.55,88.82,35,4.414,60.89,104.37
"CID04",2019-07-01,133.2,91.9,"Campo Novo","Polo_4",89.55,88.82,35,4.414,60.89,104.37
"CID04",2019-08-01,140.5,96.2,"Campo Novo","Polo_4",89.55,88.82,35,4.414,60.89,104.37
"CID04",2019-09-01,130,98,"Campo Novo","Polo_4",89.55,88.82,35,4.414,60.89,104.37
"CID04",2019-10-01,114.8,97,"Campo Novo","Polo_4",89.55,88.82,35,4.414,60.89,104.37
"CID04",2019-11-01,109.5,97.3,"Campo Novo","Polo_4",89.55,88.82,35,4.414,60.89,104.37
"CID04",2019-12-01,122.3,99.9,"Campo Novo","Polo_4",89.55,88.82,35,4.414,60.89,104.37
"CID04",2020-01-01,126.3,103.6,"Campo Novo","Polo_4",89.55,88.82,35,4.414,60.89,104.37
"CID04",2020-02-01,134.4,114.7,"Campo Novo","Polo_4",89.55,88.82,35,4.414,60.89,104.37
"CID04",2020-03-01,154.7,102.9,"Campo Novo","Polo_4",89.55,88.82,35,4.414,60.89,104.37
"CID04",2020-04-01,158.9,109.7,"Campo Novo","Polo_4",89.55,88.82,35,4.414,60.89,104.37
"CID04",2020-05-01,160.3,108.8,"Campo Novo","Polo_4",89.55,88.82,35,4.414,60.89,104.37
"CID04",2020-06-01,151.8,98.6,"Campo Novo","Polo_4",89.55,88.82,35,4.414,60.89,104.37
"CID04",2020-07-01,145.9,98.8,"Campo Novo","Polo_4",89.55,88.82,35,4.414,60.89,104.37
"CID04",2020-08-01,131.1,96.7,"Campo Novo","Polo_4",89.55,88.82,35,4.414,60.89,104.37
"CID04",2020-09-01,122.4,96.8,"Campo Novo","Polo_4",89.55,88.82,35,4.414,60.89,104.37
"CID04",2020-10-01,116,101.4,"Campo Novo","Polo_4",89.55,88.82,35,4.414,60.89,104.37
"CID04",2020-11-01,111.3,105.4,"Campo Novo","Polo_4",89.55,88.82,35,4.414,60.89,104.37
"CID04",2020-12-01,125.6,106.5,"Campo Novo","Polo_4",89.55,88.82,35,4.414,60.89,104.37
"CID04",2021-01-01,128,106.5,"Campo Novo","Polo_4",89.55,88.82,35,4.414,60.89,104.37
"CID04",2021-02-01,137,106.8,"Campo Novo","Polo_4",89.55,88.82,35,4.414,60.89,104.37
"CID04",2021-03-01,153.4,109.1,"Campo Novo","Polo_4",89.55,88.82,35,4.414,60.89,104.37
"CID04",2021-04-01,154.3,110.7,"Campo Novo","Polo_4",89.55,88.82,35,4.414,60.89,104.37
"CID04",2021-05-01,159.7,103.4,"Campo Novo","Polo_4",89.55,88.82,35,4.414,60.89,104.37
"CID04",2021-06-01,157.2,104.1,"Campo Novo","Polo_4",89.55,88.82,35,4.414,60.89,104.37
"CID04",2021-07-01,149.5,93.4,"Campo Novo","Polo_4",89.55,88.82,35,4.414,60.89,104.37
"CID04",2021-08-01,142.5,98.9,"Campo Novo","Polo_4",89.55,88.82,35,4.414,60.89,104.37
"CID04",2021-09-01,131.9,94.6,"Campo Novo","Polo_4",89.55,88.82,35,4.414,60.89,104.37
"CID04",2021-10-01,110.8,97.5,"Campo Novo","Polo_4",89.55,88.82,35,4.414,60.89,104.37
"CID04",2021-11-01,117.1,96.1,"Campo Novo","Polo_4",89.55,88.82,35,4.414,60.89,104.37
"CID04",2021-12-01,119.8,103,"Campo Novo","Polo_4",89.55,88.82,35,4.414,60.89,104.37
"CID04",2022-01-01,132.1,108,"Campo Novo","Polo_4",89.55,88.82,35,4.414,60.89,104.37
"CID04",2022-02-01,141.1,107.2,"Campo Novo","Polo_4",89.55,88.82,35,4.414,60.89,104.37
"CID04",2022-03-01,153.6,108.6,"Campo Novo","Polo_4",89.55,88.82,35,4.414,60.89,104.37
"CID04",2022-04-01,157.5,106,"Campo Novo","Polo_4",89.55,88.82,35,4.414,60.89,104.37
"CID04",2022-05-01,169.3,101.7,"Campo Novo","Polo_4",89.55,88.82,35,4.414,60.89,104.37
"CID04",2022-06-01,164.2,97.9,"Campo Novo","Polo_4",89.55,88.82,35,4.414,60.89,104.37
"CID04",2022-07-01,161.4,96,"Campo Novo","Polo_4",89.55,88.82,35,4.414,60.89,104.37
"CID04",2022-08-01,145.3,98.7,"Campo Novo","Polo_4",89.55,88.82,35,4.414,60.89,104.37
"CID04",2022-09-01,135,97.9,"Campo Novo","Polo_4",89.55,88.82,35,4.414,60.89,104.37
"CID04",2022-10-01,113.5,100.2,"Campo Novo","Polo_4",89.55,88.82,35,4.414,60.89,104.37
"CID04",2022-11-01,120.8,106.9,"Campo Novo","Polo_4",89.55,88.82,35,4.414,60.89,104.37
"CID04",2022-12-01,112.1,102.1,"Campo Novo","Polo_4",89.55,88.82,35,4.414,60.89,104.37
"CID04",2023-01-01,127.4,109.6,"Campo Novo","Polo_4",89.55,88.82,35,4.414,60.89,104.37
"CID04",2023-02-01,152.4,111.1,"Campo Novo","Polo_4",89.55,88.82,35,4.414,60.89,104.37
"CID04",2023-03-01,159.9,115,"Campo Novo","Polo_4",89.55,88.82,35,4.414,60.89,104.37
"CID04",2023-04-01,170.8,107.5,"Campo Novo","Polo_4",89.55,88.82,35,4.414,60.89,104.37
"CID04",2023-05-01,169.8,105.2,"Campo Novo","Polo_4",89.55,88.82,35,4.414,60.89,104.37
"CID04",2023-06-01,160.4,103.5,"Campo Novo","Polo_4",89.55,88.82,35,4.414,60.89,104.37
"CID04",2023-07-01,160.5,100.4,"Campo Novo","Polo_4",89.55,88.82,35,4.414,60.89,104.37
"CID04",2023-08-01,149.9,102.3,"Campo Novo","Polo_4",89.55,88.82,35,4.414,60.89,104.37
"CID04",2023-09-01,133.7,99.4,"Campo Novo","Polo_4",89.55,88.82,35,4.414,60.89,104.37
"CID04",2023-10-01,124.6,108.4,"Campo Novo","Polo_4",89.55,88.82,35,4.414,60.89,104.37
"CID04",2023-11-01,120.5,101.6,"Campo Novo","Polo_4",89.55,88.82,35,4.414,60.89,104.37
"CID04",2023-12-01,126.2,111.4,"Campo Novo","Polo_4",89.55,88.82,35,4.414,60.89,104.37
"CID04",2024-01-01,137.5,113.6,"Campo Novo","Polo_4",89.55,88.82,35,4.414,60.89,104.37
"CID04",2024-02-01,145.1,112.7,"Campo Novo","Polo_4",89.55,88.82,35,4.414,60.89,104.37
"CID04",2024-03-01,165.4,110.3,"Campo Novo","Polo_4",89.55,88.82,35,4.414,60.89,104.37
"CID04",2024-04-01,172,103,"Campo Novo","Polo_4",89.55,88.82,35,4.414,60.89,104.37
"CID04",2024-05-01,168.6,101.4,"Campo Novo","Polo_4",89.55,88.82,35,4.414,60.89,104.37
"CID04",2024-06-01,162.3,103.6,"Campo Novo","Polo_4",89.55,88.82,35,4.414,60.89,104.37
"CID04",2024-07-01,160.5,101.1,"Campo Novo","Polo_4",89.55,88.82,35,4.414,60.89,104.37
"CID04",2024-08-01,144.6,102.2,"Campo Novo","Polo_4",89.55,88.82,35,4.414,60.89,104.37
"CID04",2024-09-01,129.7,101.7,"Campo Novo","Polo_4",89.55,88.82,35,4.414,60.89,104.37
"CID04",2024-10-01,121.1,100.1,"Campo Novo","Polo_4",89.55,88.82,35,4.414,60.89,104.37
"CID04",2024-11-01,126.1,104.1,"Campo Novo","Polo_4",89.55,88.82,35,4.414,60.89,104.37
"CID04",2024-12-01,121,106.2,"Campo Novo","Polo_4",89.55,88.82,35,4.414,60.89,104.37
"CID04",2025-01-01,135.4,110,"Campo Novo","Polo_4",89.55,88.82,35,4.414,60.89,104.37
"CID04",2025-02-01,152.5,112.4,"Campo Novo","Polo_4",89.55,88.82,35,4.414,60.89,104.37
"CID04",2025-03-01,173.1,111.3,"Campo Novo","Polo_4",89.55,88.82,35,4.414,60.89,104.37
"CID04",2025-04-01,176.6,109.6,"Campo Novo","Polo_4",89.55,88.82,35,4.414,60.89,104.37
"CID04",2025-05-01,176.9,107.3,"Campo Novo","Polo_4",89.55,88.82,35,4.414,60.89,104.37
"CID04",2025-06-01,176.8,107.7,"Campo Novo","Polo_4",89.55,88.82,35,4.414,60.89,104.37
"CID04",2025-07-01,170.3,106.1,"Campo Novo","Polo_4",89.55,88.82,35,4.414,60.89,104.37
"CID04",2025-08-01,153.7,96.6,"Campo Novo","Polo_4",89.55,88.82,35,4.414,60.89,104.37
"CID04",2025-09-01,134.7,102.5,"Campo Novo","Polo_4",89.55,88.82,35,4.414,60.89,104.37
"CID04",2025-10-01,132.8,106.5,"Campo Novo","Polo_4",89.55,88.82,35,4.414,60.89,104.37
"CID04",2025-11-01,120.8,105.1,"Campo Novo","Polo_4",89.55,88.82,35,4.414,60.89,104.37
"CID04",2025-12-01,136.5,108.1,"Campo Novo","Polo_4",89.55,88.82,35,4.414,60.89,104.37
"CID05",2019-01-01,112.8,103,"Rio Claro","Polo_5",24.41,49.73,30,3.661,57.33,112.5
"CID05",2019-02-01,135.6,109.6,"Rio Claro","Polo_5",24.41,49.73,30,3.661,57.33,112.5
"CID05",2019-03-01,144.3,103.4,"Rio Claro","Polo_5",24.41,49.73,30,3.661,57.33,112.5
"CID05",2019-04-01,156.8,104.1,"Rio Claro","Polo_5",24.41,49.73,30,3.661,57.33,112.5
"CID05",2019-05-01,152,98.6,"Rio Claro","Polo_5",24.41,49.73,30,3.661,57.33,112.5
"CID05",2019-06-01,157.9,95,"Rio Claro","Polo_5",24.41,49.73,30,3.661,57.33,112.5
"CID05",2019-07-01,151.2,90.6,"Rio Claro","Polo_5",24.41,49.73,30,3.661,57.33,112.5
"CID05",2019-08-01,138.1,93.3,"Rio Claro","Polo_5",24.41,49.73,30,3.661,57.33,112.5
"CID05",2019-09-01,129.5,96.1,"Rio Claro","Polo_5",24.41,49.73,30,3.661,57.33,112.5
"CID05",2019-10-01,117.7,95.7,"Rio Claro","Polo_5",24.41,49.73,30,3.661,57.33,112.5
"CID05",2019-11-01,123.5,102.2,"Rio Claro","Polo_5",24.41,49.73,30,3.661,57.33,112.5
"CID05",2019-12-01,119.7,102.4,"Rio Claro","Polo_5",24.41,49.73,30,3.661,57.33,112.5
"CID05",2020-01-01,126,104.2,"Rio Claro","Polo_5",24.41,49.73,30,3.661,57.33,112.5
"CID05",2020-02-01,138,110.8,"Rio Claro","Polo_5",24.41,49.73,30,3.661,57.33,112.5
"CID05",2020-03-01,147.6,106.2,"Rio Claro","Polo_5",24.41,49.73,30,3.661,57.33,112.5
"CID05",2020-04-01,155.3,107.6,"Rio Claro","Polo_5",24.41,49.73,30,3.661,57.33,112.5
"CID05",2020-05-01,165.8,104.6,"Rio Claro","Polo_5",24.41,49.73,30,3.661,57.33,112.5
"CID05",2020-06-01,153,101.1,"Rio Claro","Polo_5",24.41,49.73,30,3.661,57.33,112.5
"CID05",2020-07-01,149,100.6,"Rio Claro","Polo_5",24.41,49.73,30,3.661,57.33,112.5
"CID05",2020-08-01,142.5,98.5,"Rio Claro","Polo_5",24.41,49.73,30,3.661,57.33,112.5
"CID05",2020-09-01,123.2,98.8,"Rio Claro","Polo_5",24.41,49.73,30,3.661,57.33,112.5
"CID05",2020-10-01,120.5,99.6,"Rio Claro","Polo_5",24.41,49.73,30,3.661,57.33,112.5
"CID05",2020-11-01,105.6,103,"Rio Claro","Polo_5",24.41,49.73,30,3.661,57.33,112.5
"CID05",2020-12-01,122.7,107.1,"Rio Claro","Polo_5",24.41,49.73,30,3.661,57.33,112.5
"CID05",2021-01-01,129.9,108.3,"Rio Claro","Polo_5",24.41,49.73,30,3.661,57.33,112.5
"CID05",2021-02-01,144.5,108.2,"Rio Claro","Polo_5",24.41,49.73,30,3.661,57.33,112.5
"CID05",2021-03-01,157.1,111.1,"Rio Claro","Polo_5",24.41,49.73,30,3.661,57.33,112.5
"CID05",2021-04-01,162.2,109.1,"Rio Claro","Polo_5",24.41,49.73,30,3.661,57.33,112.5
"CID05",2021-05-01,165.3,103.7,"Rio Claro","Polo_5",24.41,49.73,30,3.661,57.33,112.5
"CID05",2021-06-01,166.1,105.6,"Rio Claro","Polo_5",24.41,49.73,30,3.661,57.33,112.5
"CID05",2021-07-01,152.9,95.3,"Rio Claro","Polo_5",24.41,49.73,30,3.661,57.33,112.5
"CID05",2021-08-01,147.8,99.4,"Rio Claro","Polo_5",24.41,49.73,30,3.661,57.33,112.5
"CID05",2021-09-01,130.8,100,"Rio Claro","Polo_5",24.41,49.73,30,3.661,57.33,112.5
"CID05",2021-10-01,124.3,99.9,"Rio Claro","Polo_5",24.41,49.73,30,3.661,57.33,112.5
"CID05",2021-11-01,112.7,94.1,"Rio Claro","Polo_5",24.41,49.73,30,3.661,57.33,112.5
"CID05",2021-12-01,127.1,103.5,"Rio Claro","Polo_5",24.41,49.73,30,3.661,57.33,112.5
"CID05",2022-01-01,137.2,105.5,"Rio Claro","Polo_5",24.41,49.73,30,3.661,57.33,112.5
"CID05",2022-02-01,147.3,110.1,"Rio Claro","Polo_5",24.41,49.73,30,3.661,57.33,112.5
"CID05",2022-03-01,156.2,106.7,"Rio Claro","Polo_5",24.41,49.73,30,3.661,57.33,112.5
"CID05",2022-04-01,169.8,105.8,"Rio Claro","Polo_5",24.41,49.73,30,3.661,57.33,112.5
"CID05",2022-05-01,183.1,101.1,"Rio Claro","Polo_5",24.41,49.73,30,3.661,57.33,112.5
"CID05",2022-06-01,184.1,98.5,"Rio Claro","Polo_5",24.41,49.73,30,3.661,57.33,112.5
"CID05",2022-07-01,154.5,93.6,"Rio Claro","Polo_5",24.41,49.73,30,3.661,57.33,112.5
"CID05",2022-08-01,147.1,97.8,"Rio Claro","Polo_5",24.41,49.73,30,3.661,57.33,112.5
"CID05",2022-09-01,133.1,99.6,"Rio Claro","Polo_5",24.41,49.73,30,3.661,57.33,112.5
"CID05",2022-10-01,124.9,97.5,"Rio Claro","Polo_5",24.41,49.73,30,3.661,57.33,112.5
"CID05",2022-11-01,125.7,106.6,"Rio Claro","Polo_5",24.41,49.73,30,3.661,57.33,112.5
"CID05",2022-12-01,119.7,103,"Rio Claro","Polo_5",24.41,49.73,30,3.661,57.33,112.5
"CID05",2023-01-01,137.3,106.5,"Rio Claro","Polo_5",24.41,49.73,30,3.661,57.33,112.5
"CID05",2023-02-01,149.1,109.6,"Rio Claro","Polo_5",24.41,49.73,30,3.661,57.33,112.5
"CID05",2023-03-01,171.3,111.8,"Rio Claro","Polo_5",24.41,49.73,30,3.661,57.33,112.5
"CID05",2023-04-01,174.6,107.9,"Rio Claro","Polo_5",24.41,49.73,30,3.661,57.33,112.5
"CID05",2023-05-01,178,104.9,"Rio Claro","Polo_5",24.41,49.73,30,3.661,57.33,112.5
"CID05",2023-06-01,174.3,105.2,"Rio Claro","Polo_5",24.41,49.73,30,3.661,57.33,112.5
"CID05",2023-07-01,173.5,100.2,"Rio Claro","Polo_5",24.41,49.73,30,3.661,57.33,112.5
"CID05",2023-08-01,154.5,102.5,"Rio Claro","Polo_5",24.41,49.73,30,3.661,57.33,112.5
"CID05",2023-09-01,137.7,100.5,"Rio Claro","Polo_5",24.41,49.73,30,3.661,57.33,112.5
"CID05",2023-10-01,127.4,109.3,"Rio Claro","Polo_5",24.41,49.73,30,3.661,57.33,112.5
"CID05",2023-11-01,117.4,98.5,"Rio Claro","Polo_5",24.41,49.73,30,3.661,57.33,112.5
"CID05",2023-12-01,123.2,111,"Rio Claro","Polo_5",24.41,49.73,30,3.661,57.33,112.5
"CID05",2024-01-01,136.5,113.9,"Rio Claro","Polo_5",24.41,49.73,30,3.661,57.33,112.5
"CID05",2024-02-01,162.2,110.6,"Rio Claro","Polo_5",24.41,49.73,30,3.661,57.33,112.5
"CID05",2024-03-01,164.8,107.6,"Rio Claro","Polo_5",24.41,49.73,30,3.661,57.33,112.5
"CID05",2024-04-01,171,105.4,"Rio Claro","Polo_5",24.41,49.73,30,3.661,57.33,112.5
"CID05",2024-05-01,190.6,105.8,"Rio Claro","Polo_5",24.41,49.73,30,3.661,57.33,112.5
"CID05",2024-06-01,168,104.4,"Rio Claro","Polo_5",24.41,49.73,30,3.661,57.33,112.5
"CID05",2024-07-01,167.8,98.7,"Rio Claro","Polo_5",24.41,49.73,30,3.661,57.33,112.5
"CID05",2024-08-01,154.2,98.2,"Rio Claro","Polo_5",24.41,49.73,30,3.661,57.33,112.5
"CID05",2024-09-01,140.9,100.4,"Rio Claro","Polo_5",24.41,49.73,30,3.661,57.33,112.5
"CID05",2024-10-01,126.6,100,"Rio Claro","Polo_5",24.41,49.73,30,3.661,57.33,112.5
"CID05",2024-11-01,127.6,102.5,"Rio Claro","Polo_5",24.41,49.73,30,3.661,57.33,112.5
"CID05",2024-12-01,123.2,104.2,"Rio Claro","Polo_5",24.41,49.73,30,3.661,57.33,112.5
"CID05",2025-01-01,141.8,111.3,"Rio Claro","Polo_5",24.41,49.73,30,3.661,57.33,112.5
"CID05",2025-02-01,154.9,111.5,"Rio Claro","Polo_5",24.41,49.73,30,3.661,57.33,112.5
"CID05",2025-03-01,172.4,109.2,"Rio Claro","Polo_5",24.41,49.73,30,3.661,57.33,112.5
"CID05",2025-04-01,190.3,111.2,"Rio Claro","Polo_5",24.41,49.73,30,3.661,57.33,112.5
"CID05",2025-05-01,193.8,107.1,"Rio Claro","Polo_5",24.41,49.73,30,3.661,57.33,112.5
"CID05",2025-06-01,187.1,107.7,"Rio Claro","Polo_5",24.41,49.73,30,3.661,57.33,112.5
"CID05",2025-07-01,167.6,103.2,"Rio Claro","Polo_5",24.41,49.73,30,3.661,57.33,112.5
"CID05",2025-08-01,151.9,98.8,"Rio Claro","Polo_5",24.41,49.73,30,3.661,57.33,112.5
"CID05",2025-09-01,148.6,104.4,"Rio Claro","Polo_5",24.41,49.73,30,3.661,57.33,112.5
"CID05",2025-10-01,133.8,101.1,"Rio Claro","Polo_5",24.41,49.73,30,3.661,57.33,112.5
"CID05",2025-11-01,135.2,105.9,"Rio Claro","Polo_5",24.41,49.73,30,3.661,57.33,112.5
"CID05",2025-12-01,132.7,105,"Rio Claro","Polo_5",24.41,49.73,30,3.661,57.33,112.5
"CID06",2019-01-01,141.2,105,"Monte Bello","Polo_4",83.13,91.53,52,4.695,62.48,96.61
"CID06",2019-02-01,158.6,108.8,"Monte Bello","Polo_4",83.13,91.53,52,4.695,62.48,96.61
"CID06",2019-03-01,166.1,103.5,"Monte Bello","Polo_4",83.13,91.53,52,4.695,62.48,96.61
"CID06",2019-04-01,187.3,104.3,"Monte Bello","Polo_4",83.13,91.53,52,4.695,62.48,96.61
"CID06",2019-05-01,181.9,98.4,"Monte Bello","Polo_4",83.13,91.53,52,4.695,62.48,96.61
"CID06",2019-06-01,186.4,97.1,"Monte Bello","Polo_4",83.13,91.53,52,4.695,62.48,96.61
"CID06",2019-07-01,178.4,92.2,"Monte Bello","Polo_4",83.13,91.53,52,4.695,62.48,96.61
"CID06",2019-08-01,162.4,95.3,"Monte Bello","Polo_4",83.13,91.53,52,4.695,62.48,96.61
"CID06",2019-09-01,147.5,96.8,"Monte Bello","Polo_4",83.13,91.53,52,4.695,62.48,96.61
"CID06",2019-10-01,138.7,97.2,"Monte Bello","Polo_4",83.13,91.53,52,4.695,62.48,96.61
"CID06",2019-11-01,138.8,98.7,"Monte Bello","Polo_4",83.13,91.53,52,4.695,62.48,96.61
"CID06",2019-12-01,133,102.1,"Monte Bello","Polo_4",83.13,91.53,52,4.695,62.48,96.61
"CID06",2020-01-01,139.8,105,"Monte Bello","Polo_4",83.13,91.53,52,4.695,62.48,96.61
"CID06",2020-02-01,166.1,112,"Monte Bello","Polo_4",83.13,91.53,52,4.695,62.48,96.61
"CID06",2020-03-01,161.4,104.5,"Monte Bello","Polo_4",83.13,91.53,52,4.695,62.48,96.61
"CID06",2020-04-01,177.7,106,"Monte Bello","Polo_4",83.13,91.53,52,4.695,62.48,96.61
"CID06",2020-05-01,200.6,107.2,"Monte Bello","Polo_4",83.13,91.53,52,4.695,62.48,96.61
"CID06",2020-06-01,186,100.6,"Monte Bello","Polo_4",83.13,91.53,52,4.695,62.48,96.61
"CID06",2020-07-01,180.1,101.7,"Monte Bello","Polo_4",83.13,91.53,52,4.695,62.48,96.61
"CID06",2020-08-01,162.6,95.1,"Monte Bello","Polo_4",83.13,91.53,52,4.695,62.48,96.61
"CID06",2020-09-01,159.2,100.4,"Monte Bello","Polo_4",83.13,91.53,52,4.695,62.48,96.61
"CID06",2020-10-01,138,101.5,"Monte Bello","Polo_4",83.13,91.53,52,4.695,62.48,96.61
"CID06",2020-11-01,134.4,100.6,"Monte Bello","Polo_4",83.13,91.53,52,4.695,62.48,96.61
"CID06",2020-12-01,131.7,105,"Monte Bello","Polo_4",83.13,91.53,52,4.695,62.48,96.61
"CID06",2021-01-01,141.5,106,"Monte Bello","Polo_4",83.13,91.53,52,4.695,62.48,96.61
"CID06",2021-02-01,168.6,107.2,"Monte Bello","Polo_4",83.13,91.53,52,4.695,62.48,96.61
"CID06",2021-03-01,182.8,107.1,"Monte Bello","Polo_4",83.13,91.53,52,4.695,62.48,96.61
"CID06",2021-04-01,189.8,112.3,"Monte Bello","Polo_4",83.13,91.53,52,4.695,62.48,96.61
"CID06",2021-05-01,186.9,99.5,"Monte Bello","Polo_4",83.13,91.53,52,4.695,62.48,96.61
"CID06",2021-06-01,182.5,104.9,"Monte Bello","Polo_4",83.13,91.53,52,4.695,62.48,96.61
"CID06",2021-07-01,182.2,93.2,"Monte Bello","Polo_4",83.13,91.53,52,4.695,62.48,96.61
"CID06",2021-08-01,171.4,97.4,"Monte Bello","Polo_4",83.13,91.53,52,4.695,62.48,96.61
"CID06",2021-09-01,149.7,98.6,"Monte Bello","Polo_4",83.13,91.53,52,4.695,62.48,96.61
"CID06",2021-10-01,136.5,98.1,"Monte Bello","Polo_4",83.13,91.53,52,4.695,62.48,96.61
"CID06",2021-11-01,136.8,91.1,"Monte Bello","Polo_4",83.13,91.53,52,4.695,62.48,96.61
"CID06",2021-12-01,137,101.1,"Monte Bello","Polo_4",83.13,91.53,52,4.695,62.48,96.61
"CID06",2022-01-01,154.2,103.6,"Monte Bello","Polo_4",83.13,91.53,52,4.695,62.48,96.61
"CID06",2022-02-01,170.4,109,"Monte Bello","Polo_4",83.13,91.53,52,4.695,62.48,96.61
"CID06",2022-03-01,184.6,105.3,"Monte Bello","Polo_4",83.13,91.53,52,4.695,62.48,96.61
"CID06",2022-04-01,192.4,107.9,"Monte Bello","Polo_4",83.13,91.53,52,4.695,62.48,96.61
"CID06",2022-05-01,195.5,102.5,"Monte Bello","Polo_4",83.13,91.53,52,4.695,62.48,96.61
"CID06",2022-06-01,200.5,99.6,"Monte Bello","Polo_4",83.13,91.53,52,4.695,62.48,96.61
"CID06",2022-07-01,186.1,95.8,"Monte Bello","Polo_4",83.13,91.53,52,4.695,62.48,96.61
"CID06",2022-08-01,171.2,95.7,"Monte Bello","Polo_4",83.13,91.53,52,4.695,62.48,96.61
"CID06",2022-09-01,160.4,97.7,"Monte Bello","Polo_4",83.13,91.53,52,4.695,62.48,96.61
"CID06",2022-10-01,139.4,97.9,"Monte Bello","Polo_4",83.13,91.53,52,4.695,62.48,96.61
"CID06",2022-11-01,131.8,107.9,"Monte Bello","Polo_4",83.13,91.53,52,4.695,62.48,96.61
"CID06",2022-12-01,151.8,100.5,"Monte Bello","Polo_4",83.13,91.53,52,4.695,62.48,96.61
"CID06",2023-01-01,169.3,107.9,"Monte Bello","Polo_4",83.13,91.53,52,4.695,62.48,96.61
"CID06",2023-02-01,171.9,111.1,"Monte Bello","Polo_4",83.13,91.53,52,4.695,62.48,96.61
"CID06",2023-03-01,196.2,109.5,"Monte Bello","Polo_4",83.13,91.53,52,4.695,62.48,96.61
"CID06",2023-04-01,203.7,109.3,"Monte Bello","Polo_4",83.13,91.53,52,4.695,62.48,96.61
"CID06",2023-05-01,201.4,105.9,"Monte Bello","Polo_4",83.13,91.53,52,4.695,62.48,96.61
"CID06",2023-06-01,197.2,102.8,"Monte Bello","Polo_4",83.13,91.53,52,4.695,62.48,96.61
"CID06",2023-07-01,199.8,100.2,"Monte Bello","Polo_4",83.13,91.53,52,4.695,62.48,96.61
"CID06",2023-08-01,170,101,"Monte Bello","Polo_4",83.13,91.53,52,4.695,62.48,96.61
"CID06",2023-09-01,158.6,101.1,"Monte Bello","Polo_4",83.13,91.53,52,4.695,62.48,96.61
"CID06",2023-10-01,147.7,111,"Monte Bello","Polo_4",83.13,91.53,52,4.695,62.48,96.61
"CID06",2023-11-01,143.7,101.1,"Monte Bello","Polo_4",83.13,91.53,52,4.695,62.48,96.61
"CID06",2023-12-01,143.7,110.4,"Monte Bello","Polo_4",83.13,91.53,52,4.695,62.48,96.61
"CID06",2024-01-01,170.1,113.2,"Monte Bello","Polo_4",83.13,91.53,52,4.695,62.48,96.61
"CID06",2024-02-01,167,110.4,"Monte Bello","Polo_4",83.13,91.53,52,4.695,62.48,96.61
"CID06",2024-03-01,193.4,108.9,"Monte Bello","Polo_4",83.13,91.53,52,4.695,62.48,96.61
"CID06",2024-04-01,198.3,102.6,"Monte Bello","Polo_4",83.13,91.53,52,4.695,62.48,96.61
"CID06",2024-05-01,196.5,101.6,"Monte Bello","Polo_4",83.13,91.53,52,4.695,62.48,96.61
"CID06",2024-06-01,208.2,101.1,"Monte Bello","Polo_4",83.13,91.53,52,4.695,62.48,96.61
"CID06",2024-07-01,192.6,100.3,"Monte Bello","Polo_4",83.13,91.53,52,4.695,62.48,96.61
"CID06",2024-08-01,172.3,101.2,"Monte Bello","Polo_4",83.13,91.53,52,4.695,62.48,96.61
"CID06",2024-09-01,169.9,101.1,"Monte Bello","Polo_4",83.13,91.53,52,4.695,62.48,96.61
"CID06",2024-10-01,155.9,100.7,"Monte Bello","Polo_4",83.13,91.53,52,4.695,62.48,96.61
"CID06",2024-11-01,143.8,101.6,"Monte Bello","Polo_4",83.13,91.53,52,4.695,62.48,96.61
"CID06",2024-12-01,149.1,106.3,"Monte Bello","Polo_4",83.13,91.53,52,4.695,62.48,96.61
"CID06",2025-01-01,168,107.3,"Monte Bello","Polo_4",83.13,91.53,52,4.695,62.48,96.61
"CID06",2025-02-01,181.4,109.1,"Monte Bello","Polo_4",83.13,91.53,52,4.695,62.48,96.61
"CID06",2025-03-01,211.8,108.5,"Monte Bello","Polo_4",83.13,91.53,52,4.695,62.48,96.61
"CID06",2025-04-01,206.4,111.2,"Monte Bello","Polo_4",83.13,91.53,52,4.695,62.48,96.61
"CID06",2025-05-01,215.7,105.5,"Monte Bello","Polo_4",83.13,91.53,52,4.695,62.48,96.61
"CID06",2025-06-01,209,106.8,"Monte Bello","Polo_4",83.13,91.53,52,4.695,62.48,96.61
"CID06",2025-07-01,196.9,104.3,"Monte Bello","Polo_4",83.13,91.53,52,4.695,62.48,96.61
"CID06",2025-08-01,192.3,99.1,"Monte Bello","Polo_4",83.13,91.53,52,4.695,62.48,96.61
"CID06",2025-09-01,171.2,101.1,"Monte Bello","Polo_4",83.13,91.53,52,4.695,62.48,96.61
"CID06",2025-10-01,154,105.8,"Monte Bello","Polo_4",83.13,91.53,52,4.695,62.48,96.61
"CID06",2025-11-01,148.5,107.1,"Monte Bello","Polo_4",83.13,91.53,52,4.695,62.48,96.61
"CID06",2025-12-01,160,104.6,"Monte Bello","Polo_4",83.13,91.53,52,4.695,62.48,96.61
"CID07",2019-01-01,80.9,105.9,"Boa Esperanca","Polo_1",16.1,23.2,16,4.28,60.63,79.15
"CID07",2019-02-01,76.7,107.8,"Boa Esperanca","Polo_1",16.1,23.2,16,4.28,60.63,79.15
"CID07",2019-03-01,93.8,104.1,"Boa Esperanca","Polo_1",16.1,23.2,16,4.28,60.63,79.15
"CID07",2019-04-01,100.1,104.4,"Boa Esperanca","Polo_1",16.1,23.2,16,4.28,60.63,79.15
"CID07",2019-05-01,109.3,102.2,"Boa Esperanca","Polo_1",16.1,23.2,16,4.28,60.63,79.15
"CID07",2019-06-01,107.6,96.3,"Boa Esperanca","Polo_1",16.1,23.2,16,4.28,60.63,79.15
"CID07",2019-07-01,101.7,92.5,"Boa Esperanca","Polo_1",16.1,23.2,16,4.28,60.63,79.15
"CID07",2019-08-01,89.5,95,"Boa Esperanca","Polo_1",16.1,23.2,16,4.28,60.63,79.15
"CID07",2019-09-01,81.4,96.8,"Boa Esperanca","Polo_1",16.1,23.2,16,4.28,60.63,79.15
"CID07",2019-10-01,74,97.8,"Boa Esperanca","Polo_1",16.1,23.2,16,4.28,60.63,79.15
"CID07",2019-11-01,73.2,97.3,"Boa Esperanca","Polo_1",16.1,23.2,16,4.28,60.63,79.15
"CID07",2019-12-01,79.2,100.9,"Boa Esperanca","Polo_1",16.1,23.2,16,4.28,60.63,79.15
"CID07",2020-01-01,76.9,104.8,"Boa Esperanca","Polo_1",16.1,23.2,16,4.28,60.63,79.15
"CID07",2020-02-01,89.9,113.9,"Boa Esperanca","Polo_1",16.1,23.2,16,4.28,60.63,79.15
"CID07",2020-03-01,86.3,104.6,"Boa Esperanca","Polo_1",16.1,23.2,16,4.28,60.63,79.15
"CID07",2020-04-01,100.4,108.7,"Boa Esperanca","Polo_1",16.1,23.2,16,4.28,60.63,79.15
"CID07",2020-05-01,107.6,106.4,"Boa Esperanca","Polo_1",16.1,23.2,16,4.28,60.63,79.15
"CID07",2020-06-01,109.4,97.1,"Boa Esperanca","Polo_1",16.1,23.2,16,4.28,60.63,79.15
"CID07",2020-07-01,102.8,99.6,"Boa Esperanca","Polo_1",16.1,23.2,16,4.28,60.63,79.15
"CID07",2020-08-01,95.3,96.8,"Boa Esperanca","Polo_1",16.1,23.2,16,4.28,60.63,79.15
"CID07",2020-09-01,81.4,100.2,"Boa Esperanca","Polo_1",16.1,23.2,16,4.28,60.63,79.15
"CID07",2020-10-01,75.9,97.2,"Boa Esperanca","Polo_1",16.1,23.2,16,4.28,60.63,79.15
"CID07",2020-11-01,75.3,105,"Boa Esperanca","Polo_1",16.1,23.2,16,4.28,60.63,79.15
"CID07",2020-12-01,74.6,108.7,"Boa Esperanca","Polo_1",16.1,23.2,16,4.28,60.63,79.15
"CID07",2021-01-01,83.1,107.4,"Boa Esperanca","Polo_1",16.1,23.2,16,4.28,60.63,79.15
"CID07",2021-02-01,81.7,106.5,"Boa Esperanca","Polo_1",16.1,23.2,16,4.28,60.63,79.15
"CID07",2021-03-01,92.2,108.8,"Boa Esperanca","Polo_1",16.1,23.2,16,4.28,60.63,79.15
"CID07",2021-04-01,99.7,114,"Boa Esperanca","Polo_1",16.1,23.2,16,4.28,60.63,79.15
"CID07",2021-05-01,113.9,101.7,"Boa Esperanca","Polo_1",16.1,23.2,16,4.28,60.63,79.15
"CID07",2021-06-01,116.3,104.8,"Boa Esperanca","Polo_1",16.1,23.2,16,4.28,60.63,79.15
"CID07",2021-07-01,100.4,90.5,"Boa Esperanca","Polo_1",16.1,23.2,16,4.28,60.63,79.15
"CID07",2021-08-01,101,101.5,"Boa Esperanca","Polo_1",16.1,23.2,16,4.28,60.63,79.15
"CID07",2021-09-01,83.3,100.3,"Boa Esperanca","Polo_1",16.1,23.2,16,4.28,60.63,79.15
"CID07",2021-10-01,83.3,100.3,"Boa Esperanca","Polo_1",16.1,23.2,16,4.28,60.63,79.15
"CID07",2021-11-01,78.1,98,"Boa Esperanca","Polo_1",16.1,23.2,16,4.28,60.63,79.15
"CID07",2021-12-01,68,101.7,"Boa Esperanca","Polo_1",16.1,23.2,16,4.28,60.63,79.15
"CID07",2022-01-01,77.8,104.6,"Boa Esperanca","Polo_1",16.1,23.2,16,4.28,60.63,79.15
"CID07",2022-02-01,92.8,111.2,"Boa Esperanca","Polo_1",16.1,23.2,16,4.28,60.63,79.15
"CID07",2022-03-01,103.5,107.9,"Boa Esperanca","Polo_1",16.1,23.2,16,4.28,60.63,79.15
"CID07",2022-04-01,102.3,106.2,"Boa Esperanca","Polo_1",16.1,23.2,16,4.28,60.63,79.15
"CID07",2022-05-01,110.4,102.3,"Boa Esperanca","Polo_1",16.1,23.2,16,4.28,60.63,79.15
"CID07",2022-06-01,107.4,97,"Boa Esperanca","Polo_1",16.1,23.2,16,4.28,60.63,79.15
"CID07",2022-07-01,110,91.9,"Boa Esperanca","Polo_1",16.1,23.2,16,4.28,60.63,79.15
"CID07",2022-08-01,90.1,97.2,"Boa Esperanca","Polo_1",16.1,23.2,16,4.28,60.63,79.15
"CID07",2022-09-01,86.4,96.8,"Boa Esperanca","Polo_1",16.1,23.2,16,4.28,60.63,79.15
"CID07",2022-10-01,85.7,98.6,"Boa Esperanca","Polo_1",16.1,23.2,16,4.28,60.63,79.15
"CID07",2022-11-01,83.1,105.9,"Boa Esperanca","Polo_1",16.1,23.2,16,4.28,60.63,79.15
"CID07",2022-12-01,80,102.6,"Boa Esperanca","Polo_1",16.1,23.2,16,4.28,60.63,79.15
"CID07",2023-01-01,80.7,104.3,"Boa Esperanca","Polo_1",16.1,23.2,16,4.28,60.63,79.15
"CID07",2023-02-01,94.2,108.3,"Boa Esperanca","Polo_1",16.1,23.2,16,4.28,60.63,79.15
"CID07",2023-03-01,96.1,110.7,"Boa Esperanca","Polo_1",16.1,23.2,16,4.28,60.63,79.15
"CID07",2023-04-01,99.4,108.6,"Boa Esperanca","Polo_1",16.1,23.2,16,4.28,60.63,79.15
"CID07",2023-05-01,106.8,105.4,"Boa Esperanca","Polo_1",16.1,23.2,16,4.28,60.63,79.15
"CID07",2023-06-01,112.7,104.3,"Boa Esperanca","Polo_1",16.1,23.2,16,4.28,60.63,79.15
"CID07",2023-07-01,100.9,100.8,"Boa Esperanca","Polo_1",16.1,23.2,16,4.28,60.63,79.15
"CID07",2023-08-01,94.1,103.4,"Boa Esperanca","Polo_1",16.1,23.2,16,4.28,60.63,79.15
"CID07",2023-09-01,90.2,101.3,"Boa Esperanca","Polo_1",16.1,23.2,16,4.28,60.63,79.15
"CID07",2023-10-01,82.4,109.6,"Boa Esperanca","Polo_1",16.1,23.2,16,4.28,60.63,79.15
"CID07",2023-11-01,75.7,100.4,"Boa Esperanca","Polo_1",16.1,23.2,16,4.28,60.63,79.15
"CID07",2023-12-01,68.7,108.3,"Boa Esperanca","Polo_1",16.1,23.2,16,4.28,60.63,79.15
"CID07",2024-01-01,84.9,114.5,"Boa Esperanca","Polo_1",16.1,23.2,16,4.28,60.63,79.15
"CID07",2024-02-01,84.1,111.1,"Boa Esperanca","Polo_1",16.1,23.2,16,4.28,60.63,79.15
"CID07",2024-03-01,95.5,109,"Boa Esperanca","Polo_1",16.1,23.2,16,4.28,60.63,79.15
"CID07",2024-04-01,113.3,102.8,"Boa Esperanca","Polo_1",16.1,23.2,16,4.28,60.63,79.15
"CID07",2024-05-01,106.5,108.5,"Boa Esperanca","Polo_1",16.1,23.2,16,4.28,60.63,79.15
"CID07",2024-06-01,113.5,102.2,"Boa Esperanca","Polo_1",16.1,23.2,16,4.28,60.63,79.15
"CID07",2024-07-01,111.1,98.9,"Boa Esperanca","Polo_1",16.1,23.2,16,4.28,60.63,79.15
"CID07",2024-08-01,96.6,99.8,"Boa Esperanca","Polo_1",16.1,23.2,16,4.28,60.63,79.15
"CID07",2024-09-01,84.2,100.2,"Boa Esperanca","Polo_1",16.1,23.2,16,4.28,60.63,79.15
"CID07",2024-10-01,79.8,101.3,"Boa Esperanca","Polo_1",16.1,23.2,16,4.28,60.63,79.15
"CID07",2024-11-01,71.3,102,"Boa Esperanca","Polo_1",16.1,23.2,16,4.28,60.63,79.15
"CID07",2024-12-01,78.7,105.2,"Boa Esperanca","Polo_1",16.1,23.2,16,4.28,60.63,79.15
"CID07",2025-01-01,79.7,112,"Boa Esperanca","Polo_1",16.1,23.2,16,4.28,60.63,79.15
"CID07",2025-02-01,90.4,114.3,"Boa Esperanca","Polo_1",16.1,23.2,16,4.28,60.63,79.15
"CID07",2025-03-01,97.4,108.6,"Boa Esperanca","Polo_1",16.1,23.2,16,4.28,60.63,79.15
"CID07",2025-04-01,112.6,110.7,"Boa Esperanca","Polo_1",16.1,23.2,16,4.28,60.63,79.15
"CID07",2025-05-01,118,106.9,"Boa Esperanca","Polo_1",16.1,23.2,16,4.28,60.63,79.15
"CID07",2025-06-01,113.6,106,"Boa Esperanca","Polo_1",16.1,23.2,16,4.28,60.63,79.15
"CID07",2025-07-01,114.2,104.7,"Boa Esperanca","Polo_1",16.1,23.2,16,4.28,60.63,79.15
"CID07",2025-08-01,98.3,97.6,"Boa Esperanca","Polo_1",16.1,23.2,16,4.28,60.63,79.15
"CID07",2025-09-01,89.6,106.4,"Boa Esperanca","Polo_1",16.1,23.2,16,4.28,60.63,79.15
"CID07",2025-10-01,82.2,103.1,"Boa Esperanca","Polo_1",16.1,23.2,16,4.28,60.63,79.15
"CID07",2025-11-01,75.3,107.6,"Boa Esperanca","Polo_1",16.1,23.2,16,4.28,60.63,79.15
"CID07",2025-12-01,85.4,108.1,"Boa Esperanca","Polo_1",16.1,23.2,16,4.28,60.63,79.15
"CID08",2019-01-01,110.6,102.8,"Sao Gabriel","Polo_1",20.59,27.28,22,4.447,63.01,84.56
"CID08",2019-02-01,127.2,107.4,"Sao Gabriel","Polo_1",20.59,27.28,22,4.447,63.01,84.56
"CID08",2019-03-01,139.5,106.9,"Sao Gabriel","Polo_1",20.59,27.28,22,4.447,63.01,84.56
"CID08",2019-04-01,147.5,103.1,"Sao Gabriel","Polo_1",20.59,27.28,22,4.447,63.01,84.56
"CID08",2019-05-01,145.5,101.2,"Sao Gabriel","Polo_1",20.59,27.28,22,4.447,63.01,84.56
"CID08",2019-06-01,146.4,97.5,"Sao Gabriel","Polo_1",20.59,27.28,22,4.447,63.01,84.56
"CID08",2019-07-01,141.5,94.3,"Sao Gabriel","Polo_1",20.59,27.28,22,4.447,63.01,84.56
"CID08",2019-08-01,120.9,94.6,"Sao Gabriel","Polo_1",20.59,27.28,22,4.447,63.01,84.56
"CID08",2019-09-01,118.3,97.5,"Sao Gabriel","Polo_1",20.59,27.28,22,4.447,63.01,84.56
"CID08",2019-10-01,108.2,97.1,"Sao Gabriel","Polo_1",20.59,27.28,22,4.447,63.01,84.56
"CID08",2019-11-01,107.6,97.4,"Sao Gabriel","Polo_1",20.59,27.28,22,4.447,63.01,84.56
"CID08",2019-12-01,105.1,100.6,"Sao Gabriel","Polo_1",20.59,27.28,22,4.447,63.01,84.56
"CID08",2020-01-01,112.6,105.6,"Sao Gabriel","Polo_1",20.59,27.28,22,4.447,63.01,84.56
"CID08",2020-02-01,128.4,113.5,"Sao Gabriel","Polo_1",20.59,27.28,22,4.447,63.01,84.56
"CID08",2020-03-01,129.5,104.5,"Sao Gabriel","Polo_1",20.59,27.28,22,4.447,63.01,84.56
"CID08",2020-04-01,148.4,108.1,"Sao Gabriel","Polo_1",20.59,27.28,22,4.447,63.01,84.56
"CID08",2020-05-01,146.5,105.6,"Sao Gabriel","Polo_1",20.59,27.28,22,4.447,63.01,84.56
"CID08",2020-06-01,139.2,98,"Sao Gabriel","Polo_1",20.59,27.28,22,4.447,63.01,84.56
"CID08",2020-07-01,136.3,98.2,"Sao Gabriel","Polo_1",20.59,27.28,22,4.447,63.01,84.56
"CID08",2020-08-01,125.9,96.7,"Sao Gabriel","Polo_1",20.59,27.28,22,4.447,63.01,84.56
"CID08",2020-09-01,115,97.3,"Sao Gabriel","Polo_1",20.59,27.28,22,4.447,63.01,84.56
"CID08",2020-10-01,104.3,96.3,"Sao Gabriel","Polo_1",20.59,27.28,22,4.447,63.01,84.56
"CID08",2020-11-01,110.7,102.9,"Sao Gabriel","Polo_1",20.59,27.28,22,4.447,63.01,84.56
"CID08",2020-12-01,101.3,108.5,"Sao Gabriel","Polo_1",20.59,27.28,22,4.447,63.01,84.56
"CID08",2021-01-01,117.4,107.6,"Sao Gabriel","Polo_1",20.59,27.28,22,4.447,63.01,84.56
"CID08",2021-02-01,129.3,106.6,"Sao Gabriel","Polo_1",20.59,27.28,22,4.447,63.01,84.56
"CID08",2021-03-01,132.1,107.9,"Sao Gabriel","Polo_1",20.59,27.28,22,4.447,63.01,84.56
"CID08",2021-04-01,152,109.1,"Sao Gabriel","Polo_1",20.59,27.28,22,4.447,63.01,84.56
"CID08",2021-05-01,153.5,100.7,"Sao Gabriel","Polo_1",20.59,27.28,22,4.447,63.01,84.56
"CID08",2021-06-01,149.9,103.3,"Sao Gabriel","Polo_1",20.59,27.28,22,4.447,63.01,84.56
"CID08",2021-07-01,139.8,96.1,"Sao Gabriel","Polo_1",20.59,27.28,22,4.447,63.01,84.56
"CID08",2021-08-01,134.8,98.5,"Sao Gabriel","Polo_1",20.59,27.28,22,4.447,63.01,84.56
"CID08",2021-09-01,120.6,99,"Sao Gabriel","Polo_1",20.59,27.28,22,4.447,63.01,84.56
"CID08",2021-10-01,112,99.2,"Sao Gabriel","Polo_1",20.59,27.28,22,4.447,63.01,84.56
"CID08",2021-11-01,108.1,94.6,"Sao Gabriel","Polo_1",20.59,27.28,22,4.447,63.01,84.56
"CID08",2021-12-01,105.2,103.2,"Sao Gabriel","Polo_1",20.59,27.28,22,4.447,63.01,84.56
"CID08",2022-01-01,122,105.8,"Sao Gabriel","Polo_1",20.59,27.28,22,4.447,63.01,84.56
"CID08",2022-02-01,127.6,110.3,"Sao Gabriel","Polo_1",20.59,27.28,22,4.447,63.01,84.56
"CID08",2022-03-01,143.1,107.9,"Sao Gabriel","Polo_1",20.59,27.28,22,4.447,63.01,84.56
"CID08",2022-04-01,149.9,107.4,"Sao Gabriel","Polo_1",20.59,27.28,22,4.447,63.01,84.56
"CID08",2022-05-01,152.2,103,"Sao Gabriel","Polo_1",20.59,27.28,22,4.447,63.01,84.56
"CID08",2022-06-01,150.3,100.3,"Sao Gabriel","Polo_1",20.59,27.28,22,4.447,63.01,84.56
"CID08",2022-07-01,143.3,93.7,"Sao Gabriel","Polo_1",20.59,27.28,22,4.447,63.01,84.56
"CID08",2022-08-01,132.8,97,"Sao Gabriel","Polo_1",20.59,27.28,22,4.447,63.01,84.56
"CID08",2022-09-01,115.3,95.5,"Sao Gabriel","Polo_1",20.59,27.28,22,4.447,63.01,84.56
"CID08",2022-10-01,114.4,99.1,"Sao Gabriel","Polo_1",20.59,27.28,22,4.447,63.01,84.56
"CID08",2022-11-01,116.8,109.5,"Sao Gabriel","Polo_1",20.59,27.28,22,4.447,63.01,84.56
"CID08",2022-12-01,107.3,98.8,"Sao Gabriel","Polo_1",20.59,27.28,22,4.447,63.01,84.56
"CID08",2023-01-01,117.3,108.6,"Sao Gabriel","Polo_1",20.59,27.28,22,4.447,63.01,84.56
"CID08",2023-02-01,129.4,112.1,"Sao Gabriel","Polo_1",20.59,27.28,22,4.447,63.01,84.56
"CID08",2023-03-01,151.6,109.6,"Sao Gabriel","Polo_1",20.59,27.28,22,4.447,63.01,84.56
"CID08",2023-04-01,146.3,110.2,"Sao Gabriel","Polo_1",20.59,27.28,22,4.447,63.01,84.56
"CID08",2023-05-01,159.1,106.2,"Sao Gabriel","Polo_1",20.59,27.28,22,4.447,63.01,84.56
"CID08",2023-06-01,153.1,100.5,"Sao Gabriel","Polo_1",20.59,27.28,22,4.447,63.01,84.56
"CID08",2023-07-01,141.2,100,"Sao Gabriel","Polo_1",20.59,27.28,22,4.447,63.01,84.56
"CID08",2023-08-01,128.3,104.9,"Sao Gabriel","Polo_1",20.59,27.28,22,4.447,63.01,84.56
"CID08",2023-09-01,135.7,102,"Sao Gabriel","Polo_1",20.59,27.28,22,4.447,63.01,84.56
"CID08",2023-10-01,105.2,107.5,"Sao Gabriel","Polo_1",20.59,27.28,22,4.447,63.01,84.56
"CID08",2023-11-01,116.8,98.9,"Sao Gabriel","Polo_1",20.59,27.28,22,4.447,63.01,84.56
"CID08",2023-12-01,106.3,108.2,"Sao Gabriel","Polo_1",20.59,27.28,22,4.447,63.01,84.56
"CID08",2024-01-01,129.5,114.9,"Sao Gabriel","Polo_1",20.59,27.28,22,4.447,63.01,84.56
"CID08",2024-02-01,128.1,113.8,"Sao Gabriel","Polo_1",20.59,27.28,22,4.447,63.01,84.56
"CID08",2024-03-01,132.7,108.7,"Sao Gabriel","Polo_1",20.59,27.28,22,4.447,63.01,84.56
"CID08",2024-04-01,154.8,104.8,"Sao Gabriel","Polo_1",20.59,27.28,22,4.447,63.01,84.56
"CID08",2024-05-01,158.1,102.9,"Sao Gabriel","Polo_1",20.59,27.28,22,4.447,63.01,84.56
"CID08",2024-06-01,149.3,104.7,"Sao Gabriel","Polo_1",20.59,27.28,22,4.447,63.01,84.56
"CID08",2024-07-01,146.4,100.9,"Sao Gabriel","Polo_1",20.59,27.28,22,4.447,63.01,84.56
"CID08",2024-08-01,138.9,102.2,"Sao Gabriel","Polo_1",20.59,27.28,22,4.447,63.01,84.56
"CID08",2024-09-01,132.2,104.3,"Sao Gabriel","Polo_1",20.59,27.28,22,4.447,63.01,84.56
"CID08",2024-10-01,121.3,100.7,"Sao Gabriel","Polo_1",20.59,27.28,22,4.447,63.01,84.56
"CID08",2024-11-01,105.2,102.8,"Sao Gabriel","Polo_1",20.59,27.28,22,4.447,63.01,84.56
"CID08",2024-12-01,116.5,102.2,"Sao Gabriel","Polo_1",20.59,27.28,22,4.447,63.01,84.56
"CID08",2025-01-01,108.6,108.1,"Sao Gabriel","Polo_1",20.59,27.28,22,4.447,63.01,84.56
"CID08",2025-02-01,130,112.4,"Sao Gabriel","Polo_1",20.59,27.28,22,4.447,63.01,84.56
"CID08",2025-03-01,147,111.8,"Sao Gabriel","Polo_1",20.59,27.28,22,4.447,63.01,84.56
"CID08",2025-04-01,166,112,"Sao Gabriel","Polo_1",20.59,27.28,22,4.447,63.01,84.56
"CID08",2025-05-01,154,104.6,"Sao Gabriel","Polo_1",20.59,27.28,22,4.447,63.01,84.56
"CID08",2025-06-01,161.1,105,"Sao Gabriel","Polo_1",20.59,27.28,22,4.447,63.01,84.56
"CID08",2025-07-01,149.7,107,"Sao Gabriel","Polo_1",20.59,27.28,22,4.447,63.01,84.56
"CID08",2025-08-01,136.8,98.5,"Sao Gabriel","Polo_1",20.59,27.28,22,4.447,63.01,84.56
"CID08",2025-09-01,125.7,102.2,"Sao Gabriel","Polo_1",20.59,27.28,22,4.447,63.01,84.56
"CID08",2025-10-01,111.5,102.8,"Sao Gabriel","Polo_1",20.59,27.28,22,4.447,63.01,84.56
"CID08",2025-11-01,108.5,109,"Sao Gabriel","Polo_1",20.59,27.28,22,4.447,63.01,84.56
"CID08",2025-12-01,110.8,107.5,"Sao Gabriel","Polo_1",20.59,27.28,22,4.447,63.01,84.56
"CID09",2019-01-01,135.5,105,"Agua Fria","Polo_1",16.26,34.94,36,3.755,67.47,87.54
"CID09",2019-02-01,138.7,108,"Agua Fria","Polo_1",16.26,34.94,36,3.755,67.47,87.54
"CID09",2019-03-01,146.2,106.7,"Agua Fria","Polo_1",16.26,34.94,36,3.755,67.47,87.54
"CID09",2019-04-01,174.2,103.9,"Agua Fria","Polo_1",16.26,34.94,36,3.755,67.47,87.54
"CID09",2019-05-01,186.8,100.6,"Agua Fria","Polo_1",16.26,34.94,36,3.755,67.47,87.54
"CID09",2019-06-01,189.1,97,"Agua Fria","Polo_1",16.26,34.94,36,3.755,67.47,87.54
"CID09",2019-07-01,197.6,94.9,"Agua Fria","Polo_1",16.26,34.94,36,3.755,67.47,87.54
"CID09",2019-08-01,178.4,94.3,"Agua Fria","Polo_1",16.26,34.94,36,3.755,67.47,87.54
"CID09",2019-09-01,173.5,98.9,"Agua Fria","Polo_1",16.26,34.94,36,3.755,67.47,87.54
"CID09",2019-10-01,163.5,94.9,"Agua Fria","Polo_1",16.26,34.94,36,3.755,67.47,87.54
"CID09",2019-11-01,139.5,100.3,"Agua Fria","Polo_1",16.26,34.94,36,3.755,67.47,87.54
"CID09",2019-12-01,125.3,100.8,"Agua Fria","Polo_1",16.26,34.94,36,3.755,67.47,87.54
"CID09",2020-01-01,147.3,101.6,"Agua Fria","Polo_1",16.26,34.94,36,3.755,67.47,87.54
"CID09",2020-02-01,149.7,115.9,"Agua Fria","Polo_1",16.26,34.94,36,3.755,67.47,87.54
"CID09",2020-03-01,172.3,106,"Agua Fria","Polo_1",16.26,34.94,36,3.755,67.47,87.54
"CID09",2020-04-01,181.8,106,"Agua Fria","Polo_1",16.26,34.94,36,3.755,67.47,87.54
"CID09",2020-05-01,186.2,107.8,"Agua Fria","Polo_1",16.26,34.94,36,3.755,67.47,87.54
"CID09",2020-06-01,202.9,100.6,"Agua Fria","Polo_1",16.26,34.94,36,3.755,67.47,87.54
"CID09",2020-07-01,204.4,103.2,"Agua Fria","Polo_1",16.26,34.94,36,3.755,67.47,87.54
"CID09",2020-08-01,201.6,98.5,"Agua Fria","Polo_1",16.26,34.94,36,3.755,67.47,87.54
"CID09",2020-09-01,181.5,98.2,"Agua Fria","Polo_1",16.26,34.94,36,3.755,67.47,87.54
"CID09",2020-10-01,160.3,99.4,"Agua Fria","Polo_1",16.26,34.94,36,3.755,67.47,87.54
"CID09",2020-11-01,150.4,100.6,"Agua Fria","Polo_1",16.26,34.94,36,3.755,67.47,87.54
"CID09",2020-12-01,138.8,105,"Agua Fria","Polo_1",16.26,34.94,36,3.755,67.47,87.54
"CID09",2021-01-01,144,110.6,"Agua Fria","Polo_1",16.26,34.94,36,3.755,67.47,87.54
"CID09",2021-02-01,147.8,106.6,"Agua Fria","Polo_1",16.26,34.94,36,3.755,67.47,87.54
"CID09",2021-03-01,153.5,107.8,"Agua Fria","Polo_1",16.26,34.94,36,3.755,67.47,87.54
"CID09",2021-04-01,173.2,111.5,"Agua Fria","Polo_1",16.26,34.94,36,3.755,67.47,87.54
"CID09",2021-05-01,203.1,100.9,"Agua Fria","Polo_1",16.26,34.94,36,3.755,67.47,87.54
"CID09",2021-06-01,203.6,104.2,"Agua Fria","Polo_1",16.26,34.94,36,3.755,67.47,87.54
"CID09",2021-07-01,200.1,94.7,"Agua Fria","Polo_1",16.26,34.94,36,3.755,67.47,87.54
"CID09",2021-08-01,207.4,98.6,"Agua Fria","Polo_1",16.26,34.94,36,3.755,67.47,87.54
"CID09",2021-09-01,182.1,99,"Agua Fria","Polo_1",16.26,34.94,36,3.755,67.47,87.54
"CID09",2021-10-01,169.6,99.4,"Agua Fria","Polo_1",16.26,34.94,36,3.755,67.47,87.54
"CID09",2021-11-01,152.6,95.1,"Agua Fria","Polo_1",16.26,34.94,36,3.755,67.47,87.54
"CID09",2021-12-01,148.9,105,"Agua Fria","Polo_1",16.26,34.94,36,3.755,67.47,87.54
"CID09",2022-01-01,134,103.1,"Agua Fria","Polo_1",16.26,34.94,36,3.755,67.47,87.54
"CID09",2022-02-01,161.9,109.4,"Agua Fria","Polo_1",16.26,34.94,36,3.755,67.47,87.54
"CID09",2022-03-01,165.2,106.7,"Agua Fria","Polo_1",16.26,34.94,36,3.755,67.47,87.54
"CID09",2022-04-01,182.5,107.8,"Agua Fria","Polo_1",16.26,34.94,36,3.755,67.47,87.54
"CID09",2022-05-01,197.2,103.5,"Agua Fria","Polo_1",16.26,34.94,36,3.755,67.47,87.54
"CID09",2022-06-01,217.2,98.9,"Agua Fria","Polo_1",16.26,34.94,36,3.755,67.47,87.54
"CID09",2022-07-01,213.3,95.1,"Agua Fria","Polo_1",16.26,34.94,36,3.755,67.47,87.54
"CID09",2022-08-01,203.7,97.8,"Agua Fria","Polo_1",16.26,34.94,36,3.755,67.47,87.54
"CID09",2022-09-01,188,97,"Agua Fria","Polo_1",16.26,34.94,36,3.755,67.47,87.54
"CID09",2022-10-01,166.6,101.4,"Agua Fria","Polo_1",16.26,34.94,36,3.755,67.47,87.54
"CID09",2022-11-01,158.3,106.1,"Agua Fria","Polo_1",16.26,34.94,36,3.755,67.47,87.54
"CID09",2022-12-01,147.9,103.5,"Agua Fria","Polo_1",16.26,34.94,36,3.755,67.47,87.54
"CID09",2023-01-01,161.3,105.8,"Agua Fria","Polo_1",16.26,34.94,36,3.755,67.47,87.54
"CID09",2023-02-01,150.7,112.3,"Agua Fria","Polo_1",16.26,34.94,36,3.755,67.47,87.54
"CID09",2023-03-01,172.2,109.5,"Agua Fria","Polo_1",16.26,34.94,36,3.755,67.47,87.54
"CID09",2023-04-01,183.3,108.6,"Agua Fria","Polo_1",16.26,34.94,36,3.755,67.47,87.54
"CID09",2023-05-01,195,104.1,"Agua Fria","Polo_1",16.26,34.94,36,3.755,67.47,87.54
"CID09",2023-06-01,214.4,103.5,"Agua Fria","Polo_1",16.26,34.94,36,3.755,67.47,87.54
"CID09",2023-07-01,205.3,102,"Agua Fria","Polo_1",16.26,34.94,36,3.755,67.47,87.54
"CID09",2023-08-01,207,101,"Agua Fria","Polo_1",16.26,34.94,36,3.755,67.47,87.54
"CID09",2023-09-01,186.2,101.1,"Agua Fria","Polo_1",16.26,34.94,36,3.755,67.47,87.54
"CID09",2023-10-01,167.7,108.6,"Agua Fria","Polo_1",16.26,34.94,36,3.755,67.47,87.54
"CID09",2023-11-01,152.6,101.4,"Agua Fria","Polo_1",16.26,34.94,36,3.755,67.47,87.54
"CID09",2023-12-01,158.7,111.6,"Agua Fria","Polo_1",16.26,34.94,36,3.755,67.47,87.54
"CID09",2024-01-01,159.8,112.3,"Agua Fria","Polo_1",16.26,34.94,36,3.755,67.47,87.54
"CID09",2024-02-01,154.1,112.7,"Agua Fria","Polo_1",16.26,34.94,36,3.755,67.47,87.54
"CID09",2024-03-01,172.9,110.5,"Agua Fria","Polo_1",16.26,34.94,36,3.755,67.47,87.54
"CID09",2024-04-01,189.7,105.1,"Agua Fria","Polo_1",16.26,34.94,36,3.755,67.47,87.54
"CID09",2024-05-01,200.9,100.6,"Agua Fria","Polo_1",16.26,34.94,36,3.755,67.47,87.54
"CID09",2024-06-01,224.4,101.1,"Agua Fria","Polo_1",16.26,34.94,36,3.755,67.47,87.54
"CID09",2024-07-01,206.5,100.5,"Agua Fria","Polo_1",16.26,34.94,36,3.755,67.47,87.54
"CID09",2024-08-01,215.3,102.4,"Agua Fria","Polo_1",16.26,34.94,36,3.755,67.47,87.54
"CID09",2024-09-01,199.3,98.4,"Agua Fria","Polo_1",16.26,34.94,36,3.755,67.47,87.54
"CID09",2024-10-01,170.9,104,"Agua Fria","Polo_1",16.26,34.94,36,3.755,67.47,87.54
"CID09",2024-11-01,150.5,104.7,"Agua Fria","Polo_1",16.26,34.94,36,3.755,67.47,87.54
"CID09",2024-12-01,149.7,106.2,"Agua Fria","Polo_1",16.26,34.94,36,3.755,67.47,87.54
"CID09",2025-01-01,154.3,108.9,"Agua Fria","Polo_1",16.26,34.94,36,3.755,67.47,87.54
"CID09",2025-02-01,158.3,115.9,"Agua Fria","Polo_1",16.26,34.94,36,3.755,67.47,87.54
"CID09",2025-03-01,185.6,109,"Agua Fria","Polo_1",16.26,34.94,36,3.755,67.47,87.54
"CID09",2025-04-01,192.1,109.8,"Agua Fria","Polo_1",16.26,34.94,36,3.755,67.47,87.54
"CID09",2025-05-01,216.4,104.5,"Agua Fria","Polo_1",16.26,34.94,36,3.755,67.47,87.54
"CID09",2025-06-01,225.9,108,"Agua Fria","Polo_1",16.26,34.94,36,3.755,67.47,87.54
"CID09",2025-07-01,212.9,108.2,"Agua Fria","Polo_1",16.26,34.94,36,3.755,67.47,87.54
"CID09",2025-08-01,213.3,99.3,"Agua Fria","Polo_1",16.26,34.94,36,3.755,67.47,87.54
"CID09",2025-09-01,195.4,102.6,"Agua Fria","Polo_1",16.26,34.94,36,3.755,67.47,87.54
"CID09",2025-10-01,187.1,105.8,"Agua Fria","Polo_1",16.26,34.94,36,3.755,67.47,87.54
"CID09",2025-11-01,161.3,105.3,"Agua Fria","Polo_1",16.26,34.94,36,3.755,67.47,87.54
"CID09",2025-12-01,150.8,109.9,"Agua Fria","Polo_1",16.26,34.94,36,3.755,67.47,87.54
"CID10",2019-01-01,467.5,100.3,"Colina Azul","Polo_4",82.18,75.68,197,4.214,67.74,93.22
"CID10",2019-02-01,488,107,"Colina Azul","Polo_4",82.18,75.68,197,4.214,67.74,93.22
"CID10",2019-03-01,555.7,103.4,"Colina Azul","Polo_4",82.18,75.68,197,4.214,67.74,93.22
"CID10",2019-04-01,580.5,102.3,"Colina Azul","Polo_4",82.18,75.68,197,4.214,67.74,93.22
"CID10",2019-05-01,580,98.2,"Colina Azul","Polo_4",82.18,75.68,197,4.214,67.74,93.22
"CID10",2019-06-01,605.5,96.8,"Colina Azul","Polo_4",82.18,75.68,197,4.214,67.74,93.22
"CID10",2019-07-01,588,91.5,"Colina Azul","Polo_4",82.18,75.68,197,4.214,67.74,93.22
"CID10",2019-08-01,537.7,93.8,"Colina Azul","Polo_4",82.18,75.68,197,4.214,67.74,93.22
"CID10",2019-09-01,525.6,96.2,"Colina Azul","Polo_4",82.18,75.68,197,4.214,67.74,93.22
"CID10",2019-10-01,499.3,96.6,"Colina Azul","Polo_4",82.18,75.68,197,4.214,67.74,93.22
"CID10",2019-11-01,400.9,98.2,"Colina Azul","Polo_4",82.18,75.68,197,4.214,67.74,93.22
"CID10",2019-12-01,439.6,99.8,"Colina Azul","Polo_4",82.18,75.68,197,4.214,67.74,93.22
"CID10",2020-01-01,435.4,103.4,"Colina Azul","Polo_4",82.18,75.68,197,4.214,67.74,93.22
"CID10",2020-02-01,476.8,114.7,"Colina Azul","Polo_4",82.18,75.68,197,4.214,67.74,93.22
"CID10",2020-03-01,554.4,107.7,"Colina Azul","Polo_4",82.18,75.68,197,4.214,67.74,93.22
"CID10",2020-04-01,571.8,108.1,"Colina Azul","Polo_4",82.18,75.68,197,4.214,67.74,93.22
"CID10",2020-05-01,607.2,108.3,"Colina Azul","Polo_4",82.18,75.68,197,4.214,67.74,93.22
"CID10",2020-06-01,616.9,98.7,"Colina Azul","Polo_4",82.18,75.68,197,4.214,67.74,93.22
"CID10",2020-07-01,615,99.2,"Colina Azul","Polo_4",82.18,75.68,197,4.214,67.74,93.22
"CID10",2020-08-01,524.8,99.5,"Colina Azul","Polo_4",82.18,75.68,197,4.214,67.74,93.22
"CID10",2020-09-01,537.2,99,"Colina Azul","Polo_4",82.18,75.68,197,4.214,67.74,93.22
"CID10",2020-10-01,462.6,97.9,"Colina Azul","Polo_4",82.18,75.68,197,4.214,67.74,93.22
"CID10",2020-11-01,444.8,101.9,"Colina Azul","Polo_4",82.18,75.68,197,4.214,67.74,93.22
"CID10",2020-12-01,450.8,106.5,"Colina Azul","Polo_4",82.18,75.68,197,4.214,67.74,93.22
"CID10",2021-01-01,461.9,108.5,"Colina Azul","Polo_4",82.18,75.68,197,4.214,67.74,93.22
"CID10",2021-02-01,506.8,110.5,"Colina Azul","Polo_4",82.18,75.68,197,4.214,67.74,93.22
"CID10",2021-03-01,542.3,110,"Colina Azul","Polo_4",82.18,75.68,197,4.214,67.74,93.22
"CID10",2021-04-01,610.1,110.6,"Colina Azul","Polo_4",82.18,75.68,197,4.214,67.74,93.22
"CID10",2021-05-01,596.8,102.8,"Colina Azul","Polo_4",82.18,75.68,197,4.214,67.74,93.22
"CID10",2021-06-01,602.4,106.1,"Colina Azul","Polo_4",82.18,75.68,197,4.214,67.74,93.22
"CID10",2021-07-01,606.7,93,"Colina Azul","Polo_4",82.18,75.68,197,4.214,67.74,93.22
"CID10",2021-08-01,558.2,96.1,"Colina Azul","Polo_4",82.18,75.68,197,4.214,67.74,93.22
"CID10",2021-09-01,474.3,99.8,"Colina Azul","Polo_4",82.18,75.68,197,4.214,67.74,93.22
"CID10",2021-10-01,497.7,100.3,"Colina Azul","Polo_4",82.18,75.68,197,4.214,67.74,93.22
"CID10",2021-11-01,450.2,94.9,"Colina Azul","Polo_4",82.18,75.68,197,4.214,67.74,93.22
"CID10",2021-12-01,447.3,104.6,"Colina Azul","Polo_4",82.18,75.68,197,4.214,67.74,93.22
"CID10",2022-01-01,477.3,106,"Colina Azul","Polo_4",82.18,75.68,197,4.214,67.74,93.22
"CID10",2022-02-01,479,107.3,"Colina Azul","Polo_4",82.18,75.68,197,4.214,67.74,93.22
"CID10",2022-03-01,551.7,105.9,"Colina Azul","Polo_4",82.18,75.68,197,4.214,67.74,93.22
"CID10",2022-04-01,568.6,107.4,"Colina Azul","Polo_4",82.18,75.68,197,4.214,67.74,93.22
"CID10",2022-05-01,687.8,103.9,"Colina Azul","Polo_4",82.18,75.68,197,4.214,67.74,93.22
"CID10",2022-06-01,662.9,96.6,"Colina Azul","Polo_4",82.18,75.68,197,4.214,67.74,93.22
"CID10",2022-07-01,623.4,93.5,"Colina Azul","Polo_4",82.18,75.68,197,4.214,67.74,93.22
"CID10",2022-08-01,621.6,98,"Colina Azul","Polo_4",82.18,75.68,197,4.214,67.74,93.22
"CID10",2022-09-01,524.6,100.5,"Colina Azul","Polo_4",82.18,75.68,197,4.214,67.74,93.22
"CID10",2022-10-01,501.9,99.3,"Colina Azul","Polo_4",82.18,75.68,197,4.214,67.74,93.22
"CID10",2022-11-01,492.3,108.4,"Colina Azul","Polo_4",82.18,75.68,197,4.214,67.74,93.22
"CID10",2022-12-01,467,99.2,"Colina Azul","Polo_4",82.18,75.68,197,4.214,67.74,93.22
"CID10",2023-01-01,496.9,104.9,"Colina Azul","Polo_4",82.18,75.68,197,4.214,67.74,93.22
"CID10",2023-02-01,505.3,112.1,"Colina Azul","Polo_4",82.18,75.68,197,4.214,67.74,93.22
"CID10",2023-03-01,562.8,114.7,"Colina Azul","Polo_4",82.18,75.68,197,4.214,67.74,93.22
"CID10",2023-04-01,599.4,109.9,"Colina Azul","Polo_4",82.18,75.68,197,4.214,67.74,93.22
"CID10",2023-05-01,674.1,107.3,"Colina Azul","Polo_4",82.18,75.68,197,4.214,67.74,93.22
"CID10",2023-06-01,690.4,104.8,"Colina Azul","Polo_4",82.18,75.68,197,4.214,67.74,93.22
"CID10",2023-07-01,640.8,102.3,"Colina Azul","Polo_4",82.18,75.68,197,4.214,67.74,93.22
"CID10",2023-08-01,616.3,103.3,"Colina Azul","Polo_4",82.18,75.68,197,4.214,67.74,93.22
"CID10",2023-09-01,551.7,98.1,"Colina Azul","Polo_4",82.18,75.68,197,4.214,67.74,93.22
"CID10",2023-10-01,514.8,105.7,"Colina Azul","Polo_4",82.18,75.68,197,4.214,67.74,93.22
"CID10",2023-11-01,456.7,100.4,"Colina Azul","Polo_4",82.18,75.68,197,4.214,67.74,93.22
"CID10",2023-12-01,495.1,111.8,"Colina Azul","Polo_4",82.18,75.68,197,4.214,67.74,93.22
"CID10",2024-01-01,475.4,111.4,"Colina Azul","Polo_4",82.18,75.68,197,4.214,67.74,93.22
"CID10",2024-02-01,488.4,110.3,"Colina Azul","Polo_4",82.18,75.68,197,4.214,67.74,93.22
"CID10",2024-03-01,616.6,106.7,"Colina Azul","Polo_4",82.18,75.68,197,4.214,67.74,93.22
"CID10",2024-04-01,621.1,103.7,"Colina Azul","Polo_4",82.18,75.68,197,4.214,67.74,93.22
"CID10",2024-05-01,650.7,101.2,"Colina Azul","Polo_4",82.18,75.68,197,4.214,67.74,93.22
"CID10",2024-06-01,659,98.8,"Colina Azul","Polo_4",82.18,75.68,197,4.214,67.74,93.22
"CID10",2024-07-01,669.5,101.5,"Colina Azul","Polo_4",82.18,75.68,197,4.214,67.74,93.22
"CID10",2024-08-01,618.3,100.5,"Colina Azul","Polo_4",82.18,75.68,197,4.214,67.74,93.22
"CID10",2024-09-01,527.7,102.9,"Colina Azul","Polo_4",82.18,75.68,197,4.214,67.74,93.22
"CID10",2024-10-01,530.2,102.6,"Colina Azul","Polo_4",82.18,75.68,197,4.214,67.74,93.22
"CID10",2024-11-01,507,104.4,"Colina Azul","Polo_4",82.18,75.68,197,4.214,67.74,93.22
"CID10",2024-12-01,458.3,105.2,"Colina Azul","Polo_4",82.18,75.68,197,4.214,67.74,93.22
"CID10",2025-01-01,479.4,109.6,"Colina Azul","Polo_4",82.18,75.68,197,4.214,67.74,93.22
"CID10",2025-02-01,509.1,115.9,"Colina Azul","Polo_4",82.18,75.68,197,4.214,67.74,93.22
"CID10",2025-03-01,607.7,105.9,"Colina Azul","Polo_4",82.18,75.68,197,4.214,67.74,93.22
"CID10",2025-04-01,644.5,111.2,"Colina Azul","Polo_4",82.18,75.68,197,4.214,67.74,93.22
"CID10",2025-05-01,702.3,107,"Colina Azul","Polo_4",82.18,75.68,197,4.214,67.74,93.22
"CID10",2025-06-01,679,107.5,"Colina Azul","Polo_4",82.18,75.68,197,4.214,67.74,93.22
"CID10",2025-07-01,652,103.9,"Colina Azul","Polo_4",82.18,75.68,197,4.214,67.74,93.22
"CID10",2025-08-01,654.5,98.3,"Colina Azul","Polo_4",82.18,75.68,197,4.214,67.74,93.22
"CID10",2025-09-01,600.5,101.4,"Colina Azul","Polo_4",82.18,75.68,197,4.214,67.74,93.22
"CID10",2025-10-01,516,102.8,"Colina Azul","Polo_4",82.18,75.68,197,4.214,67.74,93.22
"CID10",2025-11-01,462.8,106.5,"Colina Azul","Polo_4",82.18,75.68,197,4.214,67.74,93.22
"CID10",2025-12-01,464.3,109.4,"Colina Azul","Polo_4",82.18,75.68,197,4.214,67.74,93.22
"CID11",2019-01-01,103.5,104.9,"Vista Alegre","Polo_5",34.8,47.5,29,3.888,58.2,75.22
"CID11",2019-02-01,111.5,109.4,"Vista Alegre","Polo_5",34.8,47.5,29,3.888,58.2,75.22
"CID11",2019-03-01,127.2,103.1,"Vista Alegre","Polo_5",34.8,47.5,29,3.888,58.2,75.22
"CID11",2019-04-01,130,105,"Vista Alegre","Polo_5",34.8,47.5,29,3.888,58.2,75.22
"CID11",2019-05-01,133.2,100.8,"Vista Alegre","Polo_5",34.8,47.5,29,3.888,58.2,75.22
"CID11",2019-06-01,127.5,95.3,"Vista Alegre","Polo_5",34.8,47.5,29,3.888,58.2,75.22
"CID11",2019-07-01,129.8,93.3,"Vista Alegre","Polo_5",34.8,47.5,29,3.888,58.2,75.22
"CID11",2019-08-01,113.7,93.9,"Vista Alegre","Polo_5",34.8,47.5,29,3.888,58.2,75.22
"CID11",2019-09-01,98,97.3,"Vista Alegre","Polo_5",34.8,47.5,29,3.888,58.2,75.22
"CID11",2019-10-01,88.5,100,"Vista Alegre","Polo_5",34.8,47.5,29,3.888,58.2,75.22
"CID11",2019-11-01,91.1,96.5,"Vista Alegre","Polo_5",34.8,47.5,29,3.888,58.2,75.22
"CID11",2019-12-01,93.5,98.8,"Vista Alegre","Polo_5",34.8,47.5,29,3.888,58.2,75.22
"CID11",2020-01-01,107.4,106.9,"Vista Alegre","Polo_5",34.8,47.5,29,3.888,58.2,75.22
"CID11",2020-02-01,112.6,113.7,"Vista Alegre","Polo_5",34.8,47.5,29,3.888,58.2,75.22
"CID11",2020-03-01,126.8,105,"Vista Alegre","Polo_5",34.8,47.5,29,3.888,58.2,75.22
"CID11",2020-04-01,136.8,106.2,"Vista Alegre","Polo_5",34.8,47.5,29,3.888,58.2,75.22
"CID11",2020-05-01,139.6,107,"Vista Alegre","Polo_5",34.8,47.5,29,3.888,58.2,75.22
"CID11",2020-06-01,139.3,99.2,"Vista Alegre","Polo_5",34.8,47.5,29,3.888,58.2,75.22
"CID11",2020-07-01,128.2,97.5,"Vista Alegre","Polo_5",34.8,47.5,29,3.888,58.2,75.22
"CID11",2020-08-01,116.3,96.1,"Vista Alegre","Polo_5",34.8,47.5,29,3.888,58.2,75.22
"CID11",2020-09-01,105.2,96.4,"Vista Alegre","Polo_5",34.8,47.5,29,3.888,58.2,75.22
"CID11",2020-10-01,96.8,100.1,"Vista Alegre","Polo_5",34.8,47.5,29,3.888,58.2,75.22
"CID11",2020-11-01,97.7,102.4,"Vista Alegre","Polo_5",34.8,47.5,29,3.888,58.2,75.22
"CID11",2020-12-01,98.7,108.5,"Vista Alegre","Polo_5",34.8,47.5,29,3.888,58.2,75.22
"CID11",2021-01-01,111.4,105.2,"Vista Alegre","Polo_5",34.8,47.5,29,3.888,58.2,75.22
"CID11",2021-02-01,111.7,106.7,"Vista Alegre","Polo_5",34.8,47.5,29,3.888,58.2,75.22
"CID11",2021-03-01,128.6,106.7,"Vista Alegre","Polo_5",34.8,47.5,29,3.888,58.2,75.22
"CID11",2021-04-01,127,111.8,"Vista Alegre","Polo_5",34.8,47.5,29,3.888,58.2,75.22
"CID11",2021-05-01,137.8,103.9,"Vista Alegre","Polo_5",34.8,47.5,29,3.888,58.2,75.22
"CID11",2021-06-01,133.2,107.5,"Vista Alegre","Polo_5",34.8,47.5,29,3.888,58.2,75.22
"CID11",2021-07-01,124.5,94.8,"Vista Alegre","Polo_5",34.8,47.5,29,3.888,58.2,75.22
"CID11",2021-08-01,113,97.4,"Vista Alegre","Polo_5",34.8,47.5,29,3.888,58.2,75.22
"CID11",2021-09-01,118.2,99.2,"Vista Alegre","Polo_5",34.8,47.5,29,3.888,58.2,75.22
"CID11",2021-10-01,100.7,101,"Vista Alegre","Polo_5",34.8,47.5,29,3.888,58.2,75.22
"CID11",2021-11-01,99,94.3,"Vista Alegre","Polo_5",34.8,47.5,29,3.888,58.2,75.22
"CID11",2021-12-01,103.3,103.4,"Vista Alegre","Polo_5",34.8,47.5,29,3.888,58.2,75.22
"CID11",2022-01-01,111.1,102.7,"Vista Alegre","Polo_5",34.8,47.5,29,3.888,58.2,75.22
"CID11",2022-02-01,118.6,111.9,"Vista Alegre","Polo_5",34.8,47.5,29,3.888,58.2,75.22
"CID11",2022-03-01,132,108.6,"Vista Alegre","Polo_5",34.8,47.5,29,3.888,58.2,75.22
"CID11",2022-04-01,133.9,106.2,"Vista Alegre","Polo_5",34.8,47.5,29,3.888,58.2,75.22
"CID11",2022-05-01,145.9,100.6,"Vista Alegre","Polo_5",34.8,47.5,29,3.888,58.2,75.22
"CID11",2022-06-01,136.3,97.6,"Vista Alegre","Polo_5",34.8,47.5,29,3.888,58.2,75.22
"CID11",2022-07-01,127.8,94.8,"Vista Alegre","Polo_5",34.8,47.5,29,3.888,58.2,75.22
"CID11",2022-08-01,122.7,95.8,"Vista Alegre","Polo_5",34.8,47.5,29,3.888,58.2,75.22
"CID11",2022-09-01,111.7,97.5,"Vista Alegre","Polo_5",34.8,47.5,29,3.888,58.2,75.22
"CID11",2022-10-01,101.2,99.2,"Vista Alegre","Polo_5",34.8,47.5,29,3.888,58.2,75.22
"CID11",2022-11-01,94.2,107.8,"Vista Alegre","Polo_5",34.8,47.5,29,3.888,58.2,75.22
"CID11",2022-12-01,100.7,100.1,"Vista Alegre","Polo_5",34.8,47.5,29,3.888,58.2,75.22
"CID11",2023-01-01,96.4,107.7,"Vista Alegre","Polo_5",34.8,47.5,29,3.888,58.2,75.22
"CID11",2023-02-01,118.3,109.9,"Vista Alegre","Polo_5",34.8,47.5,29,3.888,58.2,75.22
"CID11",2023-03-01,132.8,111,"Vista Alegre","Polo_5",34.8,47.5,29,3.888,58.2,75.22
"CID11",2023-04-01,145.3,111.3,"Vista Alegre","Polo_5",34.8,47.5,29,3.888,58.2,75.22
"CID11",2023-05-01,150.4,106.2,"Vista Alegre","Polo_5",34.8,47.5,29,3.888,58.2,75.22
"CID11",2023-06-01,142.6,106.5,"Vista Alegre","Polo_5",34.8,47.5,29,3.888,58.2,75.22
"CID11",2023-07-01,132.1,98.6,"Vista Alegre","Polo_5",34.8,47.5,29,3.888,58.2,75.22
"CID11",2023-08-01,124.6,101.1,"Vista Alegre","Polo_5",34.8,47.5,29,3.888,58.2,75.22
"CID11",2023-09-01,116.4,100.3,"Vista Alegre","Polo_5",34.8,47.5,29,3.888,58.2,75.22
"CID11",2023-10-01,99.4,106.7,"Vista Alegre","Polo_5",34.8,47.5,29,3.888,58.2,75.22
"CID11",2023-11-01,91.5,98.8,"Vista Alegre","Polo_5",34.8,47.5,29,3.888,58.2,75.22
"CID11",2023-12-01,101.5,113.5,"Vista Alegre","Polo_5",34.8,47.5,29,3.888,58.2,75.22
"CID11",2024-01-01,110.9,111.9,"Vista Alegre","Polo_5",34.8,47.5,29,3.888,58.2,75.22
"CID11",2024-02-01,127.7,107.1,"Vista Alegre","Polo_5",34.8,47.5,29,3.888,58.2,75.22
"CID11",2024-03-01,127.7,108.2,"Vista Alegre","Polo_5",34.8,47.5,29,3.888,58.2,75.22
"CID11",2024-04-01,137.6,104.9,"Vista Alegre","Polo_5",34.8,47.5,29,3.888,58.2,75.22
"CID11",2024-05-01,145.6,104,"Vista Alegre","Polo_5",34.8,47.5,29,3.888,58.2,75.22
"CID11",2024-06-01,147.8,102.8,"Vista Alegre","Polo_5",34.8,47.5,29,3.888,58.2,75.22
"CID11",2024-07-01,128.5,97.9,"Vista Alegre","Polo_5",34.8,47.5,29,3.888,58.2,75.22
"CID11",2024-08-01,121.3,102.4,"Vista Alegre","Polo_5",34.8,47.5,29,3.888,58.2,75.22
"CID11",2024-09-01,110.3,103.4,"Vista Alegre","Polo_5",34.8,47.5,29,3.888,58.2,75.22
"CID11",2024-10-01,103.3,101.6,"Vista Alegre","Polo_5",34.8,47.5,29,3.888,58.2,75.22
"CID11",2024-11-01,96.2,104.5,"Vista Alegre","Polo_5",34.8,47.5,29,3.888,58.2,75.22
"CID11",2024-12-01,98.1,104.7,"Vista Alegre","Polo_5",34.8,47.5,29,3.888,58.2,75.22
"CID11",2025-01-01,113.3,111.4,"Vista Alegre","Polo_5",34.8,47.5,29,3.888,58.2,75.22
"CID11",2025-02-01,116.3,111.4,"Vista Alegre","Polo_5",34.8,47.5,29,3.888,58.2,75.22
"CID11",2025-03-01,133.5,106.3,"Vista Alegre","Polo_5",34.8,47.5,29,3.888,58.2,75.22
"CID11",2025-04-01,138.5,111,"Vista Alegre","Polo_5",34.8,47.5,29,3.888,58.2,75.22
"CID11",2025-05-01,145.4,108,"Vista Alegre","Polo_5",34.8,47.5,29,3.888,58.2,75.22
"CID11",2025-06-01,142.2,104.4,"Vista Alegre","Polo_5",34.8,47.5,29,3.888,58.2,75.22
"CID11",2025-07-01,128.7,104.7,"Vista Alegre","Polo_5",34.8,47.5,29,3.888,58.2,75.22
"CID11",2025-08-01,123.1,96.9,"Vista Alegre","Polo_5",34.8,47.5,29,3.888,58.2,75.22
"CID11",2025-09-01,113.1,105.4,"Vista Alegre","Polo_5",34.8,47.5,29,3.888,58.2,75.22
"CID11",2025-10-01,99.1,102,"Vista Alegre","Polo_5",34.8,47.5,29,3.888,58.2,75.22
"CID11",2025-11-01,112,105.1,"Vista Alegre","Polo_5",34.8,47.5,29,3.888,58.2,75.22
"CID11",2025-12-01,108.3,107.8,"Vista Alegre","Polo_5",34.8,47.5,29,3.888,58.2,75.22
"CID12",2019-01-01,110.7,103.2,"Barra Longa","Polo_4",86.48,85.48,30,4.213,59.67,90.61
"CID12",2019-02-01,127.8,106.9,"Barra Longa","Polo_4",86.48,85.48,30,4.213,59.67,90.61
"CID12",2019-03-01,142.3,104.6,"Barra Longa","Polo_4",86.48,85.48,30,4.213,59.67,90.61
"CID12",2019-04-01,148.4,102.7,"Barra Longa","Polo_4",86.48,85.48,30,4.213,59.67,90.61
"CID12",2019-05-01,157.5,98.9,"Barra Longa","Polo_4",86.48,85.48,30,4.213,59.67,90.61
"CID12",2019-06-01,154.6,98,"Barra Longa","Polo_4",86.48,85.48,30,4.213,59.67,90.61
"CID12",2019-07-01,154.9,93.6,"Barra Longa","Polo_4",86.48,85.48,30,4.213,59.67,90.61
"CID12",2019-08-01,139,94.2,"Barra Longa","Polo_4",86.48,85.48,30,4.213,59.67,90.61
"CID12",2019-09-01,118.9,97.5,"Barra Longa","Polo_4",86.48,85.48,30,4.213,59.67,90.61
"CID12",2019-10-01,139.6,96.9,"Barra Longa","Polo_4",86.48,85.48,30,4.213,59.67,90.61
"CID12",2019-11-01,115.8,96.9,"Barra Longa","Polo_4",86.48,85.48,30,4.213,59.67,90.61
"CID12",2019-12-01,118.3,100.3,"Barra Longa","Polo_4",86.48,85.48,30,4.213,59.67,90.61
"CID12",2020-01-01,108.4,105.7,"Barra Longa","Polo_4",86.48,85.48,30,4.213,59.67,90.61
"CID12",2020-02-01,124.9,112.5,"Barra Longa","Polo_4",86.48,85.48,30,4.213,59.67,90.61
"CID12",2020-03-01,135.3,106.3,"Barra Longa","Polo_4",86.48,85.48,30,4.213,59.67,90.61
"CID12",2020-04-01,154,110.1,"Barra Longa","Polo_4",86.48,85.48,30,4.213,59.67,90.61
"CID12",2020-05-01,154.6,102,"Barra Longa","Polo_4",86.48,85.48,30,4.213,59.67,90.61
"CID12",2020-06-01,156.2,98.4,"Barra Longa","Polo_4",86.48,85.48,30,4.213,59.67,90.61
"CID12",2020-07-01,150.2,99.5,"Barra Longa","Polo_4",86.48,85.48,30,4.213,59.67,90.61
"CID12",2020-08-01,141.7,99.6,"Barra Longa","Polo_4",86.48,85.48,30,4.213,59.67,90.61
"CID12",2020-09-01,137.7,97.8,"Barra Longa","Polo_4",86.48,85.48,30,4.213,59.67,90.61
"CID12",2020-10-01,132.2,97.4,"Barra Longa","Polo_4",86.48,85.48,30,4.213,59.67,90.61
"CID12",2020-11-01,113.3,103.8,"Barra Longa","Polo_4",86.48,85.48,30,4.213,59.67,90.61
"CID12",2020-12-01,101.9,108.1,"Barra Longa","Polo_4",86.48,85.48,30,4.213,59.67,90.61
"CID12",2021-01-01,119.1,107.4,"Barra Longa","Polo_4",86.48,85.48,30,4.213,59.67,90.61
"CID12",2021-02-01,118.9,105.2,"Barra Longa","Polo_4",86.48,85.48,30,4.213,59.67,90.61
"CID12",2021-03-01,137.9,107.5,"Barra Longa","Polo_4",86.48,85.48,30,4.213,59.67,90.61
"CID12",2021-04-01,145.1,113.2,"Barra Longa","Polo_4",86.48,85.48,30,4.213,59.67,90.61
"CID12",2021-05-01,165.8,101.7,"Barra Longa","Polo_4",86.48,85.48,30,4.213,59.67,90.61
"CID12",2021-06-01,161.6,103.3,"Barra Longa","Polo_4",86.48,85.48,30,4.213,59.67,90.61
"CID12",2021-07-01,162.4,94.3,"Barra Longa","Polo_4",86.48,85.48,30,4.213,59.67,90.61
"CID12",2021-08-01,140,99.2,"Barra Longa","Polo_4",86.48,85.48,30,4.213,59.67,90.61
"CID12",2021-09-01,144.7,100.3,"Barra Longa","Polo_4",86.48,85.48,30,4.213,59.67,90.61
"CID12",2021-10-01,124.4,97.4,"Barra Longa","Polo_4",86.48,85.48,30,4.213,59.67,90.61
"CID12",2021-11-01,119.1,93.6,"Barra Longa","Polo_4",86.48,85.48,30,4.213,59.67,90.61
"CID12",2021-12-01,112.4,100.8,"Barra Longa","Polo_4",86.48,85.48,30,4.213,59.67,90.61
"CID12",2022-01-01,122.7,103.5,"Barra Longa","Polo_4",86.48,85.48,30,4.213,59.67,90.61
"CID12",2022-02-01,134.8,109.4,"Barra Longa","Polo_4",86.48,85.48,30,4.213,59.67,90.61
"CID12",2022-03-01,146.3,103.7,"Barra Longa","Polo_4",86.48,85.48,30,4.213,59.67,90.61
"CID12",2022-04-01,150.1,106.6,"Barra Longa","Polo_4",86.48,85.48,30,4.213,59.67,90.61
"CID12",2022-05-01,163.3,102.7,"Barra Longa","Polo_4",86.48,85.48,30,4.213,59.67,90.61
"CID12",2022-06-01,168.9,99.7,"Barra Longa","Polo_4",86.48,85.48,30,4.213,59.67,90.61
"CID12",2022-07-01,151.1,95.2,"Barra Longa","Polo_4",86.48,85.48,30,4.213,59.67,90.61
"CID12",2022-08-01,156.7,100.1,"Barra Longa","Polo_4",86.48,85.48,30,4.213,59.67,90.61
"CID12",2022-09-01,141.7,97.8,"Barra Longa","Polo_4",86.48,85.48,30,4.213,59.67,90.61
"CID12",2022-10-01,123.4,98.5,"Barra Longa","Polo_4",86.48,85.48,30,4.213,59.67,90.61
"CID12",2022-11-01,111.3,109.2,"Barra Longa","Polo_4",86.48,85.48,30,4.213,59.67,90.61
"CID12",2022-12-01,110.9,102.6,"Barra Longa","Polo_4",86.48,85.48,30,4.213,59.67,90.61
"CID12",2023-01-01,119.8,106.7,"Barra Longa","Polo_4",86.48,85.48,30,4.213,59.67,90.61
"CID12",2023-02-01,139.4,111.6,"Barra Longa","Polo_4",86.48,85.48,30,4.213,59.67,90.61
"CID12",2023-03-01,147.9,110.1,"Barra Longa","Polo_4",86.48,85.48,30,4.213,59.67,90.61
"CID12",2023-04-01,160.3,110.3,"Barra Longa","Polo_4",86.48,85.48,30,4.213,59.67,90.61
"CID12",2023-05-01,161.3,107,"Barra Longa","Polo_4",86.48,85.48,30,4.213,59.67,90.61
"CID12",2023-06-01,178.6,106,"Barra Longa","Polo_4",86.48,85.48,30,4.213,59.67,90.61
"CID12",2023-07-01,160.1,98.4,"Barra Longa","Polo_4",86.48,85.48,30,4.213,59.67,90.61
"CID12",2023-08-01,156,101.4,"Barra Longa","Polo_4",86.48,85.48,30,4.213,59.67,90.61
"CID12",2023-09-01,148.2,100.3,"Barra Longa","Polo_4",86.48,85.48,30,4.213,59.67,90.61
"CID12",2023-10-01,124.8,105.9,"Barra Longa","Polo_4",86.48,85.48,30,4.213,59.67,90.61
"CID12",2023-11-01,114.8,104.4,"Barra Longa","Polo_4",86.48,85.48,30,4.213,59.67,90.61
"CID12",2023-12-01,119.4,111.1,"Barra Longa","Polo_4",86.48,85.48,30,4.213,59.67,90.61
"CID12",2024-01-01,119.8,115,"Barra Longa","Polo_4",86.48,85.48,30,4.213,59.67,90.61
"CID12",2024-02-01,135.1,111.5,"Barra Longa","Polo_4",86.48,85.48,30,4.213,59.67,90.61
"CID12",2024-03-01,153.2,107.3,"Barra Longa","Polo_4",86.48,85.48,30,4.213,59.67,90.61
"CID12",2024-04-01,155.9,104,"Barra Longa","Polo_4",86.48,85.48,30,4.213,59.67,90.61
"CID12",2024-05-01,166.9,103.9,"Barra Longa","Polo_4",86.48,85.48,30,4.213,59.67,90.61
"CID12",2024-06-01,191,104,"Barra Longa","Polo_4",86.48,85.48,30,4.213,59.67,90.61
"CID12",2024-07-01,164.7,99.6,"Barra Longa","Polo_4",86.48,85.48,30,4.213,59.67,90.61
"CID12",2024-08-01,160.7,100.9,"Barra Longa","Polo_4",86.48,85.48,30,4.213,59.67,90.61
"CID12",2024-09-01,149,100.9,"Barra Longa","Polo_4",86.48,85.48,30,4.213,59.67,90.61
"CID12",2024-10-01,138.9,102.9,"Barra Longa","Polo_4",86.48,85.48,30,4.213,59.67,90.61
"CID12",2024-11-01,133.7,104.8,"Barra Longa","Polo_4",86.48,85.48,30,4.213,59.67,90.61
"CID12",2024-12-01,131.7,106.5,"Barra Longa","Polo_4",86.48,85.48,30,4.213,59.67,90.61
"CID12",2025-01-01,128.1,110.6,"Barra Longa","Polo_4",86.48,85.48,30,4.213,59.67,90.61
"CID12",2025-02-01,125.1,114,"Barra Longa","Polo_4",86.48,85.48,30,4.213,59.67,90.61
"CID12",2025-03-01,141,111.2,"Barra Longa","Polo_4",86.48,85.48,30,4.213,59.67,90.61
"CID12",2025-04-01,169.9,111.6,"Barra Longa","Polo_4",86.48,85.48,30,4.213,59.67,90.61
"CID12",2025-05-01,179.7,104.8,"Barra Longa","Polo_4",86.48,85.48,30,4.213,59.67,90.61
"CID12",2025-06-01,176.9,103.4,"Barra Longa","Polo_4",86.48,85.48,30,4.213,59.67,90.61
"CID12",2025-07-01,168.7,104,"Barra Longa","Polo_4",86.48,85.48,30,4.213,59.67,90.61
"CID12",2025-08-01,159.5,96.2,"Barra Longa","Polo_4",86.48,85.48,30,4.213,59.67,90.61
"CID12",2025-09-01,149.6,104,"Barra Longa","Polo_4",86.48,85.48,30,4.213,59.67,90.61
"CID12",2025-10-01,136.5,103.6,"Barra Longa","Polo_4",86.48,85.48,30,4.213,59.67,90.61
"CID12",2025-11-01,128.7,106.3,"Barra Longa","Polo_4",86.48,85.48,30,4.213,59.67,90.61
"CID12",2025-12-01,117.3,107.7,"Barra Longa","Polo_4",86.48,85.48,30,4.213,59.67,90.61
"CID13",2019-01-01,128.8,103.8,"Pinhal Grande","Polo_1",20.48,15.64,45,4.418,63.37,98.35
"CID13",2019-02-01,137.4,106.6,"Pinhal Grande","Polo_1",20.48,15.64,45,4.418,63.37,98.35
"CID13",2019-03-01,154.9,103.8,"Pinhal Grande","Polo_1",20.48,15.64,45,4.418,63.37,98.35
"CID13",2019-04-01,163.9,103.8,"Pinhal Grande","Polo_1",20.48,15.64,45,4.418,63.37,98.35
"CID13",2019-05-01,175.3,98.4,"Pinhal Grande","Polo_1",20.48,15.64,45,4.418,63.37,98.35
"CID13",2019-06-01,168.2,96.9,"Pinhal Grande","Polo_1",20.48,15.64,45,4.418,63.37,98.35
"CID13",2019-07-01,161.2,91.7,"Pinhal Grande","Polo_1",20.48,15.64,45,4.418,63.37,98.35
"CID13",2019-08-01,148.9,96.8,"Pinhal Grande","Polo_1",20.48,15.64,45,4.418,63.37,98.35
"CID13",2019-09-01,135.3,94.3,"Pinhal Grande","Polo_1",20.48,15.64,45,4.418,63.37,98.35
"CID13",2019-10-01,129.9,96.5,"Pinhal Grande","Polo_1",20.48,15.64,45,4.418,63.37,98.35
"CID13",2019-11-01,122.6,99.3,"Pinhal Grande","Polo_1",20.48,15.64,45,4.418,63.37,98.35
"CID13",2019-12-01,134.2,101.9,"Pinhal Grande","Polo_1",20.48,15.64,45,4.418,63.37,98.35
"CID13",2020-01-01,135.5,104.1,"Pinhal Grande","Polo_1",20.48,15.64,45,4.418,63.37,98.35
"CID13",2020-02-01,156,111.1,"Pinhal Grande","Polo_1",20.48,15.64,45,4.418,63.37,98.35
"CID13",2020-03-01,160.5,104.2,"Pinhal Grande","Polo_1",20.48,15.64,45,4.418,63.37,98.35
"CID13",2020-04-01,167.8,108.5,"Pinhal Grande","Polo_1",20.48,15.64,45,4.418,63.37,98.35
"CID13",2020-05-01,175,108.5,"Pinhal Grande","Polo_1",20.48,15.64,45,4.418,63.37,98.35
"CID13",2020-06-01,172.7,97.1,"Pinhal Grande","Polo_1",20.48,15.64,45,4.418,63.37,98.35
"CID13",2020-07-01,165.6,99,"Pinhal Grande","Polo_1",20.48,15.64,45,4.418,63.37,98.35
"CID13",2020-08-01,152.4,96,"Pinhal Grande","Polo_1",20.48,15.64,45,4.418,63.37,98.35
"CID13",2020-09-01,144.8,98.6,"Pinhal Grande","Polo_1",20.48,15.64,45,4.418,63.37,98.35
"CID13",2020-10-01,115.2,98.4,"Pinhal Grande","Polo_1",20.48,15.64,45,4.418,63.37,98.35
"CID13",2020-11-01,115.8,101.9,"Pinhal Grande","Polo_1",20.48,15.64,45,4.418,63.37,98.35
"CID13",2020-12-01,124,105.3,"Pinhal Grande","Polo_1",20.48,15.64,45,4.418,63.37,98.35
"CID13",2021-01-01,133.2,105.8,"Pinhal Grande","Polo_1",20.48,15.64,45,4.418,63.37,98.35
"CID13",2021-02-01,158.1,107,"Pinhal Grande","Polo_1",20.48,15.64,45,4.418,63.37,98.35
"CID13",2021-03-01,162.4,105.9,"Pinhal Grande","Polo_1",20.48,15.64,45,4.418,63.37,98.35
"CID13",2021-04-01,171.6,111.2,"Pinhal Grande","Polo_1",20.48,15.64,45,4.418,63.37,98.35
"CID13",2021-05-01,183.4,102.6,"Pinhal Grande","Polo_1",20.48,15.64,45,4.418,63.37,98.35
"CID13",2021-06-01,177.7,100.3,"Pinhal Grande","Polo_1",20.48,15.64,45,4.418,63.37,98.35
"CID13",2021-07-01,166,95.6,"Pinhal Grande","Polo_1",20.48,15.64,45,4.418,63.37,98.35
"CID13",2021-08-01,149.7,97.3,"Pinhal Grande","Polo_1",20.48,15.64,45,4.418,63.37,98.35
"CID13",2021-09-01,140.3,96.6,"Pinhal Grande","Polo_1",20.48,15.64,45,4.418,63.37,98.35
"CID13",2021-10-01,120.2,100.6,"Pinhal Grande","Polo_1",20.48,15.64,45,4.418,63.37,98.35
"CID13",2021-11-01,130.2,95.2,"Pinhal Grande","Polo_1",20.48,15.64,45,4.418,63.37,98.35
"CID13",2021-12-01,116.4,99.7,"Pinhal Grande","Polo_1",20.48,15.64,45,4.418,63.37,98.35
"CID13",2022-01-01,146.7,106,"Pinhal Grande","Polo_1",20.48,15.64,45,4.418,63.37,98.35
"CID13",2022-02-01,148,109.5,"Pinhal Grande","Polo_1",20.48,15.64,45,4.418,63.37,98.35
"CID13",2022-03-01,167.5,107.1,"Pinhal Grande","Polo_1",20.48,15.64,45,4.418,63.37,98.35
"CID13",2022-04-01,177,108.4,"Pinhal Grande","Polo_1",20.48,15.64,45,4.418,63.37,98.35
"CID13",2022-05-01,180,102.7,"Pinhal Grande","Polo_1",20.48,15.64,45,4.418,63.37,98.35
"CID13",2022-06-01,184.6,98.2,"Pinhal Grande","Polo_1",20.48,15.64,45,4.418,63.37,98.35
"CID13",2022-07-01,168.9,93.1,"Pinhal Grande","Polo_1",20.48,15.64,45,4.418,63.37,98.35
"CID13",2022-08-01,159.7,98.4,"Pinhal Grande","Polo_1",20.48,15.64,45,4.418,63.37,98.35
"CID13",2022-09-01,146.7,99.4,"Pinhal Grande","Polo_1",20.48,15.64,45,4.418,63.37,98.35
"CID13",2022-10-01,131.7,98,"Pinhal Grande","Polo_1",20.48,15.64,45,4.418,63.37,98.35
"CID13",2022-11-01,133.4,105.2,"Pinhal Grande","Polo_1",20.48,15.64,45,4.418,63.37,98.35
"CID13",2022-12-01,133.7,101.7,"Pinhal Grande","Polo_1",20.48,15.64,45,4.418,63.37,98.35
"CID13",2023-01-01,129.8,106,"Pinhal Grande","Polo_1",20.48,15.64,45,4.418,63.37,98.35
"CID13",2023-02-01,159.7,109.3,"Pinhal Grande","Polo_1",20.48,15.64,45,4.418,63.37,98.35
"CID13",2023-03-01,165.1,109.8,"Pinhal Grande","Polo_1",20.48,15.64,45,4.418,63.37,98.35
"CID13",2023-04-01,180.1,107.2,"Pinhal Grande","Polo_1",20.48,15.64,45,4.418,63.37,98.35
"CID13",2023-05-01,184.2,105,"Pinhal Grande","Polo_1",20.48,15.64,45,4.418,63.37,98.35
"CID13",2023-06-01,180.6,105.1,"Pinhal Grande","Polo_1",20.48,15.64,45,4.418,63.37,98.35
"CID13",2023-07-01,171,101.1,"Pinhal Grande","Polo_1",20.48,15.64,45,4.418,63.37,98.35
"CID13",2023-08-01,161.6,100.8,"Pinhal Grande","Polo_1",20.48,15.64,45,4.418,63.37,98.35
"CID13",2023-09-01,145.1,98.9,"Pinhal Grande","Polo_1",20.48,15.64,45,4.418,63.37,98.35
"CID13",2023-10-01,136.6,108.8,"Pinhal Grande","Polo_1",20.48,15.64,45,4.418,63.37,98.35
"CID13",2023-11-01,122.3,103.7,"Pinhal Grande","Polo_1",20.48,15.64,45,4.418,63.37,98.35
"CID13",2023-12-01,136.3,111.6,"Pinhal Grande","Polo_1",20.48,15.64,45,4.418,63.37,98.35
"CID13",2024-01-01,142,115.8,"Pinhal Grande","Polo_1",20.48,15.64,45,4.418,63.37,98.35
"CID13",2024-02-01,147.7,111.5,"Pinhal Grande","Polo_1",20.48,15.64,45,4.418,63.37,98.35
"CID13",2024-03-01,176.2,108,"Pinhal Grande","Polo_1",20.48,15.64,45,4.418,63.37,98.35
"CID13",2024-04-01,177.2,105.9,"Pinhal Grande","Polo_1",20.48,15.64,45,4.418,63.37,98.35
"CID13",2024-05-01,196.6,102,"Pinhal Grande","Polo_1",20.48,15.64,45,4.418,63.37,98.35
"CID13",2024-06-01,178.8,104.2,"Pinhal Grande","Polo_1",20.48,15.64,45,4.418,63.37,98.35
"CID13",2024-07-01,172.1,98.2,"Pinhal Grande","Polo_1",20.48,15.64,45,4.418,63.37,98.35
"CID13",2024-08-01,144.1,100,"Pinhal Grande","Polo_1",20.48,15.64,45,4.418,63.37,98.35
"CID13",2024-09-01,135.6,101.2,"Pinhal Grande","Polo_1",20.48,15.64,45,4.418,63.37,98.35
"CID13",2024-10-01,123.9,104.2,"Pinhal Grande","Polo_1",20.48,15.64,45,4.418,63.37,98.35
"CID13",2024-11-01,125.2,102.5,"Pinhal Grande","Polo_1",20.48,15.64,45,4.418,63.37,98.35
"CID13",2024-12-01,141.4,106,"Pinhal Grande","Polo_1",20.48,15.64,45,4.418,63.37,98.35
"CID13",2025-01-01,143.4,107.2,"Pinhal Grande","Polo_1",20.48,15.64,45,4.418,63.37,98.35
"CID13",2025-02-01,159.9,112.7,"Pinhal Grande","Polo_1",20.48,15.64,45,4.418,63.37,98.35
"CID13",2025-03-01,178.7,109.7,"Pinhal Grande","Polo_1",20.48,15.64,45,4.418,63.37,98.35
"CID13",2025-04-01,181.3,111.7,"Pinhal Grande","Polo_1",20.48,15.64,45,4.418,63.37,98.35
"CID13",2025-05-01,196.7,103.6,"Pinhal Grande","Polo_1",20.48,15.64,45,4.418,63.37,98.35
"CID13",2025-06-01,186.6,105.6,"Pinhal Grande","Polo_1",20.48,15.64,45,4.418,63.37,98.35
"CID13",2025-07-01,177.8,107.2,"Pinhal Grande","Polo_1",20.48,15.64,45,4.418,63.37,98.35
"CID13",2025-08-01,159,94.6,"Pinhal Grande","Polo_1",20.48,15.64,45,4.418,63.37,98.35
"CID13",2025-09-01,140.7,101.7,"Pinhal Grande","Polo_1",20.48,15.64,45,4.418,63.37,98.35
"CID13",2025-10-01,141.7,104.7,"Pinhal Grande","Polo_1",20.48,15.64,45,4.418,63.37,98.35
"CID13",2025-11-01,124.6,106,"Pinhal Grande","Polo_1",20.48,15.64,45,4.418,63.37,98.35
"CID13",2025-12-01,131.1,108.4,"Pinhal Grande","Polo_1",20.48,15.64,45,4.418,63.37,98.35
"CID14",2019-01-01,129.5,105.6,"Estrela do Norte","Polo_2",42.68,67.52,30,2.598,44.13,101.23
"CID14",2019-02-01,151.9,110.5,"Estrela do Norte","Polo_2",42.68,67.52,30,2.598,44.13,101.23
"CID14",2019-03-01,162.4,107.2,"Estrela do Norte","Polo_2",42.68,67.52,30,2.598,44.13,101.23
"CID14",2019-04-01,183.6,105.8,"Estrela do Norte","Polo_2",42.68,67.52,30,2.598,44.13,101.23
"CID14",2019-05-01,167.3,99.8,"Estrela do Norte","Polo_2",42.68,67.52,30,2.598,44.13,101.23
"CID14",2019-06-01,175.6,96.4,"Estrela do Norte","Polo_2",42.68,67.52,30,2.598,44.13,101.23
"CID14",2019-07-01,156.1,93.6,"Estrela do Norte","Polo_2",42.68,67.52,30,2.598,44.13,101.23
"CID14",2019-08-01,147.5,94.7,"Estrela do Norte","Polo_2",42.68,67.52,30,2.598,44.13,101.23
"CID14",2019-09-01,128.7,94.1,"Estrela do Norte","Polo_2",42.68,67.52,30,2.598,44.13,101.23
"CID14",2019-10-01,123.4,95.9,"Estrela do Norte","Polo_2",42.68,67.52,30,2.598,44.13,101.23
"CID14",2019-11-01,120,95.8,"Estrela do Norte","Polo_2",42.68,67.52,30,2.598,44.13,101.23
"CID14",2019-12-01,127.1,98.5,"Estrela do Norte","Polo_2",42.68,67.52,30,2.598,44.13,101.23
"CID14",2020-01-01,144,105.7,"Estrela do Norte","Polo_2",42.68,67.52,30,2.598,44.13,101.23
"CID14",2020-02-01,151.3,113.2,"Estrela do Norte","Polo_2",42.68,67.52,30,2.598,44.13,101.23
"CID14",2020-03-01,166.1,105.7,"Estrela do Norte","Polo_2",42.68,67.52,30,2.598,44.13,101.23
"CID14",2020-04-01,180.8,108.8,"Estrela do Norte","Polo_2",42.68,67.52,30,2.598,44.13,101.23
"CID14",2020-05-01,179.5,107.2,"Estrela do Norte","Polo_2",42.68,67.52,30,2.598,44.13,101.23
"CID14",2020-06-01,168.6,100.1,"Estrela do Norte","Polo_2",42.68,67.52,30,2.598,44.13,101.23
"CID14",2020-07-01,172.8,101.5,"Estrela do Norte","Polo_2",42.68,67.52,30,2.598,44.13,101.23
"CID14",2020-08-01,153.5,96.4,"Estrela do Norte","Polo_2",42.68,67.52,30,2.598,44.13,101.23
"CID14",2020-09-01,132.5,100.6,"Estrela do Norte","Polo_2",42.68,67.52,30,2.598,44.13,101.23
"CID14",2020-10-01,123.6,97.4,"Estrela do Norte","Polo_2",42.68,67.52,30,2.598,44.13,101.23
"CID14",2020-11-01,124.4,101.1,"Estrela do Norte","Polo_2",42.68,67.52,30,2.598,44.13,101.23
"CID14",2020-12-01,134.3,106.7,"Estrela do Norte","Polo_2",42.68,67.52,30,2.598,44.13,101.23
"CID14",2021-01-01,145.3,106.8,"Estrela do Norte","Polo_2",42.68,67.52,30,2.598,44.13,101.23
"CID14",2021-02-01,164,105.7,"Estrela do Norte","Polo_2",42.68,67.52,30,2.598,44.13,101.23
"CID14",2021-03-01,169.6,108.7,"Estrela do Norte","Polo_2",42.68,67.52,30,2.598,44.13,101.23
"CID14",2021-04-01,185.4,110.1,"Estrela do Norte","Polo_2",42.68,67.52,30,2.598,44.13,101.23
"CID14",2021-05-01,188,103.7,"Estrela do Norte","Polo_2",42.68,67.52,30,2.598,44.13,101.23
"CID14",2021-06-01,171.5,103.5,"Estrela do Norte","Polo_2",42.68,67.52,30,2.598,44.13,101.23
"CID14",2021-07-01,165.4,95,"Estrela do Norte","Polo_2",42.68,67.52,30,2.598,44.13,101.23
"CID14",2021-08-01,153.4,98,"Estrela do Norte","Polo_2",42.68,67.52,30,2.598,44.13,101.23
"CID14",2021-09-01,131.2,98.2,"Estrela do Norte","Polo_2",42.68,67.52,30,2.598,44.13,101.23
"CID14",2021-10-01,137.9,100.6,"Estrela do Norte","Polo_2",42.68,67.52,30,2.598,44.13,101.23
"CID14",2021-11-01,124.5,96.1,"Estrela do Norte","Polo_2",42.68,67.52,30,2.598,44.13,101.23
"CID14",2021-12-01,128.5,102.4,"Estrela do Norte","Polo_2",42.68,67.52,30,2.598,44.13,101.23
"CID14",2022-01-01,148.6,103.9,"Estrela do Norte","Polo_2",42.68,67.52,30,2.598,44.13,101.23
"CID14",2022-02-01,160.5,110.4,"Estrela do Norte","Polo_2",42.68,67.52,30,2.598,44.13,101.23
"CID14",2022-03-01,160.9,108.5,"Estrela do Norte","Polo_2",42.68,67.52,30,2.598,44.13,101.23
"CID14",2022-04-01,182,105.4,"Estrela do Norte","Polo_2",42.68,67.52,30,2.598,44.13,101.23
"CID14",2022-05-01,184.3,104.8,"Estrela do Norte","Polo_2",42.68,67.52,30,2.598,44.13,101.23
"CID14",2022-06-01,174.2,100.9,"Estrela do Norte","Polo_2",42.68,67.52,30,2.598,44.13,101.23
"CID14",2022-07-01,172.5,97.3,"Estrela do Norte","Polo_2",42.68,67.52,30,2.598,44.13,101.23
"CID14",2022-08-01,158.5,97.5,"Estrela do Norte","Polo_2",42.68,67.52,30,2.598,44.13,101.23
"CID14",2022-09-01,144.5,96.4,"Estrela do Norte","Polo_2",42.68,67.52,30,2.598,44.13,101.23
"CID14",2022-10-01,134.6,98.4,"Estrela do Norte","Polo_2",42.68,67.52,30,2.598,44.13,101.23
"CID14",2022-11-01,140.6,106,"Estrela do Norte","Polo_2",42.68,67.52,30,2.598,44.13,101.23
"CID14",2022-12-01,130.9,101.5,"Estrela do Norte","Polo_2",42.68,67.52,30,2.598,44.13,101.23
"CID14",2023-01-01,145.6,109.1,"Estrela do Norte","Polo_2",42.68,67.52,30,2.598,44.13,101.23
"CID14",2023-02-01,166.6,110.5,"Estrela do Norte","Polo_2",42.68,67.52,30,2.598,44.13,101.23
"CID14",2023-03-01,172.8,111.7,"Estrela do Norte","Polo_2",42.68,67.52,30,2.598,44.13,101.23
"CID14",2023-04-01,198,108.6,"Estrela do Norte","Polo_2",42.68,67.52,30,2.598,44.13,101.23
"CID14",2023-05-01,190.6,105.8,"Estrela do Norte","Polo_2",42.68,67.52,30,2.598,44.13,101.23
"CID14",2023-06-01,183.3,104.2,"Estrela do Norte","Polo_2",42.68,67.52,30,2.598,44.13,101.23
"CID14",2023-07-01,167.4,100.4,"Estrela do Norte","Polo_2",42.68,67.52,30,2.598,44.13,101.23
"CID14",2023-08-01,156.1,101.6,"Estrela do Norte","Polo_2",42.68,67.52,30,2.598,44.13,101.23
"CID14",2023-09-01,146.4,99.6,"Estrela do Norte","Polo_2",42.68,67.52,30,2.598,44.13,101.23
"CID14",2023-10-01,129.6,108.8,"Estrela do Norte","Polo_2",42.68,67.52,30,2.598,44.13,101.23
"CID14",2023-11-01,142,101.6,"Estrela do Norte","Polo_2",42.68,67.52,30,2.598,44.13,101.23
"CID14",2023-12-01,142.4,113.3,"Estrela do Norte","Polo_2",42.68,67.52,30,2.598,44.13,101.23
"CID14",2024-01-01,148.5,116.3,"Estrela do Norte","Polo_2",42.68,67.52,30,2.598,44.13,101.23
"CID14",2024-02-01,155.1,111.5,"Estrela do Norte","Polo_2",42.68,67.52,30,2.598,44.13,101.23
"CID14",2024-03-01,164.9,109.5,"Estrela do Norte","Polo_2",42.68,67.52,30,2.598,44.13,101.23
"CID14",2024-04-01,177.6,103.3,"Estrela do Norte","Polo_2",42.68,67.52,30,2.598,44.13,101.23
"CID14",2024-05-01,189.8,105.4,"Estrela do Norte","Polo_2",42.68,67.52,30,2.598,44.13,101.23
"CID14",2024-06-01,180.5,103.4,"Estrela do Norte","Polo_2",42.68,67.52,30,2.598,44.13,101.23
"CID14",2024-07-01,169.9,99.9,"Estrela do Norte","Polo_2",42.68,67.52,30,2.598,44.13,101.23
"CID14",2024-08-01,164.3,98.8,"Estrela do Norte","Polo_2",42.68,67.52,30,2.598,44.13,101.23
"CID14",2024-09-01,137.6,103.3,"Estrela do Norte","Polo_2",42.68,67.52,30,2.598,44.13,101.23
"CID14",2024-10-01,132.4,101.1,"Estrela do Norte","Polo_2",42.68,67.52,30,2.598,44.13,101.23
"CID14",2024-11-01,142.3,101.3,"Estrela do Norte","Polo_2",42.68,67.52,30,2.598,44.13,101.23
"CID14",2024-12-01,126.2,106.2,"Estrela do Norte","Polo_2",42.68,67.52,30,2.598,44.13,101.23
"CID14",2025-01-01,151.6,106.9,"Estrela do Norte","Polo_2",42.68,67.52,30,2.598,44.13,101.23
"CID14",2025-02-01,174.7,112.4,"Estrela do Norte","Polo_2",42.68,67.52,30,2.598,44.13,101.23
"CID14",2025-03-01,186.3,107.7,"Estrela do Norte","Polo_2",42.68,67.52,30,2.598,44.13,101.23
"CID14",2025-04-01,189.2,112.5,"Estrela do Norte","Polo_2",42.68,67.52,30,2.598,44.13,101.23
"CID14",2025-05-01,193,106.1,"Estrela do Norte","Polo_2",42.68,67.52,30,2.598,44.13,101.23
"CID14",2025-06-01,181.4,106.3,"Estrela do Norte","Polo_2",42.68,67.52,30,2.598,44.13,101.23
"CID14",2025-07-01,173.6,104.2,"Estrela do Norte","Polo_2",42.68,67.52,30,2.598,44.13,101.23
"CID14",2025-08-01,172.6,97.3,"Estrela do Norte","Polo_2",42.68,67.52,30,2.598,44.13,101.23
"CID14",2025-09-01,144.4,103.4,"Estrela do Norte","Polo_2",42.68,67.52,30,2.598,44.13,101.23
"CID14",2025-10-01,145.2,102.5,"Estrela do Norte","Polo_2",42.68,67.52,30,2.598,44.13,101.23
"CID14",2025-11-01,143.1,105.9,"Estrela do Norte","Polo_2",42.68,67.52,30,2.598,44.13,101.23
"CID14",2025-12-01,137.5,110.8,"Estrela do Norte","Polo_2",42.68,67.52,30,2.598,44.13,101.23
"CID15",2019-01-01,305.2,103.5,"Lagoa Bonita","Polo_5",35.87,52.2,102,4.229,67.51,102.14
"CID15",2019-02-01,316,107.7,"Lagoa Bonita","Polo_5",35.87,52.2,102,4.229,67.51,102.14
"CID15",2019-03-01,329.5,103,"Lagoa Bonita","Polo_5",35.87,52.2,102,4.229,67.51,102.14
"CID15",2019-04-01,320.9,104.5,"Lagoa Bonita","Polo_5",35.87,52.2,102,4.229,67.51,102.14
"CID15",2019-05-01,358.9,101.7,"Lagoa Bonita","Polo_5",35.87,52.2,102,4.229,67.51,102.14
"CID15",2019-06-01,352.9,96.8,"Lagoa Bonita","Polo_5",35.87,52.2,102,4.229,67.51,102.14
"CID15",2019-07-01,315.2,92,"Lagoa Bonita","Polo_5",35.87,52.2,102,4.229,67.51,102.14
"CID15",2019-08-01,306.8,94.7,"Lagoa Bonita","Polo_5",35.87,52.2,102,4.229,67.51,102.14
"CID15",2019-09-01,262.2,93.1,"Lagoa Bonita","Polo_5",35.87,52.2,102,4.229,67.51,102.14
"CID15",2019-10-01,249.4,94.2,"Lagoa Bonita","Polo_5",35.87,52.2,102,4.229,67.51,102.14
"CID15",2019-11-01,270.6,98,"Lagoa Bonita","Polo_5",35.87,52.2,102,4.229,67.51,102.14
"CID15",2019-12-01,260.9,101.3,"Lagoa Bonita","Polo_5",35.87,52.2,102,4.229,67.51,102.14
"CID15",2020-01-01,293.3,106.7,"Lagoa Bonita","Polo_5",35.87,52.2,102,4.229,67.51,102.14
"CID15",2020-02-01,337.7,112.4,"Lagoa Bonita","Polo_5",35.87,52.2,102,4.229,67.51,102.14
"CID15",2020-03-01,344.7,105.2,"Lagoa Bonita","Polo_5",35.87,52.2,102,4.229,67.51,102.14
"CID15",2020-04-01,374.7,107,"Lagoa Bonita","Polo_5",35.87,52.2,102,4.229,67.51,102.14
"CID15",2020-05-01,379.7,106.1,"Lagoa Bonita","Polo_5",35.87,52.2,102,4.229,67.51,102.14
"CID15",2020-06-01,377.5,97.8,"Lagoa Bonita","Polo_5",35.87,52.2,102,4.229,67.51,102.14
"CID15",2020-07-01,309.4,100.7,"Lagoa Bonita","Polo_5",35.87,52.2,102,4.229,67.51,102.14
"CID15",2020-08-01,309.7,101.8,"Lagoa Bonita","Polo_5",35.87,52.2,102,4.229,67.51,102.14
"CID15",2020-09-01,307.5,97.4,"Lagoa Bonita","Polo_5",35.87,52.2,102,4.229,67.51,102.14
"CID15",2020-10-01,275.5,99.7,"Lagoa Bonita","Polo_5",35.87,52.2,102,4.229,67.51,102.14
"CID15",2020-11-01,267.3,100.1,"Lagoa Bonita","Polo_5",35.87,52.2,102,4.229,67.51,102.14
"CID15",2020-12-01,260.6,110.7,"Lagoa Bonita","Polo_5",35.87,52.2,102,4.229,67.51,102.14
"CID15",2021-01-01,306,109.1,"Lagoa Bonita","Polo_5",35.87,52.2,102,4.229,67.51,102.14
"CID15",2021-02-01,348.9,107.7,"Lagoa Bonita","Polo_5",35.87,52.2,102,4.229,67.51,102.14
"CID15",2021-03-01,354.9,106.5,"Lagoa Bonita","Polo_5",35.87,52.2,102,4.229,67.51,102.14
"CID15",2021-04-01,387.5,110.9,"Lagoa Bonita","Polo_5",35.87,52.2,102,4.229,67.51,102.14
"CID15",2021-05-01,387,101.9,"Lagoa Bonita","Polo_5",35.87,52.2,102,4.229,67.51,102.14
"CID15",2021-06-01,369.3,105.6,"Lagoa Bonita","Polo_5",35.87,52.2,102,4.229,67.51,102.14
"CID15",2021-07-01,348.7,93.7,"Lagoa Bonita","Polo_5",35.87,52.2,102,4.229,67.51,102.14
"CID15",2021-08-01,329.1,99.4,"Lagoa Bonita","Polo_5",35.87,52.2,102,4.229,67.51,102.14
"CID15",2021-09-01,285.6,96.8,"Lagoa Bonita","Polo_5",35.87,52.2,102,4.229,67.51,102.14
"CID15",2021-10-01,267.1,101,"Lagoa Bonita","Polo_5",35.87,52.2,102,4.229,67.51,102.14
"CID15",2021-11-01,247.9,96.1,"Lagoa Bonita","Polo_5",35.87,52.2,102,4.229,67.51,102.14
"CID15",2021-12-01,295.9,103.9,"Lagoa Bonita","Polo_5",35.87,52.2,102,4.229,67.51,102.14
"CID15",2022-01-01,318,101.4,"Lagoa Bonita","Polo_5",35.87,52.2,102,4.229,67.51,102.14
"CID15",2022-02-01,334.9,109.2,"Lagoa Bonita","Polo_5",35.87,52.2,102,4.229,67.51,102.14
"CID15",2022-03-01,379.1,106.1,"Lagoa Bonita","Polo_5",35.87,52.2,102,4.229,67.51,102.14
"CID15",2022-04-01,385.5,107.4,"Lagoa Bonita","Polo_5",35.87,52.2,102,4.229,67.51,102.14
"CID15",2022-05-01,388.8,104.3,"Lagoa Bonita","Polo_5",35.87,52.2,102,4.229,67.51,102.14
"CID15",2022-06-01,390.9,98.8,"Lagoa Bonita","Polo_5",35.87,52.2,102,4.229,67.51,102.14
"CID15",2022-07-01,376.9,92.6,"Lagoa Bonita","Polo_5",35.87,52.2,102,4.229,67.51,102.14
"CID15",2022-08-01,340,99.9,"Lagoa Bonita","Polo_5",35.87,52.2,102,4.229,67.51,102.14
"CID15",2022-09-01,302.8,98.2,"Lagoa Bonita","Polo_5",35.87,52.2,102,4.229,67.51,102.14
"CID15",2022-10-01,284.1,98.9,"Lagoa Bonita","Polo_5",35.87,52.2,102,4.229,67.51,102.14
"CID15",2022-11-01,289.4,105.8,"Lagoa Bonita","Polo_5",35.87,52.2,102,4.229,67.51,102.14
"CID15",2022-12-01,292.3,100.8,"Lagoa Bonita","Polo_5",35.87,52.2,102,4.229,67.51,102.14
"CID15",2023-01-01,329.1,107.7,"Lagoa Bonita","Polo_5",35.87,52.2,102,4.229,67.51,102.14
"CID15",2023-02-01,350.7,111.1,"Lagoa Bonita","Polo_5",35.87,52.2,102,4.229,67.51,102.14
"CID15",2023-03-01,394.2,111.3,"Lagoa Bonita","Polo_5",35.87,52.2,102,4.229,67.51,102.14
"CID15",2023-04-01,399.3,109,"Lagoa Bonita","Polo_5",35.87,52.2,102,4.229,67.51,102.14
"CID15",2023-05-01,423.8,104.9,"Lagoa Bonita","Polo_5",35.87,52.2,102,4.229,67.51,102.14
"CID15",2023-06-01,385.7,105,"Lagoa Bonita","Polo_5",35.87,52.2,102,4.229,67.51,102.14
"CID15",2023-07-01,370.9,99.6,"Lagoa Bonita","Polo_5",35.87,52.2,102,4.229,67.51,102.14
"CID15",2023-08-01,346.2,99.9,"Lagoa Bonita","Polo_5",35.87,52.2,102,4.229,67.51,102.14
"CID15",2023-09-01,308.1,99.1,"Lagoa Bonita","Polo_5",35.87,52.2,102,4.229,67.51,102.14
"CID15",2023-10-01,295.5,108.2,"Lagoa Bonita","Polo_5",35.87,52.2,102,4.229,67.51,102.14
"CID15",2023-11-01,280.5,98.6,"Lagoa Bonita","Polo_5",35.87,52.2,102,4.229,67.51,102.14
"CID15",2023-12-01,305.9,109.4,"Lagoa Bonita","Polo_5",35.87,52.2,102,4.229,67.51,102.14
"CID15",2024-01-01,338,114.9,"Lagoa Bonita","Polo_5",35.87,52.2,102,4.229,67.51,102.14
"CID15",2024-02-01,361.9,110.3,"Lagoa Bonita","Polo_5",35.87,52.2,102,4.229,67.51,102.14
"CID15",2024-03-01,397.4,108.3,"Lagoa Bonita","Polo_5",35.87,52.2,102,4.229,67.51,102.14
"CID15",2024-04-01,396.6,101.4,"Lagoa Bonita","Polo_5",35.87,52.2,102,4.229,67.51,102.14
"CID15",2024-05-01,405.9,104.7,"Lagoa Bonita","Polo_5",35.87,52.2,102,4.229,67.51,102.14
"CID15",2024-06-01,408.2,102,"Lagoa Bonita","Polo_5",35.87,52.2,102,4.229,67.51,102.14
"CID15",2024-07-01,383,101.5,"Lagoa Bonita","Polo_5",35.87,52.2,102,4.229,67.51,102.14
"CID15",2024-08-01,355.1,102,"Lagoa Bonita","Polo_5",35.87,52.2,102,4.229,67.51,102.14
"CID15",2024-09-01,337.5,104.1,"Lagoa Bonita","Polo_5",35.87,52.2,102,4.229,67.51,102.14
"CID15",2024-10-01,311.8,103.6,"Lagoa Bonita","Polo_5",35.87,52.2,102,4.229,67.51,102.14
"CID15",2024-11-01,288.6,103.1,"Lagoa Bonita","Polo_5",35.87,52.2,102,4.229,67.51,102.14
"CID15",2024-12-01,300.7,107.4,"Lagoa Bonita","Polo_5",35.87,52.2,102,4.229,67.51,102.14
"CID15",2025-01-01,326.5,109.2,"Lagoa Bonita","Polo_5",35.87,52.2,102,4.229,67.51,102.14
"CID15",2025-02-01,380.1,112.1,"Lagoa Bonita","Polo_5",35.87,52.2,102,4.229,67.51,102.14
"CID15",2025-03-01,405.7,107.7,"Lagoa Bonita","Polo_5",35.87,52.2,102,4.229,67.51,102.14
"CID15",2025-04-01,410,110.7,"Lagoa Bonita","Polo_5",35.87,52.2,102,4.229,67.51,102.14
"CID15",2025-05-01,445.1,102.6,"Lagoa Bonita","Polo_5",35.87,52.2,102,4.229,67.51,102.14
"CID15",2025-06-01,438,107.4,"Lagoa Bonita","Polo_5",35.87,52.2,102,4.229,67.51,102.14
"CID15",2025-07-01,391.2,103.1,"Lagoa Bonita","Polo_5",35.87,52.2,102,4.229,67.51,102.14
"CID15",2025-08-01,350.4,95.4,"Lagoa Bonita","Polo_5",35.87,52.2,102,4.229,67.51,102.14
"CID15",2025-09-01,328.8,100.7,"Lagoa Bonita","Polo_5",35.87,52.2,102,4.229,67.51,102.14
"CID15",2025-10-01,327.5,104.1,"Lagoa Bonita","Polo_5",35.87,52.2,102,4.229,67.51,102.14
"CID15",2025-11-01,285.3,107,"Lagoa Bonita","Polo_5",35.87,52.2,102,4.229,67.51,102.14
"CID15",2025-12-01,338.8,106.4,"Lagoa Bonita","Polo_5",35.87,52.2,102,4.229,67.51,102.14
"CID16",2019-01-01,95.1,101.8,"Cerro Verde","Polo_1",13.92,15.24,24,4.276,65.49,79.11
"CID16",2019-02-01,94.6,104.3,"Cerro Verde","Polo_1",13.92,15.24,24,4.276,65.49,79.11
"CID16",2019-03-01,114.2,104.7,"Cerro Verde","Polo_1",13.92,15.24,24,4.276,65.49,79.11
"CID16",2019-04-01,117.1,102,"Cerro Verde","Polo_1",13.92,15.24,24,4.276,65.49,79.11
"CID16",2019-05-01,120.6,100.3,"Cerro Verde","Polo_1",13.92,15.24,24,4.276,65.49,79.11
"CID16",2019-06-01,124.8,94.9,"Cerro Verde","Polo_1",13.92,15.24,24,4.276,65.49,79.11
"CID16",2019-07-01,124.5,94.1,"Cerro Verde","Polo_1",13.92,15.24,24,4.276,65.49,79.11
"CID16",2019-08-01,119.3,93.5,"Cerro Verde","Polo_1",13.92,15.24,24,4.276,65.49,79.11
"CID16",2019-09-01,100.9,96.6,"Cerro Verde","Polo_1",13.92,15.24,24,4.276,65.49,79.11
"CID16",2019-10-01,97.5,94.1,"Cerro Verde","Polo_1",13.92,15.24,24,4.276,65.49,79.11
"CID16",2019-11-01,91.6,100,"Cerro Verde","Polo_1",13.92,15.24,24,4.276,65.49,79.11
"CID16",2019-12-01,81.2,101.6,"Cerro Verde","Polo_1",13.92,15.24,24,4.276,65.49,79.11
"CID16",2020-01-01,93.3,104,"Cerro Verde","Polo_1",13.92,15.24,24,4.276,65.49,79.11
"CID16",2020-02-01,98,113.1,"Cerro Verde","Polo_1",13.92,15.24,24,4.276,65.49,79.11
"CID16",2020-03-01,110.5,105.7,"Cerro Verde","Polo_1",13.92,15.24,24,4.276,65.49,79.11
"CID16",2020-04-01,121.8,106.5,"Cerro Verde","Polo_1",13.92,15.24,24,4.276,65.49,79.11
"CID16",2020-05-01,123.2,105,"Cerro Verde","Polo_1",13.92,15.24,24,4.276,65.49,79.11
"CID16",2020-06-01,134.7,99.4,"Cerro Verde","Polo_1",13.92,15.24,24,4.276,65.49,79.11
"CID16",2020-07-01,121.7,102.1,"Cerro Verde","Polo_1",13.92,15.24,24,4.276,65.49,79.11
"CID16",2020-08-01,110.8,98.2,"Cerro Verde","Polo_1",13.92,15.24,24,4.276,65.49,79.11
"CID16",2020-09-01,116,97.1,"Cerro Verde","Polo_1",13.92,15.24,24,4.276,65.49,79.11
"CID16",2020-10-01,95.1,97.9,"Cerro Verde","Polo_1",13.92,15.24,24,4.276,65.49,79.11
"CID16",2020-11-01,97.5,100.4,"Cerro Verde","Polo_1",13.92,15.24,24,4.276,65.49,79.11
"CID16",2020-12-01,88.2,109.8,"Cerro Verde","Polo_1",13.92,15.24,24,4.276,65.49,79.11
"CID16",2021-01-01,93.3,106.4,"Cerro Verde","Polo_1",13.92,15.24,24,4.276,65.49,79.11
"CID16",2021-02-01,97.4,105.4,"Cerro Verde","Polo_1",13.92,15.24,24,4.276,65.49,79.11
"CID16",2021-03-01,109,108.8,"Cerro Verde","Polo_1",13.92,15.24,24,4.276,65.49,79.11
"CID16",2021-04-01,125.6,112.1,"Cerro Verde","Polo_1",13.92,15.24,24,4.276,65.49,79.11
"CID16",2021-05-01,123.2,102,"Cerro Verde","Polo_1",13.92,15.24,24,4.276,65.49,79.11
"CID16",2021-06-01,129.2,104.8,"Cerro Verde","Polo_1",13.92,15.24,24,4.276,65.49,79.11
"CID16",2021-07-01,130.1,90.9,"Cerro Verde","Polo_1",13.92,15.24,24,4.276,65.49,79.11
"CID16",2021-08-01,119.5,95.9,"Cerro Verde","Polo_1",13.92,15.24,24,4.276,65.49,79.11
"CID16",2021-09-01,113.6,100.4,"Cerro Verde","Polo_1",13.92,15.24,24,4.276,65.49,79.11
"CID16",2021-10-01,104.8,98,"Cerro Verde","Polo_1",13.92,15.24,24,4.276,65.49,79.11
"CID16",2021-11-01,97.1,93.5,"Cerro Verde","Polo_1",13.92,15.24,24,4.276,65.49,79.11
"CID16",2021-12-01,88.8,103,"Cerro Verde","Polo_1",13.92,15.24,24,4.276,65.49,79.11
"CID16",2022-01-01,90.9,106.3,"Cerro Verde","Polo_1",13.92,15.24,24,4.276,65.49,79.11
"CID16",2022-02-01,99,112.9,"Cerro Verde","Polo_1",13.92,15.24,24,4.276,65.49,79.11
"CID16",2022-03-01,120.4,108.3,"Cerro Verde","Polo_1",13.92,15.24,24,4.276,65.49,79.11
"CID16",2022-04-01,123.4,103.7,"Cerro Verde","Polo_1",13.92,15.24,24,4.276,65.49,79.11
"CID16",2022-05-01,130.4,104.1,"Cerro Verde","Polo_1",13.92,15.24,24,4.276,65.49,79.11
"CID16",2022-06-01,137,98.4,"Cerro Verde","Polo_1",13.92,15.24,24,4.276,65.49,79.11
"CID16",2022-07-01,128.2,96.7,"Cerro Verde","Polo_1",13.92,15.24,24,4.276,65.49,79.11
"CID16",2022-08-01,114.4,97.9,"Cerro Verde","Polo_1",13.92,15.24,24,4.276,65.49,79.11
"CID16",2022-09-01,108.6,95.9,"Cerro Verde","Polo_1",13.92,15.24,24,4.276,65.49,79.11
"CID16",2022-10-01,96.9,95.7,"Cerro Verde","Polo_1",13.92,15.24,24,4.276,65.49,79.11
"CID16",2022-11-01,94,107.6,"Cerro Verde","Polo_1",13.92,15.24,24,4.276,65.49,79.11
"CID16",2022-12-01,84.2,102.1,"Cerro Verde","Polo_1",13.92,15.24,24,4.276,65.49,79.11
"CID16",2023-01-01,99.7,105.6,"Cerro Verde","Polo_1",13.92,15.24,24,4.276,65.49,79.11
"CID16",2023-02-01,98.2,109.2,"Cerro Verde","Polo_1",13.92,15.24,24,4.276,65.49,79.11
"CID16",2023-03-01,108.2,110.3,"Cerro Verde","Polo_1",13.92,15.24,24,4.276,65.49,79.11
"CID16",2023-04-01,122.1,111.3,"Cerro Verde","Polo_1",13.92,15.24,24,4.276,65.49,79.11
"CID16",2023-05-01,133.8,105.3,"Cerro Verde","Polo_1",13.92,15.24,24,4.276,65.49,79.11
"CID16",2023-06-01,126.2,103.3,"Cerro Verde","Polo_1",13.92,15.24,24,4.276,65.49,79.11
"CID16",2023-07-01,123.7,101.1,"Cerro Verde","Polo_1",13.92,15.24,24,4.276,65.49,79.11
"CID16",2023-08-01,124.3,100.4,"Cerro Verde","Polo_1",13.92,15.24,24,4.276,65.49,79.11
"CID16",2023-09-01,115.4,99.4,"Cerro Verde","Polo_1",13.92,15.24,24,4.276,65.49,79.11
"CID16",2023-10-01,94.1,107.7,"Cerro Verde","Polo_1",13.92,15.24,24,4.276,65.49,79.11
"CID16",2023-11-01,95.7,100.8,"Cerro Verde","Polo_1",13.92,15.24,24,4.276,65.49,79.11
"CID16",2023-12-01,99,110.6,"Cerro Verde","Polo_1",13.92,15.24,24,4.276,65.49,79.11
"CID16",2024-01-01,91.7,113.2,"Cerro Verde","Polo_1",13.92,15.24,24,4.276,65.49,79.11
"CID16",2024-02-01,109.1,111.8,"Cerro Verde","Polo_1",13.92,15.24,24,4.276,65.49,79.11
"CID16",2024-03-01,118.2,107.5,"Cerro Verde","Polo_1",13.92,15.24,24,4.276,65.49,79.11
"CID16",2024-04-01,123.2,102.4,"Cerro Verde","Polo_1",13.92,15.24,24,4.276,65.49,79.11
"CID16",2024-05-01,131.7,106.1,"Cerro Verde","Polo_1",13.92,15.24,24,4.276,65.49,79.11
"CID16",2024-06-01,135.5,102.4,"Cerro Verde","Polo_1",13.92,15.24,24,4.276,65.49,79.11
"CID16",2024-07-01,124.2,100.6,"Cerro Verde","Polo_1",13.92,15.24,24,4.276,65.49,79.11
"CID16",2024-08-01,119.4,100.8,"Cerro Verde","Polo_1",13.92,15.24,24,4.276,65.49,79.11
"CID16",2024-09-01,114.9,101,"Cerro Verde","Polo_1",13.92,15.24,24,4.276,65.49,79.11
"CID16",2024-10-01,107.8,104.4,"Cerro Verde","Polo_1",13.92,15.24,24,4.276,65.49,79.11
"CID16",2024-11-01,97.6,103.1,"Cerro Verde","Polo_1",13.92,15.24,24,4.276,65.49,79.11
"CID16",2024-12-01,89.1,102.9,"Cerro Verde","Polo_1",13.92,15.24,24,4.276,65.49,79.11
"CID16",2025-01-01,89.5,110,"Cerro Verde","Polo_1",13.92,15.24,24,4.276,65.49,79.11
"CID16",2025-02-01,102.4,113.2,"Cerro Verde","Polo_1",13.92,15.24,24,4.276,65.49,79.11
"CID16",2025-03-01,115.7,108.1,"Cerro Verde","Polo_1",13.92,15.24,24,4.276,65.49,79.11
"CID16",2025-04-01,131.8,112.4,"Cerro Verde","Polo_1",13.92,15.24,24,4.276,65.49,79.11
"CID16",2025-05-01,124.7,104.2,"Cerro Verde","Polo_1",13.92,15.24,24,4.276,65.49,79.11
"CID16",2025-06-01,138.5,107,"Cerro Verde","Polo_1",13.92,15.24,24,4.276,65.49,79.11
"CID16",2025-07-01,129.3,102.1,"Cerro Verde","Polo_1",13.92,15.24,24,4.276,65.49,79.11
"CID16",2025-08-01,124.4,97.7,"Cerro Verde","Polo_1",13.92,15.24,24,4.276,65.49,79.11
"CID16",2025-09-01,108.4,103,"Cerro Verde","Polo_1",13.92,15.24,24,4.276,65.49,79.11
"CID16",2025-10-01,100.9,104.9,"Cerro Verde","Polo_1",13.92,15.24,24,4.276,65.49,79.11
"CID16",2025-11-01,82.9,106.4,"Cerro Verde","Polo_1",13.92,15.24,24,4.276,65.49,79.11
"CID16",2025-12-01,88.3,105.9,"Cerro Verde","Polo_1",13.92,15.24,24,4.276,65.49,79.11
"CID17",2019-01-01,227.2,105.3,"Vale Feliz","Polo_1",17.33,30.03,90,4.379,65.16,115.67
"CID17",2019-02-01,243.8,109,"Vale Feliz","Polo_1",17.33,30.03,90,4.379,65.16,115.67
"CID17",2019-03-01,293.3,104.8,"Vale Feliz","Polo_1",17.33,30.03,90,4.379,65.16,115.67
"CID17",2019-04-01,312.2,100.3,"Vale Feliz","Polo_1",17.33,30.03,90,4.379,65.16,115.67
"CID17",2019-05-01,331.6,100.5,"Vale Feliz","Polo_1",17.33,30.03,90,4.379,65.16,115.67
"CID17",2019-06-01,354.4,94.8,"Vale Feliz","Polo_1",17.33,30.03,90,4.379,65.16,115.67
"CID17",2019-07-01,348.3,92.4,"Vale Feliz","Polo_1",17.33,30.03,90,4.379,65.16,115.67
"CID17",2019-08-01,334.5,94.1,"Vale Feliz","Polo_1",17.33,30.03,90,4.379,65.16,115.67
"CID17",2019-09-01,317.5,96.9,"Vale Feliz","Polo_1",17.33,30.03,90,4.379,65.16,115.67
"CID17",2019-10-01,284.7,96.4,"Vale Feliz","Polo_1",17.33,30.03,90,4.379,65.16,115.67
"CID17",2019-11-01,251.1,99.5,"Vale Feliz","Polo_1",17.33,30.03,90,4.379,65.16,115.67
"CID17",2019-12-01,237,102.4,"Vale Feliz","Polo_1",17.33,30.03,90,4.379,65.16,115.67
"CID17",2020-01-01,241,104.9,"Vale Feliz","Polo_1",17.33,30.03,90,4.379,65.16,115.67
"CID17",2020-02-01,272.5,113.4,"Vale Feliz","Polo_1",17.33,30.03,90,4.379,65.16,115.67
"CID17",2020-03-01,314.7,103.3,"Vale Feliz","Polo_1",17.33,30.03,90,4.379,65.16,115.67
"CID17",2020-04-01,303.1,107.2,"Vale Feliz","Polo_1",17.33,30.03,90,4.379,65.16,115.67
"CID17",2020-05-01,336.2,105.6,"Vale Feliz","Polo_1",17.33,30.03,90,4.379,65.16,115.67
"CID17",2020-06-01,351.3,99.7,"Vale Feliz","Polo_1",17.33,30.03,90,4.379,65.16,115.67
"CID17",2020-07-01,355.2,100.6,"Vale Feliz","Polo_1",17.33,30.03,90,4.379,65.16,115.67
"CID17",2020-08-01,316.6,97.4,"Vale Feliz","Polo_1",17.33,30.03,90,4.379,65.16,115.67
"CID17",2020-09-01,312.8,99.3,"Vale Feliz","Polo_1",17.33,30.03,90,4.379,65.16,115.67
"CID17",2020-10-01,282.9,99.3,"Vale Feliz","Polo_1",17.33,30.03,90,4.379,65.16,115.67
"CID17",2020-11-01,244.6,104.2,"Vale Feliz","Polo_1",17.33,30.03,90,4.379,65.16,115.67
"CID17",2020-12-01,248.4,106.7,"Vale Feliz","Polo_1",17.33,30.03,90,4.379,65.16,115.67
"CID17",2021-01-01,264.2,108.3,"Vale Feliz","Polo_1",17.33,30.03,90,4.379,65.16,115.67
"CID17",2021-02-01,270.7,104.6,"Vale Feliz","Polo_1",17.33,30.03,90,4.379,65.16,115.67
"CID17",2021-03-01,296.2,108.2,"Vale Feliz","Polo_1",17.33,30.03,90,4.379,65.16,115.67
"CID17",2021-04-01,315,113.3,"Vale Feliz","Polo_1",17.33,30.03,90,4.379,65.16,115.67
"CID17",2021-05-01,322.9,102.5,"Vale Feliz","Polo_1",17.33,30.03,90,4.379,65.16,115.67
"CID17",2021-06-01,352.4,103.3,"Vale Feliz","Polo_1",17.33,30.03,90,4.379,65.16,115.67
"CID17",2021-07-01,357.2,95.5,"Vale Feliz","Polo_1",17.33,30.03,90,4.379,65.16,115.67
"CID17",2021-08-01,312.3,97.3,"Vale Feliz","Polo_1",17.33,30.03,90,4.379,65.16,115.67
"CID17",2021-09-01,318.8,97.8,"Vale Feliz","Polo_1",17.33,30.03,90,4.379,65.16,115.67
"CID17",2021-10-01,298.9,100,"Vale Feliz","Polo_1",17.33,30.03,90,4.379,65.16,115.67
"CID17",2021-11-01,272.4,95.7,"Vale Feliz","Polo_1",17.33,30.03,90,4.379,65.16,115.67
"CID17",2021-12-01,246.1,105.1,"Vale Feliz","Polo_1",17.33,30.03,90,4.379,65.16,115.67
"CID17",2022-01-01,281.3,104.2,"Vale Feliz","Polo_1",17.33,30.03,90,4.379,65.16,115.67
"CID17",2022-02-01,283.3,108.2,"Vale Feliz","Polo_1",17.33,30.03,90,4.379,65.16,115.67
"CID17",2022-03-01,311.9,108.2,"Vale Feliz","Polo_1",17.33,30.03,90,4.379,65.16,115.67
"CID17",2022-04-01,324.7,109,"Vale Feliz","Polo_1",17.33,30.03,90,4.379,65.16,115.67
"CID17",2022-05-01,357.2,101.5,"Vale Feliz","Polo_1",17.33,30.03,90,4.379,65.16,115.67
"CID17",2022-06-01,393.6,100.5,"Vale Feliz","Polo_1",17.33,30.03,90,4.379,65.16,115.67
"CID17",2022-07-01,361.3,94.4,"Vale Feliz","Polo_1",17.33,30.03,90,4.379,65.16,115.67
"CID17",2022-08-01,341.2,97.1,"Vale Feliz","Polo_1",17.33,30.03,90,4.379,65.16,115.67
"CID17",2022-09-01,334.4,99,"Vale Feliz","Polo_1",17.33,30.03,90,4.379,65.16,115.67
"CID17",2022-10-01,284.2,101.2,"Vale Feliz","Polo_1",17.33,30.03,90,4.379,65.16,115.67
"CID17",2022-11-01,267.3,107,"Vale Feliz","Polo_1",17.33,30.03,90,4.379,65.16,115.67
"CID17",2022-12-01,253.1,98.4,"Vale Feliz","Polo_1",17.33,30.03,90,4.379,65.16,115.67
"CID17",2023-01-01,261.8,107.3,"Vale Feliz","Polo_1",17.33,30.03,90,4.379,65.16,115.67
"CID17",2023-02-01,272.2,110.4,"Vale Feliz","Polo_1",17.33,30.03,90,4.379,65.16,115.67
"CID17",2023-03-01,294.8,109.1,"Vale Feliz","Polo_1",17.33,30.03,90,4.379,65.16,115.67
"CID17",2023-04-01,341.2,110.7,"Vale Feliz","Polo_1",17.33,30.03,90,4.379,65.16,115.67
"CID17",2023-05-01,359.8,105,"Vale Feliz","Polo_1",17.33,30.03,90,4.379,65.16,115.67
"CID17",2023-06-01,365.2,106.6,"Vale Feliz","Polo_1",17.33,30.03,90,4.379,65.16,115.67
"CID17",2023-07-01,370.5,97.7,"Vale Feliz","Polo_1",17.33,30.03,90,4.379,65.16,115.67
"CID17",2023-08-01,363.3,104.5,"Vale Feliz","Polo_1",17.33,30.03,90,4.379,65.16,115.67
"CID17",2023-09-01,328.2,100.4,"Vale Feliz","Polo_1",17.33,30.03,90,4.379,65.16,115.67
"CID17",2023-10-01,299,109.1,"Vale Feliz","Polo_1",17.33,30.03,90,4.379,65.16,115.67
"CID17",2023-11-01,282.5,101,"Vale Feliz","Polo_1",17.33,30.03,90,4.379,65.16,115.67
"CID17",2023-12-01,262.7,109.9,"Vale Feliz","Polo_1",17.33,30.03,90,4.379,65.16,115.67
"CID17",2024-01-01,256.7,115.7,"Vale Feliz","Polo_1",17.33,30.03,90,4.379,65.16,115.67
"CID17",2024-02-01,276.5,108.2,"Vale Feliz","Polo_1",17.33,30.03,90,4.379,65.16,115.67
"CID17",2024-03-01,300.4,107,"Vale Feliz","Polo_1",17.33,30.03,90,4.379,65.16,115.67
"CID17",2024-04-01,352.8,102.6,"Vale Feliz","Polo_1",17.33,30.03,90,4.379,65.16,115.67
"CID17",2024-05-01,386.6,103.9,"Vale Feliz","Polo_1",17.33,30.03,90,4.379,65.16,115.67
"CID17",2024-06-01,377.1,104.2,"Vale Feliz","Polo_1",17.33,30.03,90,4.379,65.16,115.67
"CID17",2024-07-01,394.7,100.8,"Vale Feliz","Polo_1",17.33,30.03,90,4.379,65.16,115.67
"CID17",2024-08-01,371,99.9,"Vale Feliz","Polo_1",17.33,30.03,90,4.379,65.16,115.67
"CID17",2024-09-01,351.2,102.3,"Vale Feliz","Polo_1",17.33,30.03,90,4.379,65.16,115.67
"CID17",2024-10-01,289.3,103.9,"Vale Feliz","Polo_1",17.33,30.03,90,4.379,65.16,115.67
"CID17",2024-11-01,272.5,104,"Vale Feliz","Polo_1",17.33,30.03,90,4.379,65.16,115.67
"CID17",2024-12-01,295.1,105.6,"Vale Feliz","Polo_1",17.33,30.03,90,4.379,65.16,115.67
"CID17",2025-01-01,267.6,108.3,"Vale Feliz","Polo_1",17.33,30.03,90,4.379,65.16,115.67
"CID17",2025-02-01,281.9,109.5,"Vale Feliz","Polo_1",17.33,30.03,90,4.379,65.16,115.67
"CID17",2025-03-01,341.6,109.8,"Vale Feliz","Polo_1",17.33,30.03,90,4.379,65.16,115.67
"CID17",2025-04-01,335.1,109.8,"Vale Feliz","Polo_1",17.33,30.03,90,4.379,65.16,115.67
"CID17",2025-05-01,366.1,107.4,"Vale Feliz","Polo_1",17.33,30.03,90,4.379,65.16,115.67
"CID17",2025-06-01,377.6,109,"Vale Feliz","Polo_1",17.33,30.03,90,4.379,65.16,115.67
"CID17",2025-07-01,379.7,104.7,"Vale Feliz","Polo_1",17.33,30.03,90,4.379,65.16,115.67
"CID17",2025-08-01,386.5,97.6,"Vale Feliz","Polo_1",17.33,30.03,90,4.379,65.16,115.67
"CID17",2025-09-01,350,101.6,"Vale Feliz","Polo_1",17.33,30.03,90,4.379,65.16,115.67
"CID17",2025-10-01,325.2,105.4,"Vale Feliz","Polo_1",17.33,30.03,90,4.379,65.16,115.67
"CID17",2025-11-01,284,105.5,"Vale Feliz","Polo_1",17.33,30.03,90,4.379,65.16,115.67
"CID17",2025-12-01,274.5,108,"Vale Feliz","Polo_1",17.33,30.03,90,4.379,65.16,115.67
"CID18",2019-01-01,160.5,102.6,"Porto Seguro Fic","Polo_3",63.67,35.53,51,2.664,51.62,94.11
"CID18",2019-02-01,179.8,108,"Porto Seguro Fic","Polo_3",63.67,35.53,51,2.664,51.62,94.11
"CID18",2019-03-01,196.9,104.5,"Porto Seguro Fic","Polo_3",63.67,35.53,51,2.664,51.62,94.11
"CID18",2019-04-01,203.4,103.4,"Porto Seguro Fic","Polo_3",63.67,35.53,51,2.664,51.62,94.11
"CID18",2019-05-01,197.1,100.1,"Porto Seguro Fic","Polo_3",63.67,35.53,51,2.664,51.62,94.11
"CID18",2019-06-01,198.1,94.4,"Porto Seguro Fic","Polo_3",63.67,35.53,51,2.664,51.62,94.11
"CID18",2019-07-01,173.3,93.4,"Porto Seguro Fic","Polo_3",63.67,35.53,51,2.664,51.62,94.11
"CID18",2019-08-01,161.9,96.3,"Porto Seguro Fic","Polo_3",63.67,35.53,51,2.664,51.62,94.11
"CID18",2019-09-01,156.9,95.9,"Porto Seguro Fic","Polo_3",63.67,35.53,51,2.664,51.62,94.11
"CID18",2019-10-01,143.1,96.1,"Porto Seguro Fic","Polo_3",63.67,35.53,51,2.664,51.62,94.11
"CID18",2019-11-01,150.4,97.5,"Porto Seguro Fic","Polo_3",63.67,35.53,51,2.664,51.62,94.11
"CID18",2019-12-01,136.2,98.5,"Porto Seguro Fic","Polo_3",63.67,35.53,51,2.664,51.62,94.11
"CID18",2020-01-01,151.4,102.2,"Porto Seguro Fic","Polo_3",63.67,35.53,51,2.664,51.62,94.11
"CID18",2020-02-01,177.4,113.1,"Porto Seguro Fic","Polo_3",63.67,35.53,51,2.664,51.62,94.11
"CID18",2020-03-01,185.5,101.4,"Porto Seguro Fic","Polo_3",63.67,35.53,51,2.664,51.62,94.11
"CID18",2020-04-01,186.9,108.9,"Porto Seguro Fic","Polo_3",63.67,35.53,51,2.664,51.62,94.11
"CID18",2020-05-01,214.1,107.4,"Porto Seguro Fic","Polo_3",63.67,35.53,51,2.664,51.62,94.11
"CID18",2020-06-01,193.3,98.8,"Porto Seguro Fic","Polo_3",63.67,35.53,51,2.664,51.62,94.11
"CID18",2020-07-01,191.7,103.3,"Porto Seguro Fic","Polo_3",63.67,35.53,51,2.664,51.62,94.11
"CID18",2020-08-01,174,97.3,"Porto Seguro Fic","Polo_3",63.67,35.53,51,2.664,51.62,94.11
"CID18",2020-09-01,167.6,96.9,"Porto Seguro Fic","Polo_3",63.67,35.53,51,2.664,51.62,94.11
"CID18",2020-10-01,150,98.9,"Porto Seguro Fic","Polo_3",63.67,35.53,51,2.664,51.62,94.11
"CID18",2020-11-01,143.9,103.8,"Porto Seguro Fic","Polo_3",63.67,35.53,51,2.664,51.62,94.11
"CID18",2020-12-01,149.7,107.5,"Porto Seguro Fic","Polo_3",63.67,35.53,51,2.664,51.62,94.11
"CID18",2021-01-01,153.4,107.4,"Porto Seguro Fic","Polo_3",63.67,35.53,51,2.664,51.62,94.11
"CID18",2021-02-01,173.7,110.1,"Porto Seguro Fic","Polo_3",63.67,35.53,51,2.664,51.62,94.11
"CID18",2021-03-01,203.5,108.4,"Porto Seguro Fic","Polo_3",63.67,35.53,51,2.664,51.62,94.11
"CID18",2021-04-01,214.4,109.8,"Porto Seguro Fic","Polo_3",63.67,35.53,51,2.664,51.62,94.11
"CID18",2021-05-01,197.6,104.3,"Porto Seguro Fic","Polo_3",63.67,35.53,51,2.664,51.62,94.11
"CID18",2021-06-01,207.3,104.6,"Porto Seguro Fic","Polo_3",63.67,35.53,51,2.664,51.62,94.11
"CID18",2021-07-01,190.4,94.5,"Porto Seguro Fic","Polo_3",63.67,35.53,51,2.664,51.62,94.11
"CID18",2021-08-01,174.9,100.1,"Porto Seguro Fic","Polo_3",63.67,35.53,51,2.664,51.62,94.11
"CID18",2021-09-01,174.1,99,"Porto Seguro Fic","Polo_3",63.67,35.53,51,2.664,51.62,94.11
"CID18",2021-10-01,148.4,99.7,"Porto Seguro Fic","Polo_3",63.67,35.53,51,2.664,51.62,94.11
"CID18",2021-11-01,148.8,95.1,"Porto Seguro Fic","Polo_3",63.67,35.53,51,2.664,51.62,94.11
"CID18",2021-12-01,160.9,103.1,"Porto Seguro Fic","Polo_3",63.67,35.53,51,2.664,51.62,94.11
"CID18",2022-01-01,163.3,106.3,"Porto Seguro Fic","Polo_3",63.67,35.53,51,2.664,51.62,94.11
"CID18",2022-02-01,183.6,107.6,"Porto Seguro Fic","Polo_3",63.67,35.53,51,2.664,51.62,94.11
"CID18",2022-03-01,207,104.9,"Porto Seguro Fic","Polo_3",63.67,35.53,51,2.664,51.62,94.11
"CID18",2022-04-01,221.3,105.2,"Porto Seguro Fic","Polo_3",63.67,35.53,51,2.664,51.62,94.11
"CID18",2022-05-01,215,103.1,"Porto Seguro Fic","Polo_3",63.67,35.53,51,2.664,51.62,94.11
"CID18",2022-06-01,219.2,99.7,"Porto Seguro Fic","Polo_3",63.67,35.53,51,2.664,51.62,94.11
"CID18",2022-07-01,199.5,97,"Porto Seguro Fic","Polo_3",63.67,35.53,51,2.664,51.62,94.11
"CID18",2022-08-01,174.2,95.1,"Porto Seguro Fic","Polo_3",63.67,35.53,51,2.664,51.62,94.11
"CID18",2022-09-01,159.8,96.3,"Porto Seguro Fic","Polo_3",63.67,35.53,51,2.664,51.62,94.11
"CID18",2022-10-01,151.2,96.1,"Porto Seguro Fic","Polo_3",63.67,35.53,51,2.664,51.62,94.11
"CID18",2022-11-01,151.1,106.1,"Porto Seguro Fic","Polo_3",63.67,35.53,51,2.664,51.62,94.11
"CID18",2022-12-01,153.7,102.2,"Porto Seguro Fic","Polo_3",63.67,35.53,51,2.664,51.62,94.11
"CID18",2023-01-01,188.2,104.9,"Porto Seguro Fic","Polo_3",63.67,35.53,51,2.664,51.62,94.11
"CID18",2023-02-01,182.1,110.9,"Porto Seguro Fic","Polo_3",63.67,35.53,51,2.664,51.62,94.11
"CID18",2023-03-01,214.9,109.9,"Porto Seguro Fic","Polo_3",63.67,35.53,51,2.664,51.62,94.11
"CID18",2023-04-01,210.8,111.8,"Porto Seguro Fic","Polo_3",63.67,35.53,51,2.664,51.62,94.11
"CID18",2023-05-01,229,109.1,"Porto Seguro Fic","Polo_3",63.67,35.53,51,2.664,51.62,94.11
"CID18",2023-06-01,208.7,105,"Porto Seguro Fic","Polo_3",63.67,35.53,51,2.664,51.62,94.11
"CID18",2023-07-01,197.6,99.5,"Porto Seguro Fic","Polo_3",63.67,35.53,51,2.664,51.62,94.11
"CID18",2023-08-01,175.8,102.6,"Porto Seguro Fic","Polo_3",63.67,35.53,51,2.664,51.62,94.11
"CID18",2023-09-01,164.2,99.6,"Porto Seguro Fic","Polo_3",63.67,35.53,51,2.664,51.62,94.11
"CID18",2023-10-01,150.2,107.2,"Porto Seguro Fic","Polo_3",63.67,35.53,51,2.664,51.62,94.11
"CID18",2023-11-01,146.9,104.2,"Porto Seguro Fic","Polo_3",63.67,35.53,51,2.664,51.62,94.11
"CID18",2023-12-01,174.1,109.3,"Porto Seguro Fic","Polo_3",63.67,35.53,51,2.664,51.62,94.11
"CID18",2024-01-01,172.2,113.8,"Porto Seguro Fic","Polo_3",63.67,35.53,51,2.664,51.62,94.11
"CID18",2024-02-01,195.1,111.4,"Porto Seguro Fic","Polo_3",63.67,35.53,51,2.664,51.62,94.11
"CID18",2024-03-01,216.8,108.6,"Porto Seguro Fic","Polo_3",63.67,35.53,51,2.664,51.62,94.11
"CID18",2024-04-01,226.9,105.7,"Porto Seguro Fic","Polo_3",63.67,35.53,51,2.664,51.62,94.11
"CID18",2024-05-01,236.1,103.9,"Porto Seguro Fic","Polo_3",63.67,35.53,51,2.664,51.62,94.11
"CID18",2024-06-01,218.7,99.6,"Porto Seguro Fic","Polo_3",63.67,35.53,51,2.664,51.62,94.11
"CID18",2024-07-01,207.5,98.1,"Porto Seguro Fic","Polo_3",63.67,35.53,51,2.664,51.62,94.11
"CID18",2024-08-01,186.3,102.5,"Porto Seguro Fic","Polo_3",63.67,35.53,51,2.664,51.62,94.11
"CID18",2024-09-01,166,102.2,"Porto Seguro Fic","Polo_3",63.67,35.53,51,2.664,51.62,94.11
"CID18",2024-10-01,161,102.1,"Porto Seguro Fic","Polo_3",63.67,35.53,51,2.664,51.62,94.11
"CID18",2024-11-01,152.6,103.4,"Porto Seguro Fic","Polo_3",63.67,35.53,51,2.664,51.62,94.11
"CID18",2024-12-01,158.8,107.5,"Porto Seguro Fic","Polo_3",63.67,35.53,51,2.664,51.62,94.11
"CID18",2025-01-01,174.7,111.3,"Porto Seguro Fic","Polo_3",63.67,35.53,51,2.664,51.62,94.11
"CID18",2025-02-01,196.4,113.6,"Porto Seguro Fic","Polo_3",63.67,35.53,51,2.664,51.62,94.11
"CID18",2025-03-01,206.8,109.3,"Porto Seguro Fic","Polo_3",63.67,35.53,51,2.664,51.62,94.11
"CID18",2025-04-01,218.8,112.2,"Porto Seguro Fic","Polo_3",63.67,35.53,51,2.664,51.62,94.11
"CID18",2025-05-01,220.2,106.2,"Porto Seguro Fic","Polo_3",63.67,35.53,51,2.664,51.62,94.11
"CID18",2025-06-01,219.4,105.8,"Porto Seguro Fic","Polo_3",63.67,35.53,51,2.664,51.62,94.11
"CID18",2025-07-01,207.3,102.4,"Porto Seguro Fic","Polo_3",63.67,35.53,51,2.664,51.62,94.11
"CID18",2025-08-01,193.1,100,"Porto Seguro Fic","Polo_3",63.67,35.53,51,2.664,51.62,94.11
"CID18",2025-09-01,164,105.3,"Porto Seguro Fic","Polo_3",63.67,35.53,51,2.664,51.62,94.11
"CID18",2025-10-01,155,103.1,"Porto Seguro Fic","Polo_3",63.67,35.53,51,2.664,51.62,94.11
"CID18",2025-11-01,162.1,104.1,"Porto Seguro Fic","Polo_3",63.67,35.53,51,2.664,51.62,94.11
"CID18",2025-12-01,171.3,105.1,"Porto Seguro Fic","Polo_3",63.67,35.53,51,2.664,51.62,94.11
"CID19",2019-01-01,129.2,103.7,"Campo Alegre","Polo_3",69.43,34.11,24,2.234,49.08,105.51
"CID19",2019-02-01,138.7,110.1,"Campo Alegre","Polo_3",69.43,34.11,24,2.234,49.08,105.51
"CID19",2019-03-01,160.5,104.1,"Campo Alegre","Polo_3",69.43,34.11,24,2.234,49.08,105.51
"CID19",2019-04-01,175.8,101.1,"Campo Alegre","Polo_3",69.43,34.11,24,2.234,49.08,105.51
"CID19",2019-05-01,178.5,100.2,"Campo Alegre","Polo_3",69.43,34.11,24,2.234,49.08,105.51
"CID19",2019-06-01,187.1,95,"Campo Alegre","Polo_3",69.43,34.11,24,2.234,49.08,105.51
"CID19",2019-07-01,184.9,94.5,"Campo Alegre","Polo_3",69.43,34.11,24,2.234,49.08,105.51
"CID19",2019-08-01,170.8,93.2,"Campo Alegre","Polo_3",69.43,34.11,24,2.234,49.08,105.51
"CID19",2019-09-01,154.9,97.5,"Campo Alegre","Polo_3",69.43,34.11,24,2.234,49.08,105.51
"CID19",2019-10-01,150.3,95.8,"Campo Alegre","Polo_3",69.43,34.11,24,2.234,49.08,105.51
"CID19",2019-11-01,141.5,97.3,"Campo Alegre","Polo_3",69.43,34.11,24,2.234,49.08,105.51
"CID19",2019-12-01,122.5,98.9,"Campo Alegre","Polo_3",69.43,34.11,24,2.234,49.08,105.51
"CID19",2020-01-01,133.1,104.7,"Campo Alegre","Polo_3",69.43,34.11,24,2.234,49.08,105.51
"CID19",2020-02-01,151.5,111.5,"Campo Alegre","Polo_3",69.43,34.11,24,2.234,49.08,105.51
"CID19",2020-03-01,163.3,103.7,"Campo Alegre","Polo_3",69.43,34.11,24,2.234,49.08,105.51
"CID19",2020-04-01,172.4,108.1,"Campo Alegre","Polo_3",69.43,34.11,24,2.234,49.08,105.51
"CID19",2020-05-01,193.6,104.8,"Campo Alegre","Polo_3",69.43,34.11,24,2.234,49.08,105.51
"CID19",2020-06-01,180.8,103.7,"Campo Alegre","Polo_3",69.43,34.11,24,2.234,49.08,105.51
"CID19",2020-07-01,192.1,101.1,"Campo Alegre","Polo_3",69.43,34.11,24,2.234,49.08,105.51
"CID19",2020-08-01,182.4,98.8,"Campo Alegre","Polo_3",69.43,34.11,24,2.234,49.08,105.51
"CID19",2020-09-01,154.6,96.9,"Campo Alegre","Polo_3",69.43,34.11,24,2.234,49.08,105.51
"CID19",2020-10-01,150.7,98.7,"Campo Alegre","Polo_3",69.43,34.11,24,2.234,49.08,105.51
"CID19",2020-11-01,135.8,103.2,"Campo Alegre","Polo_3",69.43,34.11,24,2.234,49.08,105.51
"CID19",2020-12-01,138.4,107.7,"Campo Alegre","Polo_3",69.43,34.11,24,2.234,49.08,105.51
"CID19",2021-01-01,141.5,107,"Campo Alegre","Polo_3",69.43,34.11,24,2.234,49.08,105.51
"CID19",2021-02-01,148.2,107,"Campo Alegre","Polo_3",69.43,34.11,24,2.234,49.08,105.51
"CID19",2021-03-01,161.4,106.4,"Campo Alegre","Polo_3",69.43,34.11,24,2.234,49.08,105.51
"CID19",2021-04-01,179.3,112.1,"Campo Alegre","Polo_3",69.43,34.11,24,2.234,49.08,105.51
"CID19",2021-05-01,196.5,103.9,"Campo Alegre","Polo_3",69.43,34.11,24,2.234,49.08,105.51
"CID19",2021-06-01,195.7,105.6,"Campo Alegre","Polo_3",69.43,34.11,24,2.234,49.08,105.51
"CID19",2021-07-01,183.2,94,"Campo Alegre","Polo_3",69.43,34.11,24,2.234,49.08,105.51
"CID19",2021-08-01,189.5,100.2,"Campo Alegre","Polo_3",69.43,34.11,24,2.234,49.08,105.51
"CID19",2021-09-01,164.1,96.4,"Campo Alegre","Polo_3",69.43,34.11,24,2.234,49.08,105.51
"CID19",2021-10-01,145.6,97.9,"Campo Alegre","Polo_3",69.43,34.11,24,2.234,49.08,105.51
"CID19",2021-11-01,139.1,97.1,"Campo Alegre","Polo_3",69.43,34.11,24,2.234,49.08,105.51
"CID19",2021-12-01,132.3,103,"Campo Alegre","Polo_3",69.43,34.11,24,2.234,49.08,105.51
"CID19",2022-01-01,143,104.1,"Campo Alegre","Polo_3",69.43,34.11,24,2.234,49.08,105.51
"CID19",2022-02-01,141.8,109.1,"Campo Alegre","Polo_3",69.43,34.11,24,2.234,49.08,105.51
"CID19",2022-03-01,170.1,105.6,"Campo Alegre","Polo_3",69.43,34.11,24,2.234,49.08,105.51
"CID19",2022-04-01,170,107.4,"Campo Alegre","Polo_3",69.43,34.11,24,2.234,49.08,105.51
"CID19",2022-05-01,194.8,102.1,"Campo Alegre","Polo_3",69.43,34.11,24,2.234,49.08,105.51
"CID19",2022-06-01,196.3,100.4,"Campo Alegre","Polo_3",69.43,34.11,24,2.234,49.08,105.51
"CID19",2022-07-01,193.7,95.4,"Campo Alegre","Polo_3",69.43,34.11,24,2.234,49.08,105.51
"CID19",2022-08-01,177.4,99.9,"Campo Alegre","Polo_3",69.43,34.11,24,2.234,49.08,105.51
"CID19",2022-09-01,171.7,96.5,"Campo Alegre","Polo_3",69.43,34.11,24,2.234,49.08,105.51
"CID19",2022-10-01,148.4,98.1,"Campo Alegre","Polo_3",69.43,34.11,24,2.234,49.08,105.51
"CID19",2022-11-01,140.4,107.2,"Campo Alegre","Polo_3",69.43,34.11,24,2.234,49.08,105.51
"CID19",2022-12-01,137.7,100.2,"Campo Alegre","Polo_3",69.43,34.11,24,2.234,49.08,105.51
"CID19",2023-01-01,146.1,108.7,"Campo Alegre","Polo_3",69.43,34.11,24,2.234,49.08,105.51
"CID19",2023-02-01,155.5,111.1,"Campo Alegre","Polo_3",69.43,34.11,24,2.234,49.08,105.51
"CID19",2023-03-01,176.2,112.3,"Campo Alegre","Polo_3",69.43,34.11,24,2.234,49.08,105.51
"CID19",2023-04-01,179.7,108,"Campo Alegre","Polo_3",69.43,34.11,24,2.234,49.08,105.51
"CID19",2023-05-01,201.2,105.2,"Campo Alegre","Polo_3",69.43,34.11,24,2.234,49.08,105.51
"CID19",2023-06-01,202.1,101.9,"Campo Alegre","Polo_3",69.43,34.11,24,2.234,49.08,105.51
"CID19",2023-07-01,198.7,101,"Campo Alegre","Polo_3",69.43,34.11,24,2.234,49.08,105.51
"CID19",2023-08-01,191.9,102,"Campo Alegre","Polo_3",69.43,34.11,24,2.234,49.08,105.51
"CID19",2023-09-01,170.9,102,"Campo Alegre","Polo_3",69.43,34.11,24,2.234,49.08,105.51
"CID19",2023-10-01,157.6,108.3,"Campo Alegre","Polo_3",69.43,34.11,24,2.234,49.08,105.51
"CID19",2023-11-01,148.2,99.8,"Campo Alegre","Polo_3",69.43,34.11,24,2.234,49.08,105.51
"CID19",2023-12-01,141.4,114.7,"Campo Alegre","Polo_3",69.43,34.11,24,2.234,49.08,105.51
"CID19",2024-01-01,147.3,115.3,"Campo Alegre","Polo_3",69.43,34.11,24,2.234,49.08,105.51
"CID19",2024-02-01,154.5,113.7,"Campo Alegre","Polo_3",69.43,34.11,24,2.234,49.08,105.51
"CID19",2024-03-01,164.5,108.2,"Campo Alegre","Polo_3",69.43,34.11,24,2.234,49.08,105.51
"CID19",2024-04-01,193.8,102.5,"Campo Alegre","Polo_3",69.43,34.11,24,2.234,49.08,105.51
"CID19",2024-05-01,197.3,101.1,"Campo Alegre","Polo_3",69.43,34.11,24,2.234,49.08,105.51
"CID19",2024-06-01,196.2,100.8,"Campo Alegre","Polo_3",69.43,34.11,24,2.234,49.08,105.51
"CID19",2024-07-01,211.5,101.8,"Campo Alegre","Polo_3",69.43,34.11,24,2.234,49.08,105.51
"CID19",2024-08-01,191.6,101.6,"Campo Alegre","Polo_3",69.43,34.11,24,2.234,49.08,105.51
"CID19",2024-09-01,169.8,101.3,"Campo Alegre","Polo_3",69.43,34.11,24,2.234,49.08,105.51
"CID19",2024-10-01,166.5,101.9,"Campo Alegre","Polo_3",69.43,34.11,24,2.234,49.08,105.51
"CID19",2024-11-01,150.1,102.5,"Campo Alegre","Polo_3",69.43,34.11,24,2.234,49.08,105.51
"CID19",2024-12-01,137,103.1,"Campo Alegre","Polo_3",69.43,34.11,24,2.234,49.08,105.51
"CID19",2025-01-01,152.2,109.3,"Campo Alegre","Polo_3",69.43,34.11,24,2.234,49.08,105.51
"CID19",2025-02-01,152.9,113,"Campo Alegre","Polo_3",69.43,34.11,24,2.234,49.08,105.51
"CID19",2025-03-01,167.5,108.1,"Campo Alegre","Polo_3",69.43,34.11,24,2.234,49.08,105.51
"CID19",2025-04-01,179.9,111.9,"Campo Alegre","Polo_3",69.43,34.11,24,2.234,49.08,105.51
"CID19",2025-05-01,202.6,106.7,"Campo Alegre","Polo_3",69.43,34.11,24,2.234,49.08,105.51
"CID19",2025-06-01,220.8,106.2,"Campo Alegre","Polo_3",69.43,34.11,24,2.234,49.08,105.51
"CID19",2025-07-01,207.5,105.2,"Campo Alegre","Polo_3",69.43,34.11,24,2.234,49.08,105.51
"CID19",2025-08-01,186.1,96.4,"Campo Alegre","Polo_3",69.43,34.11,24,2.234,49.08,105.51
"CID19",2025-09-01,170.2,103.8,"Campo Alegre","Polo_3",69.43,34.11,24,2.234,49.08,105.51
"CID19",2025-10-01,169.5,105.2,"Campo Alegre","Polo_3",69.43,34.11,24,2.234,49.08,105.51
"CID19",2025-11-01,158.2,106.5,"Campo Alegre","Polo_3",69.43,34.11,24,2.234,49.08,105.51
"CID19",2025-12-01,156.8,107.1,"Campo Alegre","Polo_3",69.43,34.11,24,2.234,49.08,105.51
"CID20",2019-01-01,482.8,103.5,"Serra Bonita","Polo_3",54.13,27.66,225,2.173,49.62,96.65
"CID20",2019-02-01,499.5,107.2,"Serra Bonita","Polo_3",54.13,27.66,225,2.173,49.62,96.65
"CID20",2019-03-01,595.3,103.3,"Serra Bonita","Polo_3",54.13,27.66,225,2.173,49.62,96.65
"CID20",2019-04-01,593.4,102,"Serra Bonita","Polo_3",54.13,27.66,225,2.173,49.62,96.65
"CID20",2019-05-01,637.2,100.3,"Serra Bonita","Polo_3",54.13,27.66,225,2.173,49.62,96.65
"CID20",2019-06-01,623.3,96.9,"Serra Bonita","Polo_3",54.13,27.66,225,2.173,49.62,96.65
"CID20",2019-07-01,593.3,92,"Serra Bonita","Polo_3",54.13,27.66,225,2.173,49.62,96.65
"CID20",2019-08-01,589.7,95.1,"Serra Bonita","Polo_3",54.13,27.66,225,2.173,49.62,96.65
"CID20",2019-09-01,479.8,98.3,"Serra Bonita","Polo_3",54.13,27.66,225,2.173,49.62,96.65
"CID20",2019-10-01,407.7,95.3,"Serra Bonita","Polo_3",54.13,27.66,225,2.173,49.62,96.65
"CID20",2019-11-01,456.1,98.2,"Serra Bonita","Polo_3",54.13,27.66,225,2.173,49.62,96.65
"CID20",2019-12-01,453.4,99.2,"Serra Bonita","Polo_3",54.13,27.66,225,2.173,49.62,96.65
"CID20",2020-01-01,465.3,103.6,"Serra Bonita","Polo_3",54.13,27.66,225,2.173,49.62,96.65
"CID20",2020-02-01,513,112.2,"Serra Bonita","Polo_3",54.13,27.66,225,2.173,49.62,96.65
"CID20",2020-03-01,562.7,106.3,"Serra Bonita","Polo_3",54.13,27.66,225,2.173,49.62,96.65
"CID20",2020-04-01,621.7,108.9,"Serra Bonita","Polo_3",54.13,27.66,225,2.173,49.62,96.65
"CID20",2020-05-01,663.8,106.9,"Serra Bonita","Polo_3",54.13,27.66,225,2.173,49.62,96.65
"CID20",2020-06-01,655.5,99.1,"Serra Bonita","Polo_3",54.13,27.66,225,2.173,49.62,96.65
"CID20",2020-07-01,624.4,101.3,"Serra Bonita","Polo_3",54.13,27.66,225,2.173,49.62,96.65
"CID20",2020-08-01,587.8,99.3,"Serra Bonita","Polo_3",54.13,27.66,225,2.173,49.62,96.65
"CID20",2020-09-01,512.8,98.4,"Serra Bonita","Polo_3",54.13,27.66,225,2.173,49.62,96.65
"CID20",2020-10-01,507,100.5,"Serra Bonita","Polo_3",54.13,27.66,225,2.173,49.62,96.65
"CID20",2020-11-01,424.6,100.8,"Serra Bonita","Polo_3",54.13,27.66,225,2.173,49.62,96.65
"CID20",2020-12-01,493.5,106.3,"Serra Bonita","Polo_3",54.13,27.66,225,2.173,49.62,96.65
"CID20",2021-01-01,500.4,107.5,"Serra Bonita","Polo_3",54.13,27.66,225,2.173,49.62,96.65
"CID20",2021-02-01,546.6,105.6,"Serra Bonita","Polo_3",54.13,27.66,225,2.173,49.62,96.65
"CID20",2021-03-01,604.5,108.6,"Serra Bonita","Polo_3",54.13,27.66,225,2.173,49.62,96.65
"CID20",2021-04-01,653.2,112.2,"Serra Bonita","Polo_3",54.13,27.66,225,2.173,49.62,96.65
"CID20",2021-05-01,651.9,103.6,"Serra Bonita","Polo_3",54.13,27.66,225,2.173,49.62,96.65
"CID20",2021-06-01,670.4,103.2,"Serra Bonita","Polo_3",54.13,27.66,225,2.173,49.62,96.65
"CID20",2021-07-01,650.3,91.9,"Serra Bonita","Polo_3",54.13,27.66,225,2.173,49.62,96.65
"CID20",2021-08-01,594.3,97.9,"Serra Bonita","Polo_3",54.13,27.66,225,2.173,49.62,96.65
"CID20",2021-09-01,527.9,100.4,"Serra Bonita","Polo_3",54.13,27.66,225,2.173,49.62,96.65
"CID20",2021-10-01,502.4,102.2,"Serra Bonita","Polo_3",54.13,27.66,225,2.173,49.62,96.65
"CID20",2021-11-01,497.6,96.6,"Serra Bonita","Polo_3",54.13,27.66,225,2.173,49.62,96.65
"CID20",2021-12-01,479,101.5,"Serra Bonita","Polo_3",54.13,27.66,225,2.173,49.62,96.65
"CID20",2022-01-01,498.9,104.2,"Serra Bonita","Polo_3",54.13,27.66,225,2.173,49.62,96.65
"CID20",2022-02-01,570.3,111.2,"Serra Bonita","Polo_3",54.13,27.66,225,2.173,49.62,96.65
"CID20",2022-03-01,587.2,106.4,"Serra Bonita","Polo_3",54.13,27.66,225,2.173,49.62,96.65
"CID20",2022-04-01,675.5,106.3,"Serra Bonita","Polo_3",54.13,27.66,225,2.173,49.62,96.65
"CID20",2022-05-01,677.1,103.4,"Serra Bonita","Polo_3",54.13,27.66,225,2.173,49.62,96.65
"CID20",2022-06-01,652.3,101.4,"Serra Bonita","Polo_3",54.13,27.66,225,2.173,49.62,96.65
"CID20",2022-07-01,653.4,93.8,"Serra Bonita","Polo_3",54.13,27.66,225,2.173,49.62,96.65
"CID20",2022-08-01,580.7,97.7,"Serra Bonita","Polo_3",54.13,27.66,225,2.173,49.62,96.65
"CID20",2022-09-01,529.8,99.6,"Serra Bonita","Polo_3",54.13,27.66,225,2.173,49.62,96.65
"CID20",2022-10-01,488.7,99.1,"Serra Bonita","Polo_3",54.13,27.66,225,2.173,49.62,96.65
"CID20",2022-11-01,501.1,103.5,"Serra Bonita","Polo_3",54.13,27.66,225,2.173,49.62,96.65
"CID20",2022-12-01,477.3,99.8,"Serra Bonita","Polo_3",54.13,27.66,225,2.173,49.62,96.65
"CID20",2023-01-01,538.3,107.5,"Serra Bonita","Polo_3",54.13,27.66,225,2.173,49.62,96.65
"CID20",2023-02-01,582.3,108.4,"Serra Bonita","Polo_3",54.13,27.66,225,2.173,49.62,96.65
"CID20",2023-03-01,665.4,109.7,"Serra Bonita","Polo_3",54.13,27.66,225,2.173,49.62,96.65
"CID20",2023-04-01,697.3,106.1,"Serra Bonita","Polo_3",54.13,27.66,225,2.173,49.62,96.65
"CID20",2023-05-01,686.9,104.5,"Serra Bonita","Polo_3",54.13,27.66,225,2.173,49.62,96.65
"CID20",2023-06-01,661.8,105.8,"Serra Bonita","Polo_3",54.13,27.66,225,2.173,49.62,96.65
"CID20",2023-07-01,638.6,98.5,"Serra Bonita","Polo_3",54.13,27.66,225,2.173,49.62,96.65
"CID20",2023-08-01,602.7,101.7,"Serra Bonita","Polo_3",54.13,27.66,225,2.173,49.62,96.65
"CID20",2023-09-01,573.2,98.2,"Serra Bonita","Polo_3",54.13,27.66,225,2.173,49.62,96.65
"CID20",2023-10-01,496.1,108.2,"Serra Bonita","Polo_3",54.13,27.66,225,2.173,49.62,96.65
"CID20",2023-11-01,454.9,102.6,"Serra Bonita","Polo_3",54.13,27.66,225,2.173,49.62,96.65
"CID20",2023-12-01,500.4,110.2,"Serra Bonita","Polo_3",54.13,27.66,225,2.173,49.62,96.65
"CID20",2024-01-01,523.8,113.9,"Serra Bonita","Polo_3",54.13,27.66,225,2.173,49.62,96.65
"CID20",2024-02-01,561.2,112.6,"Serra Bonita","Polo_3",54.13,27.66,225,2.173,49.62,96.65
"CID20",2024-03-01,653.7,110.1,"Serra Bonita","Polo_3",54.13,27.66,225,2.173,49.62,96.65
"CID20",2024-04-01,664.4,105.9,"Serra Bonita","Polo_3",54.13,27.66,225,2.173,49.62,96.65
"CID20",2024-05-01,718,104.2,"Serra Bonita","Polo_3",54.13,27.66,225,2.173,49.62,96.65
"CID20",2024-06-01,732.6,100.2,"Serra Bonita","Polo_3",54.13,27.66,225,2.173,49.62,96.65
"CID20",2024-07-01,697.7,101.5,"Serra Bonita","Polo_3",54.13,27.66,225,2.173,49.62,96.65
"CID20",2024-08-01,626.1,104,"Serra Bonita","Polo_3",54.13,27.66,225,2.173,49.62,96.65
"CID20",2024-09-01,576.8,101.4,"Serra Bonita","Polo_3",54.13,27.66,225,2.173,49.62,96.65
"CID20",2024-10-01,496.5,103.2,"Serra Bonita","Polo_3",54.13,27.66,225,2.173,49.62,96.65
"CID20",2024-11-01,523.1,105.6,"Serra Bonita","Polo_3",54.13,27.66,225,2.173,49.62,96.65
"CID20",2024-12-01,490.7,106.2,"Serra Bonita","Polo_3",54.13,27.66,225,2.173,49.62,96.65
"CID20",2025-01-01,517.4,108.6,"Serra Bonita","Polo_3",54.13,27.66,225,2.173,49.62,96.65
"CID20",2025-02-01,588.7,112.2,"Serra Bonita","Polo_3",54.13,27.66,225,2.173,49.62,96.65
"CID20",2025-03-01,609.1,109.4,"Serra Bonita","Polo_3",54.13,27.66,225,2.173,49.62,96.65
"CID20",2025-04-01,705.7,110.7,"Serra Bonita","Polo_3",54.13,27.66,225,2.173,49.62,96.65
"CID20",2025-05-01,724.8,105,"Serra Bonita","Polo_3",54.13,27.66,225,2.173,49.62,96.65
"CID20",2025-06-01,735.8,106.2,"Serra Bonita","Polo_3",54.13,27.66,225,2.173,49.62,96.65
"CID20",2025-07-01,653.2,104.3,"Serra Bonita","Polo_3",54.13,27.66,225,2.173,49.62,96.65
"CID20",2025-08-01,645.9,98.6,"Serra Bonita","Polo_3",54.13,27.66,225,2.173,49.62,96.65
"CID20",2025-09-01,578.3,101.7,"Serra Bonita","Polo_3",54.13,27.66,225,2.173,49.62,96.65
"CID20",2025-10-01,537.7,103.4,"Serra Bonita","Polo_3",54.13,27.66,225,2.173,49.62,96.65
"CID20",2025-11-01,510.4,105.2,"Serra Bonita","Polo_3",54.13,27.66,225,2.173,49.62,96.65
"CID20",2025-12-01,497.8,108.5,"Serra Bonita","Polo_3",54.13,27.66,225,2.173,49.62,96.65
"CID21",2019-01-01,116.9,102.6,"Riacho Doce","Polo_2",33.96,70.83,25,2.394,48.03,76.23
"CID21",2019-02-01,124,109.2,"Riacho Doce","Polo_2",33.96,70.83,25,2.394,48.03,76.23
"CID21",2019-03-01,130.5,106.3,"Riacho Doce","Polo_2",33.96,70.83,25,2.394,48.03,76.23
"CID21",2019-04-01,147.8,103.3,"Riacho Doce","Polo_2",33.96,70.83,25,2.394,48.03,76.23
"CID21",2019-05-01,137.1,99.4,"Riacho Doce","Polo_2",33.96,70.83,25,2.394,48.03,76.23
"CID21",2019-06-01,127,97.9,"Riacho Doce","Polo_2",33.96,70.83,25,2.394,48.03,76.23
"CID21",2019-07-01,125,92.9,"Riacho Doce","Polo_2",33.96,70.83,25,2.394,48.03,76.23
"CID21",2019-08-01,110.5,95.9,"Riacho Doce","Polo_2",33.96,70.83,25,2.394,48.03,76.23
"CID21",2019-09-01,105.1,95,"Riacho Doce","Polo_2",33.96,70.83,25,2.394,48.03,76.23
"CID21",2019-10-01,99,95.8,"Riacho Doce","Polo_2",33.96,70.83,25,2.394,48.03,76.23
"CID21",2019-11-01,109.4,98.6,"Riacho Doce","Polo_2",33.96,70.83,25,2.394,48.03,76.23
"CID21",2019-12-01,111.1,100.1,"Riacho Doce","Polo_2",33.96,70.83,25,2.394,48.03,76.23
"CID21",2020-01-01,124.1,106.9,"Riacho Doce","Polo_2",33.96,70.83,25,2.394,48.03,76.23
"CID21",2020-02-01,123.1,114.3,"Riacho Doce","Polo_2",33.96,70.83,25,2.394,48.03,76.23
"CID21",2020-03-01,135,104.8,"Riacho Doce","Polo_2",33.96,70.83,25,2.394,48.03,76.23
"CID21",2020-04-01,140.7,107.8,"Riacho Doce","Polo_2",33.96,70.83,25,2.394,48.03,76.23
"CID21",2020-05-01,141.2,105.9,"Riacho Doce","Polo_2",33.96,70.83,25,2.394,48.03,76.23
"CID21",2020-06-01,134,99.1,"Riacho Doce","Polo_2",33.96,70.83,25,2.394,48.03,76.23
"CID21",2020-07-01,129.3,103.5,"Riacho Doce","Polo_2",33.96,70.83,25,2.394,48.03,76.23
"CID21",2020-08-01,122.8,99.8,"Riacho Doce","Polo_2",33.96,70.83,25,2.394,48.03,76.23
"CID21",2020-09-01,107.6,98.4,"Riacho Doce","Polo_2",33.96,70.83,25,2.394,48.03,76.23
"CID21",2020-10-01,96.7,99,"Riacho Doce","Polo_2",33.96,70.83,25,2.394,48.03,76.23
"CID21",2020-11-01,111.9,101.5,"Riacho Doce","Polo_2",33.96,70.83,25,2.394,48.03,76.23
"CID21",2020-12-01,105.1,107.2,"Riacho Doce","Polo_2",33.96,70.83,25,2.394,48.03,76.23
"CID21",2021-01-01,115.2,105.8,"Riacho Doce","Polo_2",33.96,70.83,25,2.394,48.03,76.23
"CID21",2021-02-01,126.8,107.8,"Riacho Doce","Polo_2",33.96,70.83,25,2.394,48.03,76.23
"CID21",2021-03-01,133.9,106.2,"Riacho Doce","Polo_2",33.96,70.83,25,2.394,48.03,76.23
"CID21",2021-04-01,141.7,112.8,"Riacho Doce","Polo_2",33.96,70.83,25,2.394,48.03,76.23
"CID21",2021-05-01,146.3,103.7,"Riacho Doce","Polo_2",33.96,70.83,25,2.394,48.03,76.23
"CID21",2021-06-01,146.2,104.9,"Riacho Doce","Polo_2",33.96,70.83,25,2.394,48.03,76.23
"CID21",2021-07-01,127.1,94,"Riacho Doce","Polo_2",33.96,70.83,25,2.394,48.03,76.23
"CID21",2021-08-01,114.6,96.4,"Riacho Doce","Polo_2",33.96,70.83,25,2.394,48.03,76.23
"CID21",2021-09-01,107.4,97.3,"Riacho Doce","Polo_2",33.96,70.83,25,2.394,48.03,76.23
"CID21",2021-10-01,102,97.8,"Riacho Doce","Polo_2",33.96,70.83,25,2.394,48.03,76.23
"CID21",2021-11-01,95.1,94.9,"Riacho Doce","Polo_2",33.96,70.83,25,2.394,48.03,76.23
"CID21",2021-12-01,107.9,104.2,"Riacho Doce","Polo_2",33.96,70.83,25,2.394,48.03,76.23
"CID21",2022-01-01,122.8,103.6,"Riacho Doce","Polo_2",33.96,70.83,25,2.394,48.03,76.23
"CID21",2022-02-01,135.8,108.2,"Riacho Doce","Polo_2",33.96,70.83,25,2.394,48.03,76.23
"CID21",2022-03-01,138.5,104.2,"Riacho Doce","Polo_2",33.96,70.83,25,2.394,48.03,76.23
"CID21",2022-04-01,156,104.7,"Riacho Doce","Polo_2",33.96,70.83,25,2.394,48.03,76.23
"CID21",2022-05-01,143.3,105.3,"Riacho Doce","Polo_2",33.96,70.83,25,2.394,48.03,76.23
"CID21",2022-06-01,143.3,98.2,"Riacho Doce","Polo_2",33.96,70.83,25,2.394,48.03,76.23
"CID21",2022-07-01,137.2,96.2,"Riacho Doce","Polo_2",33.96,70.83,25,2.394,48.03,76.23
"CID21",2022-08-01,122.5,94.9,"Riacho Doce","Polo_2",33.96,70.83,25,2.394,48.03,76.23
"CID21",2022-09-01,117.9,96.5,"Riacho Doce","Polo_2",33.96,70.83,25,2.394,48.03,76.23
"CID21",2022-10-01,103.9,99.8,"Riacho Doce","Polo_2",33.96,70.83,25,2.394,48.03,76.23
"CID21",2022-11-01,105.9,106.7,"Riacho Doce","Polo_2",33.96,70.83,25,2.394,48.03,76.23
"CID21",2022-12-01,103.7,103.1,"Riacho Doce","Polo_2",33.96,70.83,25,2.394,48.03,76.23
"CID21",2023-01-01,119.6,108.1,"Riacho Doce","Polo_2",33.96,70.83,25,2.394,48.03,76.23
"CID21",2023-02-01,124.4,108.7,"Riacho Doce","Polo_2",33.96,70.83,25,2.394,48.03,76.23
"CID21",2023-03-01,145.3,110.9,"Riacho Doce","Polo_2",33.96,70.83,25,2.394,48.03,76.23
"CID21",2023-04-01,148.4,105.5,"Riacho Doce","Polo_2",33.96,70.83,25,2.394,48.03,76.23
"CID21",2023-05-01,154,106,"Riacho Doce","Polo_2",33.96,70.83,25,2.394,48.03,76.23
"CID21",2023-06-01,137.8,103.9,"Riacho Doce","Polo_2",33.96,70.83,25,2.394,48.03,76.23
"CID21",2023-07-01,130.2,100.2,"Riacho Doce","Polo_2",33.96,70.83,25,2.394,48.03,76.23
"CID21",2023-08-01,121.4,102.2,"Riacho Doce","Polo_2",33.96,70.83,25,2.394,48.03,76.23
"CID21",2023-09-01,114,100.7,"Riacho Doce","Polo_2",33.96,70.83,25,2.394,48.03,76.23
"CID21",2023-10-01,111.6,106.5,"Riacho Doce","Polo_2",33.96,70.83,25,2.394,48.03,76.23
"CID21",2023-11-01,101.5,101.4,"Riacho Doce","Polo_2",33.96,70.83,25,2.394,48.03,76.23
"CID21",2023-12-01,115.8,112.4,"Riacho Doce","Polo_2",33.96,70.83,25,2.394,48.03,76.23
"CID21",2024-01-01,124.4,114.2,"Riacho Doce","Polo_2",33.96,70.83,25,2.394,48.03,76.23
"CID21",2024-02-01,135.5,108.9,"Riacho Doce","Polo_2",33.96,70.83,25,2.394,48.03,76.23
"CID21",2024-03-01,147.6,107.1,"Riacho Doce","Polo_2",33.96,70.83,25,2.394,48.03,76.23
"CID21",2024-04-01,163.6,101.4,"Riacho Doce","Polo_2",33.96,70.83,25,2.394,48.03,76.23
"CID21",2024-05-01,155.2,104.4,"Riacho Doce","Polo_2",33.96,70.83,25,2.394,48.03,76.23
"CID21",2024-06-01,150.8,102.9,"Riacho Doce","Polo_2",33.96,70.83,25,2.394,48.03,76.23
"CID21",2024-07-01,140.3,100.3,"Riacho Doce","Polo_2",33.96,70.83,25,2.394,48.03,76.23
"CID21",2024-08-01,121.1,99.2,"Riacho Doce","Polo_2",33.96,70.83,25,2.394,48.03,76.23
"CID21",2024-09-01,115.9,101.4,"Riacho Doce","Polo_2",33.96,70.83,25,2.394,48.03,76.23
"CID21",2024-10-01,102.3,101.8,"Riacho Doce","Polo_2",33.96,70.83,25,2.394,48.03,76.23
"CID21",2024-11-01,103.5,102.9,"Riacho Doce","Polo_2",33.96,70.83,25,2.394,48.03,76.23
"CID21",2024-12-01,109.9,105.3,"Riacho Doce","Polo_2",33.96,70.83,25,2.394,48.03,76.23
"CID21",2025-01-01,119.9,109,"Riacho Doce","Polo_2",33.96,70.83,25,2.394,48.03,76.23
"CID21",2025-02-01,136.4,114.6,"Riacho Doce","Polo_2",33.96,70.83,25,2.394,48.03,76.23
"CID21",2025-03-01,150.5,108.8,"Riacho Doce","Polo_2",33.96,70.83,25,2.394,48.03,76.23
"CID21",2025-04-01,154.6,110.9,"Riacho Doce","Polo_2",33.96,70.83,25,2.394,48.03,76.23
"CID21",2025-05-01,154.5,105.2,"Riacho Doce","Polo_2",33.96,70.83,25,2.394,48.03,76.23
"CID21",2025-06-01,148.6,105.2,"Riacho Doce","Polo_2",33.96,70.83,25,2.394,48.03,76.23
"CID21",2025-07-01,142.3,105.8,"Riacho Doce","Polo_2",33.96,70.83,25,2.394,48.03,76.23
"CID21",2025-08-01,126.4,98.8,"Riacho Doce","Polo_2",33.96,70.83,25,2.394,48.03,76.23
"CID21",2025-09-01,118.2,104.2,"Riacho Doce","Polo_2",33.96,70.83,25,2.394,48.03,76.23
"CID21",2025-10-01,111,101.9,"Riacho Doce","Polo_2",33.96,70.83,25,2.394,48.03,76.23
"CID21",2025-11-01,122.2,105.9,"Riacho Doce","Polo_2",33.96,70.83,25,2.394,48.03,76.23
"CID21",2025-12-01,117.4,107.8,"Riacho Doce","Polo_2",33.96,70.83,25,2.394,48.03,76.23
"CID22",2019-01-01,79,103.6,"Bela Vista Fic","Polo_5",30.42,43.26,20,3.733,55.45,79.97
"CID22",2019-02-01,87.5,108.4,"Bela Vista Fic","Polo_5",30.42,43.26,20,3.733,55.45,79.97
"CID22",2019-03-01,97,105.9,"Bela Vista Fic","Polo_5",30.42,43.26,20,3.733,55.45,79.97
"CID22",2019-04-01,107,103.5,"Bela Vista Fic","Polo_5",30.42,43.26,20,3.733,55.45,79.97
"CID22",2019-05-01,93.6,100.5,"Bela Vista Fic","Polo_5",30.42,43.26,20,3.733,55.45,79.97
"CID22",2019-06-01,107,97.4,"Bela Vista Fic","Polo_5",30.42,43.26,20,3.733,55.45,79.97
"CID22",2019-07-01,101.6,90.8,"Bela Vista Fic","Polo_5",30.42,43.26,20,3.733,55.45,79.97
"CID22",2019-08-01,96.6,92.9,"Bela Vista Fic","Polo_5",30.42,43.26,20,3.733,55.45,79.97
"CID22",2019-09-01,91.4,94.6,"Bela Vista Fic","Polo_5",30.42,43.26,20,3.733,55.45,79.97
"CID22",2019-10-01,81.9,100.9,"Bela Vista Fic","Polo_5",30.42,43.26,20,3.733,55.45,79.97
"CID22",2019-11-01,77.1,99.9,"Bela Vista Fic","Polo_5",30.42,43.26,20,3.733,55.45,79.97
"CID22",2019-12-01,75.4,103.3,"Bela Vista Fic","Polo_5",30.42,43.26,20,3.733,55.45,79.97
"CID22",2020-01-01,83.8,105.4,"Bela Vista Fic","Polo_5",30.42,43.26,20,3.733,55.45,79.97
"CID22",2020-02-01,97.6,112.8,"Bela Vista Fic","Polo_5",30.42,43.26,20,3.733,55.45,79.97
"CID22",2020-03-01,101.9,105.9,"Bela Vista Fic","Polo_5",30.42,43.26,20,3.733,55.45,79.97
"CID22",2020-04-01,100.3,108.7,"Bela Vista Fic","Polo_5",30.42,43.26,20,3.733,55.45,79.97
"CID22",2020-05-01,107.3,106.9,"Bela Vista Fic","Polo_5",30.42,43.26,20,3.733,55.45,79.97
"CID22",2020-06-01,108.5,99,"Bela Vista Fic","Polo_5",30.42,43.26,20,3.733,55.45,79.97
"CID22",2020-07-01,103.1,102.7,"Bela Vista Fic","Polo_5",30.42,43.26,20,3.733,55.45,79.97
"CID22",2020-08-01,99.7,98.1,"Bela Vista Fic","Polo_5",30.42,43.26,20,3.733,55.45,79.97
"CID22",2020-09-01,89.4,98.1,"Bela Vista Fic","Polo_5",30.42,43.26,20,3.733,55.45,79.97
"CID22",2020-10-01,78.8,97.9,"Bela Vista Fic","Polo_5",30.42,43.26,20,3.733,55.45,79.97
"CID22",2020-11-01,78.5,100.8,"Bela Vista Fic","Polo_5",30.42,43.26,20,3.733,55.45,79.97
"CID22",2020-12-01,76.7,109.8,"Bela Vista Fic","Polo_5",30.42,43.26,20,3.733,55.45,79.97
"CID22",2021-01-01,84.8,106,"Bela Vista Fic","Polo_5",30.42,43.26,20,3.733,55.45,79.97
"CID22",2021-02-01,86.3,104.6,"Bela Vista Fic","Polo_5",30.42,43.26,20,3.733,55.45,79.97
"CID22",2021-03-01,101.2,107.9,"Bela Vista Fic","Polo_5",30.42,43.26,20,3.733,55.45,79.97
"CID22",2021-04-01,105.9,111.4,"Bela Vista Fic","Polo_5",30.42,43.26,20,3.733,55.45,79.97
"CID22",2021-05-01,109.1,102.8,"Bela Vista Fic","Polo_5",30.42,43.26,20,3.733,55.45,79.97
"CID22",2021-06-01,113.9,102.2,"Bela Vista Fic","Polo_5",30.42,43.26,20,3.733,55.45,79.97
"CID22",2021-07-01,105.9,92.2,"Bela Vista Fic","Polo_5",30.42,43.26,20,3.733,55.45,79.97
"CID22",2021-08-01,93.8,99.6,"Bela Vista Fic","Polo_5",30.42,43.26,20,3.733,55.45,79.97
"CID22",2021-09-01,87.4,97.3,"Bela Vista Fic","Polo_5",30.42,43.26,20,3.733,55.45,79.97
"CID22",2021-10-01,85.4,100.6,"Bela Vista Fic","Polo_5",30.42,43.26,20,3.733,55.45,79.97
"CID22",2021-11-01,75.9,94.7,"Bela Vista Fic","Polo_5",30.42,43.26,20,3.733,55.45,79.97
"CID22",2021-12-01,80,101.8,"Bela Vista Fic","Polo_5",30.42,43.26,20,3.733,55.45,79.97
"CID22",2022-01-01,86.8,105.3,"Bela Vista Fic","Polo_5",30.42,43.26,20,3.733,55.45,79.97
"CID22",2022-02-01,89,109.9,"Bela Vista Fic","Polo_5",30.42,43.26,20,3.733,55.45,79.97
"CID22",2022-03-01,100.1,110.2,"Bela Vista Fic","Polo_5",30.42,43.26,20,3.733,55.45,79.97
"CID22",2022-04-01,101.1,106.8,"Bela Vista Fic","Polo_5",30.42,43.26,20,3.733,55.45,79.97
"CID22",2022-05-01,112.7,100.3,"Bela Vista Fic","Polo_5",30.42,43.26,20,3.733,55.45,79.97
"CID22",2022-06-01,105.3,97.2,"Bela Vista Fic","Polo_5",30.42,43.26,20,3.733,55.45,79.97
"CID22",2022-07-01,106.4,95.2,"Bela Vista Fic","Polo_5",30.42,43.26,20,3.733,55.45,79.97
"CID22",2022-08-01,97.9,97.2,"Bela Vista Fic","Polo_5",30.42,43.26,20,3.733,55.45,79.97
"CID22",2022-09-01,90.9,96.7,"Bela Vista Fic","Polo_5",30.42,43.26,20,3.733,55.45,79.97
"CID22",2022-10-01,81,99.4,"Bela Vista Fic","Polo_5",30.42,43.26,20,3.733,55.45,79.97
"CID22",2022-11-01,79.6,108.6,"Bela Vista Fic","Polo_5",30.42,43.26,20,3.733,55.45,79.97
"CID22",2022-12-01,76.6,101.8,"Bela Vista Fic","Polo_5",30.42,43.26,20,3.733,55.45,79.97
"CID22",2023-01-01,80.3,105.4,"Bela Vista Fic","Polo_5",30.42,43.26,20,3.733,55.45,79.97
"CID22",2023-02-01,90.4,112.3,"Bela Vista Fic","Polo_5",30.42,43.26,20,3.733,55.45,79.97
"CID22",2023-03-01,101.5,108.9,"Bela Vista Fic","Polo_5",30.42,43.26,20,3.733,55.45,79.97
"CID22",2023-04-01,107.3,109.8,"Bela Vista Fic","Polo_5",30.42,43.26,20,3.733,55.45,79.97
"CID22",2023-05-01,116,105.8,"Bela Vista Fic","Polo_5",30.42,43.26,20,3.733,55.45,79.97
"CID22",2023-06-01,113.4,105.2,"Bela Vista Fic","Polo_5",30.42,43.26,20,3.733,55.45,79.97
"CID22",2023-07-01,111.4,101.1,"Bela Vista Fic","Polo_5",30.42,43.26,20,3.733,55.45,79.97
"CID22",2023-08-01,100.9,102.4,"Bela Vista Fic","Polo_5",30.42,43.26,20,3.733,55.45,79.97
"CID22",2023-09-01,92.2,100.8,"Bela Vista Fic","Polo_5",30.42,43.26,20,3.733,55.45,79.97
"CID22",2023-10-01,79.2,111.2,"Bela Vista Fic","Polo_5",30.42,43.26,20,3.733,55.45,79.97
"CID22",2023-11-01,81.5,97.9,"Bela Vista Fic","Polo_5",30.42,43.26,20,3.733,55.45,79.97
"CID22",2023-12-01,88.2,111.1,"Bela Vista Fic","Polo_5",30.42,43.26,20,3.733,55.45,79.97
"CID22",2024-01-01,92.8,112.6,"Bela Vista Fic","Polo_5",30.42,43.26,20,3.733,55.45,79.97
"CID22",2024-02-01,97.6,110.9,"Bela Vista Fic","Polo_5",30.42,43.26,20,3.733,55.45,79.97
"CID22",2024-03-01,106.2,107.9,"Bela Vista Fic","Polo_5",30.42,43.26,20,3.733,55.45,79.97
"CID22",2024-04-01,110.2,105.3,"Bela Vista Fic","Polo_5",30.42,43.26,20,3.733,55.45,79.97
"CID22",2024-05-01,109.8,105.9,"Bela Vista Fic","Polo_5",30.42,43.26,20,3.733,55.45,79.97
"CID22",2024-06-01,111.5,103.7,"Bela Vista Fic","Polo_5",30.42,43.26,20,3.733,55.45,79.97
"CID22",2024-07-01,104.5,99,"Bela Vista Fic","Polo_5",30.42,43.26,20,3.733,55.45,79.97
"CID22",2024-08-01,102,101.8,"Bela Vista Fic","Polo_5",30.42,43.26,20,3.733,55.45,79.97
"CID22",2024-09-01,93.6,100.5,"Bela Vista Fic","Polo_5",30.42,43.26,20,3.733,55.45,79.97
"CID22",2024-10-01,89.9,101.5,"Bela Vista Fic","Polo_5",30.42,43.26,20,3.733,55.45,79.97
"CID22",2024-11-01,82,103.5,"Bela Vista Fic","Polo_5",30.42,43.26,20,3.733,55.45,79.97
"CID22",2024-12-01,80.7,105.4,"Bela Vista Fic","Polo_5",30.42,43.26,20,3.733,55.45,79.97
"CID22",2025-01-01,93,112.1,"Bela Vista Fic","Polo_5",30.42,43.26,20,3.733,55.45,79.97
"CID22",2025-02-01,95.2,111.6,"Bela Vista Fic","Polo_5",30.42,43.26,20,3.733,55.45,79.97
"CID22",2025-03-01,105.7,111,"Bela Vista Fic","Polo_5",30.42,43.26,20,3.733,55.45,79.97
"CID22",2025-04-01,115.2,111.6,"Bela Vista Fic","Polo_5",30.42,43.26,20,3.733,55.45,79.97
"CID22",2025-05-01,122,103.4,"Bela Vista Fic","Polo_5",30.42,43.26,20,3.733,55.45,79.97
"CID22",2025-06-01,121.3,106.7,"Bela Vista Fic","Polo_5",30.42,43.26,20,3.733,55.45,79.97
"CID22",2025-07-01,110.8,104.1,"Bela Vista Fic","Polo_5",30.42,43.26,20,3.733,55.45,79.97
"CID22",2025-08-01,99.2,95,"Bela Vista Fic","Polo_5",30.42,43.26,20,3.733,55.45,79.97
"CID22",2025-09-01,96.1,105.1,"Bela Vista Fic","Polo_5",30.42,43.26,20,3.733,55.45,79.97
"CID22",2025-10-01,87.6,103.9,"Bela Vista Fic","Polo_5",30.42,43.26,20,3.733,55.45,79.97
"CID22",2025-11-01,79,105.7,"Bela Vista Fic","Polo_5",30.42,43.26,20,3.733,55.45,79.97
"CID22",2025-12-01,84.4,110.5,"Bela Vista Fic","Polo_5",30.42,43.26,20,3.733,55.45,79.97
"CID23",2019-01-01,73.5,102.7,"Morro Azul","Polo_5",37.67,51.14,15,3.402,62.77,100.93
"CID23",2019-02-01,90.6,108.3,"Morro Azul","Polo_5",37.67,51.14,15,3.402,62.77,100.93
"CID23",2019-03-01,97.6,102.2,"Morro Azul","Polo_5",37.67,51.14,15,3.402,62.77,100.93
"CID23",2019-04-01,104.4,103.9,"Morro Azul","Polo_5",37.67,51.14,15,3.402,62.77,100.93
"CID23",2019-05-01,108.3,99.6,"Morro Azul","Polo_5",37.67,51.14,15,3.402,62.77,100.93
"CID23",2019-06-01,112.1,93.4,"Morro Azul","Polo_5",37.67,51.14,15,3.402,62.77,100.93
"CID23",2019-07-01,98.5,92.6,"Morro Azul","Polo_5",37.67,51.14,15,3.402,62.77,100.93
"CID23",2019-08-01,90.1,93.9,"Morro Azul","Polo_5",37.67,51.14,15,3.402,62.77,100.93
"CID23",2019-09-01,80.8,95.4,"Morro Azul","Polo_5",37.67,51.14,15,3.402,62.77,100.93
"CID23",2019-10-01,78,96.2,"Morro Azul","Polo_5",37.67,51.14,15,3.402,62.77,100.93
"CID23",2019-11-01,75.1,100,"Morro Azul","Polo_5",37.67,51.14,15,3.402,62.77,100.93
"CID23",2019-12-01,76.5,99.5,"Morro Azul","Polo_5",37.67,51.14,15,3.402,62.77,100.93
"CID23",2020-01-01,76.9,104.3,"Morro Azul","Polo_5",37.67,51.14,15,3.402,62.77,100.93
"CID23",2020-02-01,88.9,114.2,"Morro Azul","Polo_5",37.67,51.14,15,3.402,62.77,100.93
"CID23",2020-03-01,97.7,104.9,"Morro Azul","Polo_5",37.67,51.14,15,3.402,62.77,100.93
"CID23",2020-04-01,105.7,107.2,"Morro Azul","Polo_5",37.67,51.14,15,3.402,62.77,100.93
"CID23",2020-05-01,113.3,103.7,"Morro Azul","Polo_5",37.67,51.14,15,3.402,62.77,100.93
"CID23",2020-06-01,106.6,97.3,"Morro Azul","Polo_5",37.67,51.14,15,3.402,62.77,100.93
"CID23",2020-07-01,107.2,100.1,"Morro Azul","Polo_5",37.67,51.14,15,3.402,62.77,100.93
"CID23",2020-08-01,92.9,98.4,"Morro Azul","Polo_5",37.67,51.14,15,3.402,62.77,100.93
"CID23",2020-09-01,90.2,98.7,"Morro Azul","Polo_5",37.67,51.14,15,3.402,62.77,100.93
"CID23",2020-10-01,80.8,99.3,"Morro Azul","Polo_5",37.67,51.14,15,3.402,62.77,100.93
"CID23",2020-11-01,82.5,104.7,"Morro Azul","Polo_5",37.67,51.14,15,3.402,62.77,100.93
"CID23",2020-12-01,80.7,110.3,"Morro Azul","Polo_5",37.67,51.14,15,3.402,62.77,100.93
"CID23",2021-01-01,78.4,106.5,"Morro Azul","Polo_5",37.67,51.14,15,3.402,62.77,100.93
"CID23",2021-02-01,77.4,108.3,"Morro Azul","Polo_5",37.67,51.14,15,3.402,62.77,100.93
"CID23",2021-03-01,97.9,107.5,"Morro Azul","Polo_5",37.67,51.14,15,3.402,62.77,100.93
"CID23",2021-04-01,106.4,112.3,"Morro Azul","Polo_5",37.67,51.14,15,3.402,62.77,100.93
"CID23",2021-05-01,111.3,101.5,"Morro Azul","Polo_5",37.67,51.14,15,3.402,62.77,100.93
"CID23",2021-06-01,111.6,105.7,"Morro Azul","Polo_5",37.67,51.14,15,3.402,62.77,100.93
"CID23",2021-07-01,104.5,91.8,"Morro Azul","Polo_5",37.67,51.14,15,3.402,62.77,100.93
"CID23",2021-08-01,97.3,100.3,"Morro Azul","Polo_5",37.67,51.14,15,3.402,62.77,100.93
"CID23",2021-09-01,89.4,96.7,"Morro Azul","Polo_5",37.67,51.14,15,3.402,62.77,100.93
"CID23",2021-10-01,79.9,100.5,"Morro Azul","Polo_5",37.67,51.14,15,3.402,62.77,100.93
"CID23",2021-11-01,74.3,91.2,"Morro Azul","Polo_5",37.67,51.14,15,3.402,62.77,100.93
"CID23",2021-12-01,83.4,104.3,"Morro Azul","Polo_5",37.67,51.14,15,3.402,62.77,100.93
"CID23",2022-01-01,72.5,103.1,"Morro Azul","Polo_5",37.67,51.14,15,3.402,62.77,100.93
"CID23",2022-02-01,90.8,107.6,"Morro Azul","Polo_5",37.67,51.14,15,3.402,62.77,100.93
"CID23",2022-03-01,96.7,106.2,"Morro Azul","Polo_5",37.67,51.14,15,3.402,62.77,100.93
"CID23",2022-04-01,103.1,107.3,"Morro Azul","Polo_5",37.67,51.14,15,3.402,62.77,100.93
"CID23",2022-05-01,117.3,102.8,"Morro Azul","Polo_5",37.67,51.14,15,3.402,62.77,100.93
"CID23",2022-06-01,116.7,97.7,"Morro Azul","Polo_5",37.67,51.14,15,3.402,62.77,100.93
"CID23",2022-07-01,109.3,95.8,"Morro Azul","Polo_5",37.67,51.14,15,3.402,62.77,100.93
"CID23",2022-08-01,104.3,98.3,"Morro Azul","Polo_5",37.67,51.14,15,3.402,62.77,100.93
"CID23",2022-09-01,91.9,97.9,"Morro Azul","Polo_5",37.67,51.14,15,3.402,62.77,100.93
"CID23",2022-10-01,86.1,98.9,"Morro Azul","Polo_5",37.67,51.14,15,3.402,62.77,100.93
"CID23",2022-11-01,77.6,106.7,"Morro Azul","Polo_5",37.67,51.14,15,3.402,62.77,100.93
"CID23",2022-12-01,82.4,103.3,"Morro Azul","Polo_5",37.67,51.14,15,3.402,62.77,100.93
"CID23",2023-01-01,85.5,106.6,"Morro Azul","Polo_5",37.67,51.14,15,3.402,62.77,100.93
"CID23",2023-02-01,89.2,111.6,"Morro Azul","Polo_5",37.67,51.14,15,3.402,62.77,100.93
"CID23",2023-03-01,106,109.3,"Morro Azul","Polo_5",37.67,51.14,15,3.402,62.77,100.93
"CID23",2023-04-01,108.2,106.7,"Morro Azul","Polo_5",37.67,51.14,15,3.402,62.77,100.93
"CID23",2023-05-01,118.9,108.6,"Morro Azul","Polo_5",37.67,51.14,15,3.402,62.77,100.93
"CID23",2023-06-01,114.6,105,"Morro Azul","Polo_5",37.67,51.14,15,3.402,62.77,100.93
"CID23",2023-07-01,112.5,98.9,"Morro Azul","Polo_5",37.67,51.14,15,3.402,62.77,100.93
"CID23",2023-08-01,107,102.1,"Morro Azul","Polo_5",37.67,51.14,15,3.402,62.77,100.93
"CID23",2023-09-01,94.9,103.6,"Morro Azul","Polo_5",37.67,51.14,15,3.402,62.77,100.93
"CID23",2023-10-01,88.9,107.2,"Morro Azul","Polo_5",37.67,51.14,15,3.402,62.77,100.93
"CID23",2023-11-01,79.3,100.9,"Morro Azul","Polo_5",37.67,51.14,15,3.402,62.77,100.93
"CID23",2023-12-01,83.2,113.7,"Morro Azul","Polo_5",37.67,51.14,15,3.402,62.77,100.93
"CID23",2024-01-01,82.4,112.7,"Morro Azul","Polo_5",37.67,51.14,15,3.402,62.77,100.93
"CID23",2024-02-01,93.5,111.9,"Morro Azul","Polo_5",37.67,51.14,15,3.402,62.77,100.93
"CID23",2024-03-01,106,111,"Morro Azul","Polo_5",37.67,51.14,15,3.402,62.77,100.93
"CID23",2024-04-01,109.9,102.9,"Morro Azul","Polo_5",37.67,51.14,15,3.402,62.77,100.93
"CID23",2024-05-01,116,108,"Morro Azul","Polo_5",37.67,51.14,15,3.402,62.77,100.93
"CID23",2024-06-01,119.4,103.7,"Morro Azul","Polo_5",37.67,51.14,15,3.402,62.77,100.93
"CID23",2024-07-01,111.2,99.7,"Morro Azul","Polo_5",37.67,51.14,15,3.402,62.77,100.93
"CID23",2024-08-01,108.6,101,"Morro Azul","Polo_5",37.67,51.14,15,3.402,62.77,100.93
"CID23",2024-09-01,95,99.7,"Morro Azul","Polo_5",37.67,51.14,15,3.402,62.77,100.93
"CID23",2024-10-01,89.3,100.9,"Morro Azul","Polo_5",37.67,51.14,15,3.402,62.77,100.93
"CID23",2024-11-01,75.8,101.4,"Morro Azul","Polo_5",37.67,51.14,15,3.402,62.77,100.93
"CID23",2024-12-01,80.8,103.9,"Morro Azul","Polo_5",37.67,51.14,15,3.402,62.77,100.93
"CID23",2025-01-01,89.2,111.3,"Morro Azul","Polo_5",37.67,51.14,15,3.402,62.77,100.93
"CID23",2025-02-01,100.6,113.1,"Morro Azul","Polo_5",37.67,51.14,15,3.402,62.77,100.93
"CID23",2025-03-01,105.1,109.9,"Morro Azul","Polo_5",37.67,51.14,15,3.402,62.77,100.93
"CID23",2025-04-01,119.2,109.2,"Morro Azul","Polo_5",37.67,51.14,15,3.402,62.77,100.93
"CID23",2025-05-01,121,107.9,"Morro Azul","Polo_5",37.67,51.14,15,3.402,62.77,100.93
"CID23",2025-06-01,122.4,108,"Morro Azul","Polo_5",37.67,51.14,15,3.402,62.77,100.93
"CID23",2025-07-01,116.9,105.2,"Morro Azul","Polo_5",37.67,51.14,15,3.402,62.77,100.93
"CID23",2025-08-01,106.5,99.7,"Morro Azul","Polo_5",37.67,51.14,15,3.402,62.77,100.93
"CID23",2025-09-01,90.9,104.2,"Morro Azul","Polo_5",37.67,51.14,15,3.402,62.77,100.93
"CID23",2025-10-01,82.9,108.3,"Morro Azul","Polo_5",37.67,51.14,15,3.402,62.77,100.93
"CID23",2025-11-01,85,103.9,"Morro Azul","Polo_5",37.67,51.14,15,3.402,62.77,100.93
"CID23",2025-12-01,84.7,110.1,"Morro Azul","Polo_5",37.67,51.14,15,3.402,62.77,100.93
"CID24",2019-01-01,96.2,106.2,"Fonte Nova","Polo_5",37.73,55.84,27,4.313,57.58,116.5
"CID24",2019-02-01,99,107.2,"Fonte Nova","Polo_5",37.73,55.84,27,4.313,57.58,116.5
"CID24",2019-03-01,122.1,105.1,"Fonte Nova","Polo_5",37.73,55.84,27,4.313,57.58,116.5
"CID24",2019-04-01,119.4,102.4,"Fonte Nova","Polo_5",37.73,55.84,27,4.313,57.58,116.5
"CID24",2019-05-01,116.6,100.4,"Fonte Nova","Polo_5",37.73,55.84,27,4.313,57.58,116.5
"CID24",2019-06-01,119,96.2,"Fonte Nova","Polo_5",37.73,55.84,27,4.313,57.58,116.5
"CID24",2019-07-01,115.6,92.7,"Fonte Nova","Polo_5",37.73,55.84,27,4.313,57.58,116.5
"CID24",2019-08-01,105.3,94.4,"Fonte Nova","Polo_5",37.73,55.84,27,4.313,57.58,116.5
"CID24",2019-09-01,90.5,95.7,"Fonte Nova","Polo_5",37.73,55.84,27,4.313,57.58,116.5
"CID24",2019-10-01,87.9,99.8,"Fonte Nova","Polo_5",37.73,55.84,27,4.313,57.58,116.5
"CID24",2019-11-01,91.6,97,"Fonte Nova","Polo_5",37.73,55.84,27,4.313,57.58,116.5
"CID24",2019-12-01,89.4,101.3,"Fonte Nova","Polo_5",37.73,55.84,27,4.313,57.58,116.5
"CID24",2020-01-01,87.5,107.6,"Fonte Nova","Polo_5",37.73,55.84,27,4.313,57.58,116.5
"CID24",2020-02-01,100.9,112.8,"Fonte Nova","Polo_5",37.73,55.84,27,4.313,57.58,116.5
"CID24",2020-03-01,116.6,106.9,"Fonte Nova","Polo_5",37.73,55.84,27,4.313,57.58,116.5
"CID24",2020-04-01,129.3,109.8,"Fonte Nova","Polo_5",37.73,55.84,27,4.313,57.58,116.5
"CID24",2020-05-01,125.2,109.2,"Fonte Nova","Polo_5",37.73,55.84,27,4.313,57.58,116.5
"CID24",2020-06-01,119.3,101.9,"Fonte Nova","Polo_5",37.73,55.84,27,4.313,57.58,116.5
"CID24",2020-07-01,108.2,100.6,"Fonte Nova","Polo_5",37.73,55.84,27,4.313,57.58,116.5
"CID24",2020-08-01,101.6,96.2,"Fonte Nova","Polo_5",37.73,55.84,27,4.313,57.58,116.5
"CID24",2020-09-01,100,98.7,"Fonte Nova","Polo_5",37.73,55.84,27,4.313,57.58,116.5
"CID24",2020-10-01,89.5,96.9,"Fonte Nova","Polo_5",37.73,55.84,27,4.313,57.58,116.5
"CID24",2020-11-01,80.9,99.6,"Fonte Nova","Polo_5",37.73,55.84,27,4.313,57.58,116.5
"CID24",2020-12-01,90.5,110.6,"Fonte Nova","Polo_5",37.73,55.84,27,4.313,57.58,116.5
"CID24",2021-01-01,98.1,105.5,"Fonte Nova","Polo_5",37.73,55.84,27,4.313,57.58,116.5
"CID24",2021-02-01,101.4,108.2,"Fonte Nova","Polo_5",37.73,55.84,27,4.313,57.58,116.5
"CID24",2021-03-01,119.7,106.1,"Fonte Nova","Polo_5",37.73,55.84,27,4.313,57.58,116.5
"CID24",2021-04-01,123.1,112.7,"Fonte Nova","Polo_5",37.73,55.84,27,4.313,57.58,116.5
"CID24",2021-05-01,132.6,104.2,"Fonte Nova","Polo_5",37.73,55.84,27,4.313,57.58,116.5
"CID24",2021-06-01,129.9,103.2,"Fonte Nova","Polo_5",37.73,55.84,27,4.313,57.58,116.5
"CID24",2021-07-01,114.7,95.3,"Fonte Nova","Polo_5",37.73,55.84,27,4.313,57.58,116.5
"CID24",2021-08-01,114.2,100.4,"Fonte Nova","Polo_5",37.73,55.84,27,4.313,57.58,116.5
"CID24",2021-09-01,96.3,98.2,"Fonte Nova","Polo_5",37.73,55.84,27,4.313,57.58,116.5
"CID24",2021-10-01,87.8,102.6,"Fonte Nova","Polo_5",37.73,55.84,27,4.313,57.58,116.5
"CID24",2021-11-01,86,96,"Fonte Nova","Polo_5",37.73,55.84,27,4.313,57.58,116.5
"CID24",2021-12-01,96.2,101.5,"Fonte Nova","Polo_5",37.73,55.84,27,4.313,57.58,116.5
"CID24",2022-01-01,99.4,106.1,"Fonte Nova","Polo_5",37.73,55.84,27,4.313,57.58,116.5
"CID24",2022-02-01,107.3,109.6,"Fonte Nova","Polo_5",37.73,55.84,27,4.313,57.58,116.5
"CID24",2022-03-01,124.8,109.6,"Fonte Nova","Polo_5",37.73,55.84,27,4.313,57.58,116.5
"CID24",2022-04-01,123,104.8,"Fonte Nova","Polo_5",37.73,55.84,27,4.313,57.58,116.5
"CID24",2022-05-01,132.1,102,"Fonte Nova","Polo_5",37.73,55.84,27,4.313,57.58,116.5
"CID24",2022-06-01,127.1,98.8,"Fonte Nova","Polo_5",37.73,55.84,27,4.313,57.58,116.5
"CID24",2022-07-01,125.8,95.6,"Fonte Nova","Polo_5",37.73,55.84,27,4.313,57.58,116.5
"CID24",2022-08-01,104.3,95.8,"Fonte Nova","Polo_5",37.73,55.84,27,4.313,57.58,116.5
"CID24",2022-09-01,102.4,97,"Fonte Nova","Polo_5",37.73,55.84,27,4.313,57.58,116.5
"CID24",2022-10-01,95.2,98.9,"Fonte Nova","Polo_5",37.73,55.84,27,4.313,57.58,116.5
"CID24",2022-11-01,95.4,107.7,"Fonte Nova","Polo_5",37.73,55.84,27,4.313,57.58,116.5
"CID24",2022-12-01,99.4,102.4,"Fonte Nova","Polo_5",37.73,55.84,27,4.313,57.58,116.5
"CID24",2023-01-01,107.6,105.6,"Fonte Nova","Polo_5",37.73,55.84,27,4.313,57.58,116.5
"CID24",2023-02-01,104.5,110.5,"Fonte Nova","Polo_5",37.73,55.84,27,4.313,57.58,116.5
"CID24",2023-03-01,122,109,"Fonte Nova","Polo_5",37.73,55.84,27,4.313,57.58,116.5
"CID24",2023-04-01,132,111.4,"Fonte Nova","Polo_5",37.73,55.84,27,4.313,57.58,116.5
"CID24",2023-05-01,134.6,103.2,"Fonte Nova","Polo_5",37.73,55.84,27,4.313,57.58,116.5
"CID24",2023-06-01,141.4,101.9,"Fonte Nova","Polo_5",37.73,55.84,27,4.313,57.58,116.5
"CID24",2023-07-01,120.7,100.1,"Fonte Nova","Polo_5",37.73,55.84,27,4.313,57.58,116.5
"CID24",2023-08-01,108.8,102.4,"Fonte Nova","Polo_5",37.73,55.84,27,4.313,57.58,116.5
"CID24",2023-09-01,98.6,97.1,"Fonte Nova","Polo_5",37.73,55.84,27,4.313,57.58,116.5
"CID24",2023-10-01,87.2,109.2,"Fonte Nova","Polo_5",37.73,55.84,27,4.313,57.58,116.5
"CID24",2023-11-01,96.7,100.6,"Fonte Nova","Polo_5",37.73,55.84,27,4.313,57.58,116.5
"CID24",2023-12-01,94.7,110.4,"Fonte Nova","Polo_5",37.73,55.84,27,4.313,57.58,116.5
"CID24",2024-01-01,105.2,114.4,"Fonte Nova","Polo_5",37.73,55.84,27,4.313,57.58,116.5
"CID24",2024-02-01,114.1,113.4,"Fonte Nova","Polo_5",37.73,55.84,27,4.313,57.58,116.5
"CID24",2024-03-01,123.6,107.9,"Fonte Nova","Polo_5",37.73,55.84,27,4.313,57.58,116.5
"CID24",2024-04-01,140.4,104.4,"Fonte Nova","Polo_5",37.73,55.84,27,4.313,57.58,116.5
"CID24",2024-05-01,140,105.3,"Fonte Nova","Polo_5",37.73,55.84,27,4.313,57.58,116.5
"CID24",2024-06-01,130.2,99,"Fonte Nova","Polo_5",37.73,55.84,27,4.313,57.58,116.5
"CID24",2024-07-01,122.2,101,"Fonte Nova","Polo_5",37.73,55.84,27,4.313,57.58,116.5
"CID24",2024-08-01,111.5,100.2,"Fonte Nova","Polo_5",37.73,55.84,27,4.313,57.58,116.5
"CID24",2024-09-01,104.4,100.8,"Fonte Nova","Polo_5",37.73,55.84,27,4.313,57.58,116.5
"CID24",2024-10-01,112,102,"Fonte Nova","Polo_5",37.73,55.84,27,4.313,57.58,116.5
"CID24",2024-11-01,91.7,104,"Fonte Nova","Polo_5",37.73,55.84,27,4.313,57.58,116.5
"CID24",2024-12-01,96.6,102.8,"Fonte Nova","Polo_5",37.73,55.84,27,4.313,57.58,116.5
"CID24",2025-01-01,113.3,108.8,"Fonte Nova","Polo_5",37.73,55.84,27,4.313,57.58,116.5
"CID24",2025-02-01,121.2,113.1,"Fonte Nova","Polo_5",37.73,55.84,27,4.313,57.58,116.5
"CID24",2025-03-01,130.5,110.8,"Fonte Nova","Polo_5",37.73,55.84,27,4.313,57.58,116.5
"CID24",2025-04-01,136,111.8,"Fonte Nova","Polo_5",37.73,55.84,27,4.313,57.58,116.5
"CID24",2025-05-01,140,105.2,"Fonte Nova","Polo_5",37.73,55.84,27,4.313,57.58,116.5
"CID24",2025-06-01,131.1,102.4,"Fonte Nova","Polo_5",37.73,55.84,27,4.313,57.58,116.5
"CID24",2025-07-01,117.5,104.7,"Fonte Nova","Polo_5",37.73,55.84,27,4.313,57.58,116.5
"CID24",2025-08-01,116.7,97.9,"Fonte Nova","Polo_5",37.73,55.84,27,4.313,57.58,116.5
"CID24",2025-09-01,109.7,99,"Fonte Nova","Polo_5",37.73,55.84,27,4.313,57.58,116.5
"CID24",2025-10-01,104.4,104.1,"Fonte Nova","Polo_5",37.73,55.84,27,4.313,57.58,116.5
"CID24",2025-11-01,100,103.2,"Fonte Nova","Polo_5",37.73,55.84,27,4.313,57.58,116.5
"CID24",2025-12-01,100.6,109.8,"Fonte Nova","Polo_5",37.73,55.84,27,4.313,57.58,116.5
"CID25",2019-01-01,137.7,102.8,"Planalto Verde","Polo_3",68.56,37.04,38,1.393,50.57,90.34
"CID25",2019-02-01,157.4,107.3,"Planalto Verde","Polo_3",68.56,37.04,38,1.393,50.57,90.34
"CID25",2019-03-01,163.5,104.5,"Planalto Verde","Polo_3",68.56,37.04,38,1.393,50.57,90.34
"CID25",2019-04-01,186,105.5,"Planalto Verde","Polo_3",68.56,37.04,38,1.393,50.57,90.34
"CID25",2019-05-01,193.8,99.7,"Planalto Verde","Polo_3",68.56,37.04,38,1.393,50.57,90.34
"CID25",2019-06-01,196.1,96.8,"Planalto Verde","Polo_3",68.56,37.04,38,1.393,50.57,90.34
"CID25",2019-07-01,198.4,91.2,"Planalto Verde","Polo_3",68.56,37.04,38,1.393,50.57,90.34
"CID25",2019-08-01,176.9,97.9,"Planalto Verde","Polo_3",68.56,37.04,38,1.393,50.57,90.34
"CID25",2019-09-01,161,91.5,"Planalto Verde","Polo_3",68.56,37.04,38,1.393,50.57,90.34
"CID25",2019-10-01,149.9,94.6,"Planalto Verde","Polo_3",68.56,37.04,38,1.393,50.57,90.34
"CID25",2019-11-01,149.6,96.9,"Planalto Verde","Polo_3",68.56,37.04,38,1.393,50.57,90.34
"CID25",2019-12-01,127.6,103.2,"Planalto Verde","Polo_3",68.56,37.04,38,1.393,50.57,90.34
"CID25",2020-01-01,158.7,104.1,"Planalto Verde","Polo_3",68.56,37.04,38,1.393,50.57,90.34
"CID25",2020-02-01,154.5,112.8,"Planalto Verde","Polo_3",68.56,37.04,38,1.393,50.57,90.34
"CID25",2020-03-01,168.4,103.9,"Planalto Verde","Polo_3",68.56,37.04,38,1.393,50.57,90.34
"CID25",2020-04-01,179.2,108.4,"Planalto Verde","Polo_3",68.56,37.04,38,1.393,50.57,90.34
"CID25",2020-05-01,178.7,108.9,"Planalto Verde","Polo_3",68.56,37.04,38,1.393,50.57,90.34
"CID25",2020-06-01,200.6,99.1,"Planalto Verde","Polo_3",68.56,37.04,38,1.393,50.57,90.34
"CID25",2020-07-01,203.1,101.7,"Planalto Verde","Polo_3",68.56,37.04,38,1.393,50.57,90.34
"CID25",2020-08-01,191.8,97.5,"Planalto Verde","Polo_3",68.56,37.04,38,1.393,50.57,90.34
"CID25",2020-09-01,168.4,101.6,"Planalto Verde","Polo_3",68.56,37.04,38,1.393,50.57,90.34
"CID25",2020-10-01,168.9,100.1,"Planalto Verde","Polo_3",68.56,37.04,38,1.393,50.57,90.34
"CID25",2020-11-01,138.5,101.8,"Planalto Verde","Polo_3",68.56,37.04,38,1.393,50.57,90.34
"CID25",2020-12-01,140.8,106.7,"Planalto Verde","Polo_3",68.56,37.04,38,1.393,50.57,90.34
"CID25",2021-01-01,140.8,106.9,"Planalto Verde","Polo_3",68.56,37.04,38,1.393,50.57,90.34
"CID25",2021-02-01,138.4,107.4,"Planalto Verde","Polo_3",68.56,37.04,38,1.393,50.57,90.34
"CID25",2021-03-01,174.1,107.2,"Planalto Verde","Polo_3",68.56,37.04,38,1.393,50.57,90.34
"CID25",2021-04-01,191.6,110.1,"Planalto Verde","Polo_3",68.56,37.04,38,1.393,50.57,90.34
"CID25",2021-05-01,207,104.4,"Planalto Verde","Polo_3",68.56,37.04,38,1.393,50.57,90.34
"CID25",2021-06-01,212.1,101.5,"Planalto Verde","Polo_3",68.56,37.04,38,1.393,50.57,90.34
"CID25",2021-07-01,192.2,91.3,"Planalto Verde","Polo_3",68.56,37.04,38,1.393,50.57,90.34
"CID25",2021-08-01,198.6,99.6,"Planalto Verde","Polo_3",68.56,37.04,38,1.393,50.57,90.34
"CID25",2021-09-01,169.6,97.7,"Planalto Verde","Polo_3",68.56,37.04,38,1.393,50.57,90.34
"CID25",2021-10-01,178.5,101.1,"Planalto Verde","Polo_3",68.56,37.04,38,1.393,50.57,90.34
"CID25",2021-11-01,153.2,94.7,"Planalto Verde","Polo_3",68.56,37.04,38,1.393,50.57,90.34
"CID25",2021-12-01,132.8,100.8,"Planalto Verde","Polo_3",68.56,37.04,38,1.393,50.57,90.34
"CID25",2022-01-01,147.9,105.5,"Planalto Verde","Polo_3",68.56,37.04,38,1.393,50.57,90.34
"CID25",2022-02-01,163.4,110.1,"Planalto Verde","Polo_3",68.56,37.04,38,1.393,50.57,90.34
"CID25",2022-03-01,173.2,104.7,"Planalto Verde","Polo_3",68.56,37.04,38,1.393,50.57,90.34
"CID25",2022-04-01,186.1,106.4,"Planalto Verde","Polo_3",68.56,37.04,38,1.393,50.57,90.34
"CID25",2022-05-01,209.7,103.8,"Planalto Verde","Polo_3",68.56,37.04,38,1.393,50.57,90.34
"CID25",2022-06-01,206.3,93.9,"Planalto Verde","Polo_3",68.56,37.04,38,1.393,50.57,90.34
"CID25",2022-07-01,202.7,92.5,"Planalto Verde","Polo_3",68.56,37.04,38,1.393,50.57,90.34
"CID25",2022-08-01,188.9,97.2,"Planalto Verde","Polo_3",68.56,37.04,38,1.393,50.57,90.34
"CID25",2022-09-01,173,97.4,"Planalto Verde","Polo_3",68.56,37.04,38,1.393,50.57,90.34
"CID25",2022-10-01,166.1,97.1,"Planalto Verde","Polo_3",68.56,37.04,38,1.393,50.57,90.34
"CID25",2022-11-01,144.7,107.3,"Planalto Verde","Polo_3",68.56,37.04,38,1.393,50.57,90.34
"CID25",2022-12-01,141.5,102.5,"Planalto Verde","Polo_3",68.56,37.04,38,1.393,50.57,90.34
"CID25",2023-01-01,151.5,105.4,"Planalto Verde","Polo_3",68.56,37.04,38,1.393,50.57,90.34
"CID25",2023-02-01,159.9,109.2,"Planalto Verde","Polo_3",68.56,37.04,38,1.393,50.57,90.34
"CID25",2023-03-01,167.2,110.4,"Planalto Verde","Polo_3",68.56,37.04,38,1.393,50.57,90.34
"CID25",2023-04-01,206.6,106.4,"Planalto Verde","Polo_3",68.56,37.04,38,1.393,50.57,90.34
"CID25",2023-05-01,221.6,104.2,"Planalto Verde","Polo_3",68.56,37.04,38,1.393,50.57,90.34
"CID25",2023-06-01,216.2,103.1,"Planalto Verde","Polo_3",68.56,37.04,38,1.393,50.57,90.34
"CID25",2023-07-01,223.2,102.2,"Planalto Verde","Polo_3",68.56,37.04,38,1.393,50.57,90.34
"CID25",2023-08-01,202.6,101.7,"Planalto Verde","Polo_3",68.56,37.04,38,1.393,50.57,90.34
"CID25",2023-09-01,177.7,100.3,"Planalto Verde","Polo_3",68.56,37.04,38,1.393,50.57,90.34
"CID25",2023-10-01,167.5,106.6,"Planalto Verde","Polo_3",68.56,37.04,38,1.393,50.57,90.34
"CID25",2023-11-01,148.1,100.4,"Planalto Verde","Polo_3",68.56,37.04,38,1.393,50.57,90.34
"CID25",2023-12-01,140.5,108.2,"Planalto Verde","Polo_3",68.56,37.04,38,1.393,50.57,90.34
"CID25",2024-01-01,136.1,115.3,"Planalto Verde","Polo_3",68.56,37.04,38,1.393,50.57,90.34
"CID25",2024-02-01,183.6,111,"Planalto Verde","Polo_3",68.56,37.04,38,1.393,50.57,90.34
"CID25",2024-03-01,176.5,106.4,"Planalto Verde","Polo_3",68.56,37.04,38,1.393,50.57,90.34
"CID25",2024-04-01,194.4,105.2,"Planalto Verde","Polo_3",68.56,37.04,38,1.393,50.57,90.34
"CID25",2024-05-01,219.8,103.6,"Planalto Verde","Polo_3",68.56,37.04,38,1.393,50.57,90.34
"CID25",2024-06-01,223.3,105.3,"Planalto Verde","Polo_3",68.56,37.04,38,1.393,50.57,90.34
"CID25",2024-07-01,207.3,98.9,"Planalto Verde","Polo_3",68.56,37.04,38,1.393,50.57,90.34
"CID25",2024-08-01,211.3,101.5,"Planalto Verde","Polo_3",68.56,37.04,38,1.393,50.57,90.34
"CID25",2024-09-01,183.9,99.7,"Planalto Verde","Polo_3",68.56,37.04,38,1.393,50.57,90.34
"CID25",2024-10-01,165.4,105,"Planalto Verde","Polo_3",68.56,37.04,38,1.393,50.57,90.34
"CID25",2024-11-01,157.1,103.1,"Planalto Verde","Polo_3",68.56,37.04,38,1.393,50.57,90.34
"CID25",2024-12-01,152.7,105.6,"Planalto Verde","Polo_3",68.56,37.04,38,1.393,50.57,90.34
"CID25",2025-01-01,147.1,110.7,"Planalto Verde","Polo_3",68.56,37.04,38,1.393,50.57,90.34
"CID25",2025-02-01,167.1,112.2,"Planalto Verde","Polo_3",68.56,37.04,38,1.393,50.57,90.34
"CID25",2025-03-01,195.9,105.9,"Planalto Verde","Polo_3",68.56,37.04,38,1.393,50.57,90.34
"CID25",2025-04-01,197.1,111.2,"Planalto Verde","Polo_3",68.56,37.04,38,1.393,50.57,90.34
"CID25",2025-05-01,233.1,108.1,"Planalto Verde","Polo_3",68.56,37.04,38,1.393,50.57,90.34
"CID25",2025-06-01,220.5,107.6,"Planalto Verde","Polo_3",68.56,37.04,38,1.393,50.57,90.34
"CID25",2025-07-01,215.5,104.3,"Planalto Verde","Polo_3",68.56,37.04,38,1.393,50.57,90.34
"CID25",2025-08-01,207.7,98.1,"Planalto Verde","Polo_3",68.56,37.04,38,1.393,50.57,90.34
"CID25",2025-09-01,193.5,103.8,"Planalto Verde","Polo_3",68.56,37.04,38,1.393,50.57,90.34
"CID25",2025-10-01,167.5,103.7,"Planalto Verde","Polo_3",68.56,37.04,38,1.393,50.57,90.34
"CID25",2025-11-01,158.6,107.5,"Planalto Verde","Polo_3",68.56,37.04,38,1.393,50.57,90.34
"CID25",2025-12-01,158.9,109.8,"Planalto Verde","Polo_3",68.56,37.04,38,1.393,50.57,90.34
"CID26",2019-01-01,399.3,101.4,"Vale Dourado","Polo_5",40.67,47.98,147,4.338,50.61,108.14
"CID26",2019-02-01,438.9,104.9,"Vale Dourado","Polo_5",40.67,47.98,147,4.338,50.61,108.14
"CID26",2019-03-01,481.8,100.5,"Vale Dourado","Polo_5",40.67,47.98,147,4.338,50.61,108.14
"CID26",2019-04-01,481.2,103.2,"Vale Dourado","Polo_5",40.67,47.98,147,4.338,50.61,108.14
"CID26",2019-05-01,457.1,97.7,"Vale Dourado","Polo_5",40.67,47.98,147,4.338,50.61,108.14
"CID26",2019-06-01,457.2,94.7,"Vale Dourado","Polo_5",40.67,47.98,147,4.338,50.61,108.14
"CID26",2019-07-01,426.9,94.3,"Vale Dourado","Polo_5",40.67,47.98,147,4.338,50.61,108.14
"CID26",2019-08-01,410.1,94.3,"Vale Dourado","Polo_5",40.67,47.98,147,4.338,50.61,108.14
"CID26",2019-09-01,345.6,96.5,"Vale Dourado","Polo_5",40.67,47.98,147,4.338,50.61,108.14
"CID26",2019-10-01,324.7,99.7,"Vale Dourado","Polo_5",40.67,47.98,147,4.338,50.61,108.14
"CID26",2019-11-01,332.7,98.7,"Vale Dourado","Polo_5",40.67,47.98,147,4.338,50.61,108.14
"CID26",2019-12-01,371.9,102.7,"Vale Dourado","Polo_5",40.67,47.98,147,4.338,50.61,108.14
"CID26",2020-01-01,385.7,105.7,"Vale Dourado","Polo_5",40.67,47.98,147,4.338,50.61,108.14
"CID26",2020-02-01,460.8,113.7,"Vale Dourado","Polo_5",40.67,47.98,147,4.338,50.61,108.14
"CID26",2020-03-01,455.9,104.6,"Vale Dourado","Polo_5",40.67,47.98,147,4.338,50.61,108.14
"CID26",2020-04-01,462.8,108.2,"Vale Dourado","Polo_5",40.67,47.98,147,4.338,50.61,108.14
"CID26",2020-05-01,503.3,107.9,"Vale Dourado","Polo_5",40.67,47.98,147,4.338,50.61,108.14
"CID26",2020-06-01,460.5,101.9,"Vale Dourado","Polo_5",40.67,47.98,147,4.338,50.61,108.14
"CID26",2020-07-01,439.3,99,"Vale Dourado","Polo_5",40.67,47.98,147,4.338,50.61,108.14
"CID26",2020-08-01,373.2,96.6,"Vale Dourado","Polo_5",40.67,47.98,147,4.338,50.61,108.14
"CID26",2020-09-01,355.5,100.2,"Vale Dourado","Polo_5",40.67,47.98,147,4.338,50.61,108.14
"CID26",2020-10-01,340.5,101.9,"Vale Dourado","Polo_5",40.67,47.98,147,4.338,50.61,108.14
"CID26",2020-11-01,363.8,100.4,"Vale Dourado","Polo_5",40.67,47.98,147,4.338,50.61,108.14
"CID26",2020-12-01,364.1,106.5,"Vale Dourado","Polo_5",40.67,47.98,147,4.338,50.61,108.14
"CID26",2021-01-01,377.3,106.2,"Vale Dourado","Polo_5",40.67,47.98,147,4.338,50.61,108.14
"CID26",2021-02-01,440.1,108.1,"Vale Dourado","Polo_5",40.67,47.98,147,4.338,50.61,108.14
"CID26",2021-03-01,469.9,106.3,"Vale Dourado","Polo_5",40.67,47.98,147,4.338,50.61,108.14
"CID26",2021-04-01,468.7,112.2,"Vale Dourado","Polo_5",40.67,47.98,147,4.338,50.61,108.14
"CID26",2021-05-01,509.2,102.1,"Vale Dourado","Polo_5",40.67,47.98,147,4.338,50.61,108.14
"CID26",2021-06-01,460.6,105.4,"Vale Dourado","Polo_5",40.67,47.98,147,4.338,50.61,108.14
"CID26",2021-07-01,429.4,90.5,"Vale Dourado","Polo_5",40.67,47.98,147,4.338,50.61,108.14
"CID26",2021-08-01,452.1,97.5,"Vale Dourado","Polo_5",40.67,47.98,147,4.338,50.61,108.14
"CID26",2021-09-01,359.6,97.7,"Vale Dourado","Polo_5",40.67,47.98,147,4.338,50.61,108.14
"CID26",2021-10-01,357.1,100.1,"Vale Dourado","Polo_5",40.67,47.98,147,4.338,50.61,108.14
"CID26",2021-11-01,367.6,94.5,"Vale Dourado","Polo_5",40.67,47.98,147,4.338,50.61,108.14
"CID26",2021-12-01,360.2,101.7,"Vale Dourado","Polo_5",40.67,47.98,147,4.338,50.61,108.14
"CID26",2022-01-01,419.6,105.4,"Vale Dourado","Polo_5",40.67,47.98,147,4.338,50.61,108.14
"CID26",2022-02-01,429.8,109.5,"Vale Dourado","Polo_5",40.67,47.98,147,4.338,50.61,108.14
"CID26",2022-03-01,482.6,106.8,"Vale Dourado","Polo_5",40.67,47.98,147,4.338,50.61,108.14
"CID26",2022-04-01,500.4,105.5,"Vale Dourado","Polo_5",40.67,47.98,147,4.338,50.61,108.14
"CID26",2022-05-01,459.7,104.1,"Vale Dourado","Polo_5",40.67,47.98,147,4.338,50.61,108.14
"CID26",2022-06-01,488.9,99.4,"Vale Dourado","Polo_5",40.67,47.98,147,4.338,50.61,108.14
"CID26",2022-07-01,428.7,97.8,"Vale Dourado","Polo_5",40.67,47.98,147,4.338,50.61,108.14
"CID26",2022-08-01,398.5,97,"Vale Dourado","Polo_5",40.67,47.98,147,4.338,50.61,108.14
"CID26",2022-09-01,370.7,97,"Vale Dourado","Polo_5",40.67,47.98,147,4.338,50.61,108.14
"CID26",2022-10-01,360.2,98.4,"Vale Dourado","Polo_5",40.67,47.98,147,4.338,50.61,108.14
"CID26",2022-11-01,341.8,105.2,"Vale Dourado","Polo_5",40.67,47.98,147,4.338,50.61,108.14
"CID26",2022-12-01,376.6,100.6,"Vale Dourado","Polo_5",40.67,47.98,147,4.338,50.61,108.14
"CID26",2023-01-01,436.5,106.9,"Vale Dourado","Polo_5",40.67,47.98,147,4.338,50.61,108.14
"CID26",2023-02-01,460,112.6,"Vale Dourado","Polo_5",40.67,47.98,147,4.338,50.61,108.14
"CID26",2023-03-01,507.7,109.9,"Vale Dourado","Polo_5",40.67,47.98,147,4.338,50.61,108.14
"CID26",2023-04-01,511,107.3,"Vale Dourado","Polo_5",40.67,47.98,147,4.338,50.61,108.14
"CID26",2023-05-01,509.7,107.1,"Vale Dourado","Polo_5",40.67,47.98,147,4.338,50.61,108.14
"CID26",2023-06-01,477.1,101.7,"Vale Dourado","Polo_5",40.67,47.98,147,4.338,50.61,108.14
"CID26",2023-07-01,466.6,103.7,"Vale Dourado","Polo_5",40.67,47.98,147,4.338,50.61,108.14
"CID26",2023-08-01,388,101.6,"Vale Dourado","Polo_5",40.67,47.98,147,4.338,50.61,108.14
"CID26",2023-09-01,397.6,103,"Vale Dourado","Polo_5",40.67,47.98,147,4.338,50.61,108.14
"CID26",2023-10-01,346.3,106.2,"Vale Dourado","Polo_5",40.67,47.98,147,4.338,50.61,108.14
"CID26",2023-11-01,336.4,102.4,"Vale Dourado","Polo_5",40.67,47.98,147,4.338,50.61,108.14
"CID26",2023-12-01,404.4,109.4,"Vale Dourado","Polo_5",40.67,47.98,147,4.338,50.61,108.14
"CID26",2024-01-01,416,113.9,"Vale Dourado","Polo_5",40.67,47.98,147,4.338,50.61,108.14
"CID26",2024-02-01,468.5,113.8,"Vale Dourado","Polo_5",40.67,47.98,147,4.338,50.61,108.14
"CID26",2024-03-01,515.7,110.2,"Vale Dourado","Polo_5",40.67,47.98,147,4.338,50.61,108.14
"CID26",2024-04-01,504.4,105.1,"Vale Dourado","Polo_5",40.67,47.98,147,4.338,50.61,108.14
"CID26",2024-05-01,536.9,106.3,"Vale Dourado","Polo_5",40.67,47.98,147,4.338,50.61,108.14
"CID26",2024-06-01,484.3,101.9,"Vale Dourado","Polo_5",40.67,47.98,147,4.338,50.61,108.14
"CID26",2024-07-01,502.6,98,"Vale Dourado","Polo_5",40.67,47.98,147,4.338,50.61,108.14
"CID26",2024-08-01,404.6,101.1,"Vale Dourado","Polo_5",40.67,47.98,147,4.338,50.61,108.14
"CID26",2024-09-01,394.7,102.9,"Vale Dourado","Polo_5",40.67,47.98,147,4.338,50.61,108.14
"CID26",2024-10-01,348.7,100.8,"Vale Dourado","Polo_5",40.67,47.98,147,4.338,50.61,108.14
"CID26",2024-11-01,370.1,102.5,"Vale Dourado","Polo_5",40.67,47.98,147,4.338,50.61,108.14
"CID26",2024-12-01,397.7,104.6,"Vale Dourado","Polo_5",40.67,47.98,147,4.338,50.61,108.14
"CID26",2025-01-01,435.2,112.1,"Vale Dourado","Polo_5",40.67,47.98,147,4.338,50.61,108.14
"CID26",2025-02-01,430.6,113.5,"Vale Dourado","Polo_5",40.67,47.98,147,4.338,50.61,108.14
"CID26",2025-03-01,503.2,110.4,"Vale Dourado","Polo_5",40.67,47.98,147,4.338,50.61,108.14
"CID26",2025-04-01,498.8,111.8,"Vale Dourado","Polo_5",40.67,47.98,147,4.338,50.61,108.14
"CID26",2025-05-01,535.3,107,"Vale Dourado","Polo_5",40.67,47.98,147,4.338,50.61,108.14
"CID26",2025-06-01,493,106.5,"Vale Dourado","Polo_5",40.67,47.98,147,4.338,50.61,108.14
"CID26",2025-07-01,446.4,107.1,"Vale Dourado","Polo_5",40.67,47.98,147,4.338,50.61,108.14
"CID26",2025-08-01,406.3,95.1,"Vale Dourado","Polo_5",40.67,47.98,147,4.338,50.61,108.14
"CID26",2025-09-01,413.8,101.9,"Vale Dourado","Polo_5",40.67,47.98,147,4.338,50.61,108.14
"CID26",2025-10-01,383.3,104.2,"Vale Dourado","Polo_5",40.67,47.98,147,4.338,50.61,108.14
"CID26",2025-11-01,353.3,106.5,"Vale Dourado","Polo_5",40.67,47.98,147,4.338,50.61,108.14
"CID26",2025-12-01,394.9,106.4,"Vale Dourado","Polo_5",40.67,47.98,147,4.338,50.61,108.14
"CID27",2019-01-01,88.7,103.7,"Boa Vista Fic","Polo_5",16.5,44.03,19,3.663,58.05,119.51
"CID27",2019-02-01,97.8,107.7,"Boa Vista Fic","Polo_5",16.5,44.03,19,3.663,58.05,119.51
"CID27",2019-03-01,100,101.1,"Boa Vista Fic","Polo_5",16.5,44.03,19,3.663,58.05,119.51
"CID27",2019-04-01,111.8,103.5,"Boa Vista Fic","Polo_5",16.5,44.03,19,3.663,58.05,119.51
"CID27",2019-05-01,110,98.2,"Boa Vista Fic","Polo_5",16.5,44.03,19,3.663,58.05,119.51
"CID27",2019-06-01,108.2,94.8,"Boa Vista Fic","Polo_5",16.5,44.03,19,3.663,58.05,119.51
"CID27",2019-07-01,94.5,91.9,"Boa Vista Fic","Polo_5",16.5,44.03,19,3.663,58.05,119.51
"CID27",2019-08-01,88,94.6,"Boa Vista Fic","Polo_5",16.5,44.03,19,3.663,58.05,119.51
"CID27",2019-09-01,87.8,95.8,"Boa Vista Fic","Polo_5",16.5,44.03,19,3.663,58.05,119.51
"CID27",2019-10-01,76.3,95.9,"Boa Vista Fic","Polo_5",16.5,44.03,19,3.663,58.05,119.51
"CID27",2019-11-01,80.3,98.2,"Boa Vista Fic","Polo_5",16.5,44.03,19,3.663,58.05,119.51
"CID27",2019-12-01,78.8,103.7,"Boa Vista Fic","Polo_5",16.5,44.03,19,3.663,58.05,119.51
"CID27",2020-01-01,87.2,105.5,"Boa Vista Fic","Polo_5",16.5,44.03,19,3.663,58.05,119.51
"CID27",2020-02-01,97.1,112.3,"Boa Vista Fic","Polo_5",16.5,44.03,19,3.663,58.05,119.51
"CID27",2020-03-01,105.4,105.9,"Boa Vista Fic","Polo_5",16.5,44.03,19,3.663,58.05,119.51
"CID27",2020-04-01,105.2,109.6,"Boa Vista Fic","Polo_5",16.5,44.03,19,3.663,58.05,119.51
"CID27",2020-05-01,105,106.3,"Boa Vista Fic","Polo_5",16.5,44.03,19,3.663,58.05,119.51
"CID27",2020-06-01,106.2,100.7,"Boa Vista Fic","Polo_5",16.5,44.03,19,3.663,58.05,119.51
"CID27",2020-07-01,92.1,101.4,"Boa Vista Fic","Polo_5",16.5,44.03,19,3.663,58.05,119.51
"CID27",2020-08-01,94.5,95.8,"Boa Vista Fic","Polo_5",16.5,44.03,19,3.663,58.05,119.51
"CID27",2020-09-01,80.9,99.5,"Boa Vista Fic","Polo_5",16.5,44.03,19,3.663,58.05,119.51
"CID27",2020-10-01,76.9,98.8,"Boa Vista Fic","Polo_5",16.5,44.03,19,3.663,58.05,119.51
"CID27",2020-11-01,76.7,104.8,"Boa Vista Fic","Polo_5",16.5,44.03,19,3.663,58.05,119.51
"CID27",2020-12-01,83.9,112.4,"Boa Vista Fic","Polo_5",16.5,44.03,19,3.663,58.05,119.51
"CID27",2021-01-01,80.4,109.4,"Boa Vista Fic","Polo_5",16.5,44.03,19,3.663,58.05,119.51
"CID27",2021-02-01,93.6,106.7,"Boa Vista Fic","Polo_5",16.5,44.03,19,3.663,58.05,119.51
"CID27",2021-03-01,104.3,104.3,"Boa Vista Fic","Polo_5",16.5,44.03,19,3.663,58.05,119.51
"CID27",2021-04-01,110.6,110.6,"Boa Vista Fic","Polo_5",16.5,44.03,19,3.663,58.05,119.51
"CID27",2021-05-01,115,102.9,"Boa Vista Fic","Polo_5",16.5,44.03,19,3.663,58.05,119.51
"CID27",2021-06-01,106.8,106.2,"Boa Vista Fic","Polo_5",16.5,44.03,19,3.663,58.05,119.51
"CID27",2021-07-01,94.5,94.4,"Boa Vista Fic","Polo_5",16.5,44.03,19,3.663,58.05,119.51
"CID27",2021-08-01,89.1,99.5,"Boa Vista Fic","Polo_5",16.5,44.03,19,3.663,58.05,119.51
"CID27",2021-09-01,84.5,98.3,"Boa Vista Fic","Polo_5",16.5,44.03,19,3.663,58.05,119.51
"CID27",2021-10-01,73.9,100.2,"Boa Vista Fic","Polo_5",16.5,44.03,19,3.663,58.05,119.51
"CID27",2021-11-01,76.1,94.1,"Boa Vista Fic","Polo_5",16.5,44.03,19,3.663,58.05,119.51
"CID27",2021-12-01,82.6,101.3,"Boa Vista Fic","Polo_5",16.5,44.03,19,3.663,58.05,119.51
"CID27",2022-01-01,85.7,103.8,"Boa Vista Fic","Polo_5",16.5,44.03,19,3.663,58.05,119.51
"CID27",2022-02-01,101.6,108.1,"Boa Vista Fic","Polo_5",16.5,44.03,19,3.663,58.05,119.51
"CID27",2022-03-01,104.7,108.3,"Boa Vista Fic","Polo_5",16.5,44.03,19,3.663,58.05,119.51
"CID27",2022-04-01,115.8,105.5,"Boa Vista Fic","Polo_5",16.5,44.03,19,3.663,58.05,119.51
"CID27",2022-05-01,117.7,100.6,"Boa Vista Fic","Polo_5",16.5,44.03,19,3.663,58.05,119.51
"CID27",2022-06-01,108.8,97.3,"Boa Vista Fic","Polo_5",16.5,44.03,19,3.663,58.05,119.51
"CID27",2022-07-01,103,94.2,"Boa Vista Fic","Polo_5",16.5,44.03,19,3.663,58.05,119.51
"CID27",2022-08-01,89.9,96.2,"Boa Vista Fic","Polo_5",16.5,44.03,19,3.663,58.05,119.51
"CID27",2022-09-01,84.8,99.1,"Boa Vista Fic","Polo_5",16.5,44.03,19,3.663,58.05,119.51
"CID27",2022-10-01,77.7,97.6,"Boa Vista Fic","Polo_5",16.5,44.03,19,3.663,58.05,119.51
"CID27",2022-11-01,82.1,107.7,"Boa Vista Fic","Polo_5",16.5,44.03,19,3.663,58.05,119.51
"CID27",2022-12-01,86.4,101.4,"Boa Vista Fic","Polo_5",16.5,44.03,19,3.663,58.05,119.51
"CID27",2023-01-01,87.5,108.9,"Boa Vista Fic","Polo_5",16.5,44.03,19,3.663,58.05,119.51
"CID27",2023-02-01,97.4,108.5,"Boa Vista Fic","Polo_5",16.5,44.03,19,3.663,58.05,119.51
"CID27",2023-03-01,105.2,110.4,"Boa Vista Fic","Polo_5",16.5,44.03,19,3.663,58.05,119.51
"CID27",2023-04-01,114.4,109.7,"Boa Vista Fic","Polo_5",16.5,44.03,19,3.663,58.05,119.51
"CID27",2023-05-01,111.9,105.3,"Boa Vista Fic","Polo_5",16.5,44.03,19,3.663,58.05,119.51
"CID27",2023-06-01,107.5,104,"Boa Vista Fic","Polo_5",16.5,44.03,19,3.663,58.05,119.51
"CID27",2023-07-01,103.3,99.7,"Boa Vista Fic","Polo_5",16.5,44.03,19,3.663,58.05,119.51
"CID27",2023-08-01,92,99.8,"Boa Vista Fic","Polo_5",16.5,44.03,19,3.663,58.05,119.51
"CID27",2023-09-01,85.5,99.2,"Boa Vista Fic","Polo_5",16.5,44.03,19,3.663,58.05,119.51
"CID27",2023-10-01,89.9,110.8,"Boa Vista Fic","Polo_5",16.5,44.03,19,3.663,58.05,119.51
"CID27",2023-11-01,77.4,99,"Boa Vista Fic","Polo_5",16.5,44.03,19,3.663,58.05,119.51
"CID27",2023-12-01,88.1,109.1,"Boa Vista Fic","Polo_5",16.5,44.03,19,3.663,58.05,119.51
"CID27",2024-01-01,82,114.4,"Boa Vista Fic","Polo_5",16.5,44.03,19,3.663,58.05,119.51
"CID27",2024-02-01,98.5,109.1,"Boa Vista Fic","Polo_5",16.5,44.03,19,3.663,58.05,119.51
"CID27",2024-03-01,105.8,114.2,"Boa Vista Fic","Polo_5",16.5,44.03,19,3.663,58.05,119.51
"CID27",2024-04-01,117.1,105.2,"Boa Vista Fic","Polo_5",16.5,44.03,19,3.663,58.05,119.51
"CID27",2024-05-01,111.2,105.3,"Boa Vista Fic","Polo_5",16.5,44.03,19,3.663,58.05,119.51
"CID27",2024-06-01,113.6,103.9,"Boa Vista Fic","Polo_5",16.5,44.03,19,3.663,58.05,119.51
"CID27",2024-07-01,102.7,99.4,"Boa Vista Fic","Polo_5",16.5,44.03,19,3.663,58.05,119.51
"CID27",2024-08-01,92.8,101.7,"Boa Vista Fic","Polo_5",16.5,44.03,19,3.663,58.05,119.51
"CID27",2024-09-01,87,102.5,"Boa Vista Fic","Polo_5",16.5,44.03,19,3.663,58.05,119.51
"CID27",2024-10-01,78.3,100.9,"Boa Vista Fic","Polo_5",16.5,44.03,19,3.663,58.05,119.51
"CID27",2024-11-01,82.2,103.7,"Boa Vista Fic","Polo_5",16.5,44.03,19,3.663,58.05,119.51
"CID27",2024-12-01,93,106.6,"Boa Vista Fic","Polo_5",16.5,44.03,19,3.663,58.05,119.51
"CID27",2025-01-01,93.2,109,"Boa Vista Fic","Polo_5",16.5,44.03,19,3.663,58.05,119.51
"CID27",2025-02-01,103.1,113.8,"Boa Vista Fic","Polo_5",16.5,44.03,19,3.663,58.05,119.51
"CID27",2025-03-01,110.3,108.4,"Boa Vista Fic","Polo_5",16.5,44.03,19,3.663,58.05,119.51
"CID27",2025-04-01,118.6,109,"Boa Vista Fic","Polo_5",16.5,44.03,19,3.663,58.05,119.51
"CID27",2025-05-01,110.6,105.7,"Boa Vista Fic","Polo_5",16.5,44.03,19,3.663,58.05,119.51
"CID27",2025-06-01,119.2,107.7,"Boa Vista Fic","Polo_5",16.5,44.03,19,3.663,58.05,119.51
"CID27",2025-07-01,110.1,103.6,"Boa Vista Fic","Polo_5",16.5,44.03,19,3.663,58.05,119.51
"CID27",2025-08-01,94.7,97.1,"Boa Vista Fic","Polo_5",16.5,44.03,19,3.663,58.05,119.51
"CID27",2025-09-01,86.8,102.7,"Boa Vista Fic","Polo_5",16.5,44.03,19,3.663,58.05,119.51
"CID27",2025-10-01,78.4,103,"Boa Vista Fic","Polo_5",16.5,44.03,19,3.663,58.05,119.51
"CID27",2025-11-01,77.4,106.7,"Boa Vista Fic","Polo_5",16.5,44.03,19,3.663,58.05,119.51
"CID27",2025-12-01,89.3,109.6,"Boa Vista Fic","Polo_5",16.5,44.03,19,3.663,58.05,119.51
"CID28",2019-01-01,115.7,105.2,"Sao Martinho","Polo_1",18.73,18.24,35,4.247,59.23,132.28
"CID28",2019-02-01,130.1,108.5,"Sao Martinho","Polo_1",18.73,18.24,35,4.247,59.23,132.28
"CID28",2019-03-01,149.6,103.1,"Sao Martinho","Polo_1",18.73,18.24,35,4.247,59.23,132.28
"CID28",2019-04-01,155.9,103.1,"Sao Martinho","Polo_1",18.73,18.24,35,4.247,59.23,132.28
"CID28",2019-05-01,171.1,101.7,"Sao Martinho","Polo_1",18.73,18.24,35,4.247,59.23,132.28
"CID28",2019-06-01,157.2,93.7,"Sao Martinho","Polo_1",18.73,18.24,35,4.247,59.23,132.28
"CID28",2019-07-01,166.9,93.5,"Sao Martinho","Polo_1",18.73,18.24,35,4.247,59.23,132.28
"CID28",2019-08-01,148.2,97.1,"Sao Martinho","Polo_1",18.73,18.24,35,4.247,59.23,132.28
"CID28",2019-09-01,131.4,98.9,"Sao Martinho","Polo_1",18.73,18.24,35,4.247,59.23,132.28
"CID28",2019-10-01,134.2,96.2,"Sao Martinho","Polo_1",18.73,18.24,35,4.247,59.23,132.28
"CID28",2019-11-01,119,98.1,"Sao Martinho","Polo_1",18.73,18.24,35,4.247,59.23,132.28
"CID28",2019-12-01,113.2,98.4,"Sao Martinho","Polo_1",18.73,18.24,35,4.247,59.23,132.28
"CID28",2020-01-01,123.4,105.8,"Sao Martinho","Polo_1",18.73,18.24,35,4.247,59.23,132.28
"CID28",2020-02-01,131.4,112.8,"Sao Martinho","Polo_1",18.73,18.24,35,4.247,59.23,132.28
"CID28",2020-03-01,147.6,106.6,"Sao Martinho","Polo_1",18.73,18.24,35,4.247,59.23,132.28
"CID28",2020-04-01,157.1,109.6,"Sao Martinho","Polo_1",18.73,18.24,35,4.247,59.23,132.28
"CID28",2020-05-01,171.8,101.5,"Sao Martinho","Polo_1",18.73,18.24,35,4.247,59.23,132.28
"CID28",2020-06-01,170.8,97.9,"Sao Martinho","Polo_1",18.73,18.24,35,4.247,59.23,132.28
"CID28",2020-07-01,162.3,100.5,"Sao Martinho","Polo_1",18.73,18.24,35,4.247,59.23,132.28
"CID28",2020-08-01,163.4,97.2,"Sao Martinho","Polo_1",18.73,18.24,35,4.247,59.23,132.28
"CID28",2020-09-01,131.6,96.6,"Sao Martinho","Polo_1",18.73,18.24,35,4.247,59.23,132.28
"CID28",2020-10-01,135.5,101.7,"Sao Martinho","Polo_1",18.73,18.24,35,4.247,59.23,132.28
"CID28",2020-11-01,121,101.4,"Sao Martinho","Polo_1",18.73,18.24,35,4.247,59.23,132.28
"CID28",2020-12-01,113.6,110.5,"Sao Martinho","Polo_1",18.73,18.24,35,4.247,59.23,132.28
"CID28",2021-01-01,126.6,109.5,"Sao Martinho","Polo_1",18.73,18.24,35,4.247,59.23,132.28
"CID28",2021-02-01,132.8,105.8,"Sao Martinho","Polo_1",18.73,18.24,35,4.247,59.23,132.28
"CID28",2021-03-01,148.4,106,"Sao Martinho","Polo_1",18.73,18.24,35,4.247,59.23,132.28
"CID28",2021-04-01,156.1,112,"Sao Martinho","Polo_1",18.73,18.24,35,4.247,59.23,132.28
"CID28",2021-05-01,155.7,102.1,"Sao Martinho","Polo_1",18.73,18.24,35,4.247,59.23,132.28
"CID28",2021-06-01,168.2,104.6,"Sao Martinho","Polo_1",18.73,18.24,35,4.247,59.23,132.28
"CID28",2021-07-01,165.8,92.3,"Sao Martinho","Polo_1",18.73,18.24,35,4.247,59.23,132.28
"CID28",2021-08-01,158.4,99.3,"Sao Martinho","Polo_1",18.73,18.24,35,4.247,59.23,132.28
"CID28",2021-09-01,143.7,100.4,"Sao Martinho","Polo_1",18.73,18.24,35,4.247,59.23,132.28
"CID28",2021-10-01,139.7,102.7,"Sao Martinho","Polo_1",18.73,18.24,35,4.247,59.23,132.28
"CID28",2021-11-01,117.5,96.7,"Sao Martinho","Polo_1",18.73,18.24,35,4.247,59.23,132.28
"CID28",2021-12-01,112.9,103,"Sao Martinho","Polo_1",18.73,18.24,35,4.247,59.23,132.28
"CID28",2022-01-01,115.8,106,"Sao Martinho","Polo_1",18.73,18.24,35,4.247,59.23,132.28
"CID28",2022-02-01,135.2,109.8,"Sao Martinho","Polo_1",18.73,18.24,35,4.247,59.23,132.28
"CID28",2022-03-01,140.2,108.1,"Sao Martinho","Polo_1",18.73,18.24,35,4.247,59.23,132.28
"CID28",2022-04-01,158.2,105.4,"Sao Martinho","Polo_1",18.73,18.24,35,4.247,59.23,132.28
"CID28",2022-05-01,178.2,103.6,"Sao Martinho","Polo_1",18.73,18.24,35,4.247,59.23,132.28
"CID28",2022-06-01,178.7,96.4,"Sao Martinho","Polo_1",18.73,18.24,35,4.247,59.23,132.28
"CID28",2022-07-01,164.5,95.7,"Sao Martinho","Polo_1",18.73,18.24,35,4.247,59.23,132.28
"CID28",2022-08-01,144.8,97.2,"Sao Martinho","Polo_1",18.73,18.24,35,4.247,59.23,132.28
"CID28",2022-09-01,152.3,97.9,"Sao Martinho","Polo_1",18.73,18.24,35,4.247,59.23,132.28
"CID28",2022-10-01,130.7,97.4,"Sao Martinho","Polo_1",18.73,18.24,35,4.247,59.23,132.28
"CID28",2022-11-01,119.7,109.4,"Sao Martinho","Polo_1",18.73,18.24,35,4.247,59.23,132.28
"CID28",2022-12-01,121.3,99.4,"Sao Martinho","Polo_1",18.73,18.24,35,4.247,59.23,132.28
"CID28",2023-01-01,134.2,109,"Sao Martinho","Polo_1",18.73,18.24,35,4.247,59.23,132.28
"CID28",2023-02-01,135.8,112.5,"Sao Martinho","Polo_1",18.73,18.24,35,4.247,59.23,132.28
"CID28",2023-03-01,159.2,112.3,"Sao Martinho","Polo_1",18.73,18.24,35,4.247,59.23,132.28
"CID28",2023-04-01,164,109.1,"Sao Martinho","Polo_1",18.73,18.24,35,4.247,59.23,132.28
"CID28",2023-05-01,171.4,105.6,"Sao Martinho","Polo_1",18.73,18.24,35,4.247,59.23,132.28
"CID28",2023-06-01,179.6,103.7,"Sao Martinho","Polo_1",18.73,18.24,35,4.247,59.23,132.28
"CID28",2023-07-01,160.8,101.7,"Sao Martinho","Polo_1",18.73,18.24,35,4.247,59.23,132.28
"CID28",2023-08-01,156,103.2,"Sao Martinho","Polo_1",18.73,18.24,35,4.247,59.23,132.28
"CID28",2023-09-01,149.5,99.2,"Sao Martinho","Polo_1",18.73,18.24,35,4.247,59.23,132.28
"CID28",2023-10-01,133.9,109.8,"Sao Martinho","Polo_1",18.73,18.24,35,4.247,59.23,132.28
"CID28",2023-11-01,128.3,100.7,"Sao Martinho","Polo_1",18.73,18.24,35,4.247,59.23,132.28
"CID28",2023-12-01,113.2,112.4,"Sao Martinho","Polo_1",18.73,18.24,35,4.247,59.23,132.28
"CID28",2024-01-01,130.8,112,"Sao Martinho","Polo_1",18.73,18.24,35,4.247,59.23,132.28
"CID28",2024-02-01,134,110.7,"Sao Martinho","Polo_1",18.73,18.24,35,4.247,59.23,132.28
"CID28",2024-03-01,151.6,109.3,"Sao Martinho","Polo_1",18.73,18.24,35,4.247,59.23,132.28
"CID28",2024-04-01,171.7,101.6,"Sao Martinho","Polo_1",18.73,18.24,35,4.247,59.23,132.28
"CID28",2024-05-01,176,105,"Sao Martinho","Polo_1",18.73,18.24,35,4.247,59.23,132.28
"CID28",2024-06-01,165.8,102.4,"Sao Martinho","Polo_1",18.73,18.24,35,4.247,59.23,132.28
"CID28",2024-07-01,172.2,99.3,"Sao Martinho","Polo_1",18.73,18.24,35,4.247,59.23,132.28
"CID28",2024-08-01,158.7,98,"Sao Martinho","Polo_1",18.73,18.24,35,4.247,59.23,132.28
"CID28",2024-09-01,148.8,101.4,"Sao Martinho","Polo_1",18.73,18.24,35,4.247,59.23,132.28
"CID28",2024-10-01,126.5,102.9,"Sao Martinho","Polo_1",18.73,18.24,35,4.247,59.23,132.28
"CID28",2024-11-01,123.9,103.4,"Sao Martinho","Polo_1",18.73,18.24,35,4.247,59.23,132.28
"CID28",2024-12-01,120.7,104.1,"Sao Martinho","Polo_1",18.73,18.24,35,4.247,59.23,132.28
"CID28",2025-01-01,126.6,109.7,"Sao Martinho","Polo_1",18.73,18.24,35,4.247,59.23,132.28
"CID28",2025-02-01,138.1,112.5,"Sao Martinho","Polo_1",18.73,18.24,35,4.247,59.23,132.28
"CID28",2025-03-01,140.3,108.2,"Sao Martinho","Polo_1",18.73,18.24,35,4.247,59.23,132.28
"CID28",2025-04-01,158.3,111,"Sao Martinho","Polo_1",18.73,18.24,35,4.247,59.23,132.28
"CID28",2025-05-01,169,107.8,"Sao Martinho","Polo_1",18.73,18.24,35,4.247,59.23,132.28
"CID28",2025-06-01,185.5,107.8,"Sao Martinho","Polo_1",18.73,18.24,35,4.247,59.23,132.28
"CID28",2025-07-01,165.7,105.3,"Sao Martinho","Polo_1",18.73,18.24,35,4.247,59.23,132.28
"CID28",2025-08-01,164.8,92,"Sao Martinho","Polo_1",18.73,18.24,35,4.247,59.23,132.28
"CID28",2025-09-01,159.3,102.2,"Sao Martinho","Polo_1",18.73,18.24,35,4.247,59.23,132.28
"CID28",2025-10-01,121.8,104.7,"Sao Martinho","Polo_1",18.73,18.24,35,4.247,59.23,132.28
"CID28",2025-11-01,126.7,102,"Sao Martinho","Polo_1",18.73,18.24,35,4.247,59.23,132.28
"CID28",2025-12-01,124.7,105.9,"Sao Martinho","Polo_1",18.73,18.24,35,4.247,59.23,132.28
"CID29",2019-01-01,121.3,106.5,"Terra Nova Fic","Polo_4",87.3,82.22,30,3.77,59.88,118.56
"CID29",2019-02-01,132.2,107,"Terra Nova Fic","Polo_4",87.3,82.22,30,3.77,59.88,118.56
"CID29",2019-03-01,148.7,106.3,"Terra Nova Fic","Polo_4",87.3,82.22,30,3.77,59.88,118.56
"CID29",2019-04-01,151.3,104.3,"Terra Nova Fic","Polo_4",87.3,82.22,30,3.77,59.88,118.56
"CID29",2019-05-01,148.7,100.2,"Terra Nova Fic","Polo_4",87.3,82.22,30,3.77,59.88,118.56
"CID29",2019-06-01,141,96.4,"Terra Nova Fic","Polo_4",87.3,82.22,30,3.77,59.88,118.56
"CID29",2019-07-01,137.4,93.8,"Terra Nova Fic","Polo_4",87.3,82.22,30,3.77,59.88,118.56
"CID29",2019-08-01,115.6,95,"Terra Nova Fic","Polo_4",87.3,82.22,30,3.77,59.88,118.56
"CID29",2019-09-01,102.7,92.7,"Terra Nova Fic","Polo_4",87.3,82.22,30,3.77,59.88,118.56
"CID29",2019-10-01,98,97.1,"Terra Nova Fic","Polo_4",87.3,82.22,30,3.77,59.88,118.56
"CID29",2019-11-01,100.9,98.7,"Terra Nova Fic","Polo_4",87.3,82.22,30,3.77,59.88,118.56
"CID29",2019-12-01,106.1,103.4,"Terra Nova Fic","Polo_4",87.3,82.22,30,3.77,59.88,118.56
"CID29",2020-01-01,120.7,104,"Terra Nova Fic","Polo_4",87.3,82.22,30,3.77,59.88,118.56
"CID29",2020-02-01,141.7,112.4,"Terra Nova Fic","Polo_4",87.3,82.22,30,3.77,59.88,118.56
"CID29",2020-03-01,151.9,104.5,"Terra Nova Fic","Polo_4",87.3,82.22,30,3.77,59.88,118.56
"CID29",2020-04-01,146.7,109.4,"Terra Nova Fic","Polo_4",87.3,82.22,30,3.77,59.88,118.56
"CID29",2020-05-01,150,104.7,"Terra Nova Fic","Polo_4",87.3,82.22,30,3.77,59.88,118.56
"CID29",2020-06-01,144.9,100.1,"Terra Nova Fic","Polo_4",87.3,82.22,30,3.77,59.88,118.56
"CID29",2020-07-01,130.5,101.2,"Terra Nova Fic","Polo_4",87.3,82.22,30,3.77,59.88,118.56
"CID29",2020-08-01,122.6,97.5,"Terra Nova Fic","Polo_4",87.3,82.22,30,3.77,59.88,118.56
"CID29",2020-09-01,116.9,98.6,"Terra Nova Fic","Polo_4",87.3,82.22,30,3.77,59.88,118.56
"CID29",2020-10-01,104,99.9,"Terra Nova Fic","Polo_4",87.3,82.22,30,3.77,59.88,118.56
"CID29",2020-11-01,113.4,101.4,"Terra Nova Fic","Polo_4",87.3,82.22,30,3.77,59.88,118.56
"CID29",2020-12-01,109.9,106.1,"Terra Nova Fic","Polo_4",87.3,82.22,30,3.77,59.88,118.56
"CID29",2021-01-01,132,106.1,"Terra Nova Fic","Polo_4",87.3,82.22,30,3.77,59.88,118.56
"CID29",2021-02-01,131.8,107.3,"Terra Nova Fic","Polo_4",87.3,82.22,30,3.77,59.88,118.56
"CID29",2021-03-01,146.1,108.6,"Terra Nova Fic","Polo_4",87.3,82.22,30,3.77,59.88,118.56
"CID29",2021-04-01,152,110.1,"Terra Nova Fic","Polo_4",87.3,82.22,30,3.77,59.88,118.56
"CID29",2021-05-01,156.2,102.8,"Terra Nova Fic","Polo_4",87.3,82.22,30,3.77,59.88,118.56
"CID29",2021-06-01,150.3,100.9,"Terra Nova Fic","Polo_4",87.3,82.22,30,3.77,59.88,118.56
"CID29",2021-07-01,140.7,92,"Terra Nova Fic","Polo_4",87.3,82.22,30,3.77,59.88,118.56
"CID29",2021-08-01,117.4,98.9,"Terra Nova Fic","Polo_4",87.3,82.22,30,3.77,59.88,118.56
"CID29",2021-09-01,110.3,96.5,"Terra Nova Fic","Polo_4",87.3,82.22,30,3.77,59.88,118.56
"CID29",2021-10-01,108.4,102.1,"Terra Nova Fic","Polo_4",87.3,82.22,30,3.77,59.88,118.56
"CID29",2021-11-01,110.2,96.2,"Terra Nova Fic","Polo_4",87.3,82.22,30,3.77,59.88,118.56
"CID29",2021-12-01,116.9,101.4,"Terra Nova Fic","Polo_4",87.3,82.22,30,3.77,59.88,118.56
"CID29",2022-01-01,133.4,104.4,"Terra Nova Fic","Polo_4",87.3,82.22,30,3.77,59.88,118.56
"CID29",2022-02-01,137.3,113.7,"Terra Nova Fic","Polo_4",87.3,82.22,30,3.77,59.88,118.56
"CID29",2022-03-01,147,109.1,"Terra Nova Fic","Polo_4",87.3,82.22,30,3.77,59.88,118.56
"CID29",2022-04-01,162,107.7,"Terra Nova Fic","Polo_4",87.3,82.22,30,3.77,59.88,118.56
"CID29",2022-05-01,158.5,102.4,"Terra Nova Fic","Polo_4",87.3,82.22,30,3.77,59.88,118.56
"CID29",2022-06-01,151,96.7,"Terra Nova Fic","Polo_4",87.3,82.22,30,3.77,59.88,118.56
"CID29",2022-07-01,146.8,94.2,"Terra Nova Fic","Polo_4",87.3,82.22,30,3.77,59.88,118.56
"CID29",2022-08-01,122.5,97.8,"Terra Nova Fic","Polo_4",87.3,82.22,30,3.77,59.88,118.56
"CID29",2022-09-01,120.7,97.3,"Terra Nova Fic","Polo_4",87.3,82.22,30,3.77,59.88,118.56
"CID29",2022-10-01,112.1,94.5,"Terra Nova Fic","Polo_4",87.3,82.22,30,3.77,59.88,118.56
"CID29",2022-11-01,108.8,107.9,"Terra Nova Fic","Polo_4",87.3,82.22,30,3.77,59.88,118.56
"CID29",2022-12-01,121.3,100.8,"Terra Nova Fic","Polo_4",87.3,82.22,30,3.77,59.88,118.56
"CID29",2023-01-01,138.5,107.2,"Terra Nova Fic","Polo_4",87.3,82.22,30,3.77,59.88,118.56
"CID29",2023-02-01,153.9,111,"Terra Nova Fic","Polo_4",87.3,82.22,30,3.77,59.88,118.56
"CID29",2023-03-01,148.9,109.2,"Terra Nova Fic","Polo_4",87.3,82.22,30,3.77,59.88,118.56
"CID29",2023-04-01,161.3,107.5,"Terra Nova Fic","Polo_4",87.3,82.22,30,3.77,59.88,118.56
"CID29",2023-05-01,157.7,105.5,"Terra Nova Fic","Polo_4",87.3,82.22,30,3.77,59.88,118.56
"CID29",2023-06-01,146.8,104.7,"Terra Nova Fic","Polo_4",87.3,82.22,30,3.77,59.88,118.56
"CID29",2023-07-01,146.8,98.8,"Terra Nova Fic","Polo_4",87.3,82.22,30,3.77,59.88,118.56
"CID29",2023-08-01,122.2,101.8,"Terra Nova Fic","Polo_4",87.3,82.22,30,3.77,59.88,118.56
"CID29",2023-09-01,120.8,100,"Terra Nova Fic","Polo_4",87.3,82.22,30,3.77,59.88,118.56
"CID29",2023-10-01,104.1,110.6,"Terra Nova Fic","Polo_4",87.3,82.22,30,3.77,59.88,118.56
"CID29",2023-11-01,118,99.3,"Terra Nova Fic","Polo_4",87.3,82.22,30,3.77,59.88,118.56
"CID29",2023-12-01,110.2,109,"Terra Nova Fic","Polo_4",87.3,82.22,30,3.77,59.88,118.56
"CID29",2024-01-01,132.7,112.3,"Terra Nova Fic","Polo_4",87.3,82.22,30,3.77,59.88,118.56
"CID29",2024-02-01,142.7,115.7,"Terra Nova Fic","Polo_4",87.3,82.22,30,3.77,59.88,118.56
"CID29",2024-03-01,155.7,108.2,"Terra Nova Fic","Polo_4",87.3,82.22,30,3.77,59.88,118.56
"CID29",2024-04-01,163.3,102.9,"Terra Nova Fic","Polo_4",87.3,82.22,30,3.77,59.88,118.56
"CID29",2024-05-01,170.5,105.2,"Terra Nova Fic","Polo_4",87.3,82.22,30,3.77,59.88,118.56
"CID29",2024-06-01,157.2,105.3,"Terra Nova Fic","Polo_4",87.3,82.22,30,3.77,59.88,118.56
"CID29",2024-07-01,144.9,97.6,"Terra Nova Fic","Polo_4",87.3,82.22,30,3.77,59.88,118.56
"CID29",2024-08-01,124.5,100.5,"Terra Nova Fic","Polo_4",87.3,82.22,30,3.77,59.88,118.56
"CID29",2024-09-01,116.6,98.8,"Terra Nova Fic","Polo_4",87.3,82.22,30,3.77,59.88,118.56
"CID29",2024-10-01,122.5,101.2,"Terra Nova Fic","Polo_4",87.3,82.22,30,3.77,59.88,118.56
"CID29",2024-11-01,115.4,102.6,"Terra Nova Fic","Polo_4",87.3,82.22,30,3.77,59.88,118.56
"CID29",2024-12-01,133.2,104.8,"Terra Nova Fic","Polo_4",87.3,82.22,30,3.77,59.88,118.56
"CID29",2025-01-01,131.1,110.5,"Terra Nova Fic","Polo_4",87.3,82.22,30,3.77,59.88,118.56
"CID29",2025-02-01,156.3,114,"Terra Nova Fic","Polo_4",87.3,82.22,30,3.77,59.88,118.56
"CID29",2025-03-01,159.4,107.5,"Terra Nova Fic","Polo_4",87.3,82.22,30,3.77,59.88,118.56
"CID29",2025-04-01,164.2,111,"Terra Nova Fic","Polo_4",87.3,82.22,30,3.77,59.88,118.56
"CID29",2025-05-01,164.8,106.2,"Terra Nova Fic","Polo_4",87.3,82.22,30,3.77,59.88,118.56
"CID29",2025-06-01,156.2,108.4,"Terra Nova Fic","Polo_4",87.3,82.22,30,3.77,59.88,118.56
"CID29",2025-07-01,149,104.2,"Terra Nova Fic","Polo_4",87.3,82.22,30,3.77,59.88,118.56
"CID29",2025-08-01,130.5,96.3,"Terra Nova Fic","Polo_4",87.3,82.22,30,3.77,59.88,118.56
"CID29",2025-09-01,115.5,105.3,"Terra Nova Fic","Polo_4",87.3,82.22,30,3.77,59.88,118.56
"CID29",2025-10-01,126.8,105.5,"Terra Nova Fic","Polo_4",87.3,82.22,30,3.77,59.88,118.56
"CID29",2025-11-01,111.4,105.9,"Terra Nova Fic","Polo_4",87.3,82.22,30,3.77,59.88,118.56
"CID29",2025-12-01,126.8,109.1,"Terra Nova Fic","Polo_4",87.3,82.22,30,3.77,59.88,118.56
"CID30",2019-01-01,282.5,103.7,"Alto Bonito","Polo_1",18.3,22.73,148,4.337,60.81,88.46
"CID30",2019-02-01,327.9,105.5,"Alto Bonito","Polo_1",18.3,22.73,148,4.337,60.81,88.46
"CID30",2019-03-01,330.3,104.3,"Alto Bonito","Polo_1",18.3,22.73,148,4.337,60.81,88.46
"CID30",2019-04-01,398.9,102.6,"Alto Bonito","Polo_1",18.3,22.73,148,4.337,60.81,88.46
"CID30",2019-05-01,380.9,99.3,"Alto Bonito","Polo_1",18.3,22.73,148,4.337,60.81,88.46
"CID30",2019-06-01,386.6,95.9,"Alto Bonito","Polo_1",18.3,22.73,148,4.337,60.81,88.46
"CID30",2019-07-01,381.1,94,"Alto Bonito","Polo_1",18.3,22.73,148,4.337,60.81,88.46
"CID30",2019-08-01,371.5,96.3,"Alto Bonito","Polo_1",18.3,22.73,148,4.337,60.81,88.46
"CID30",2019-09-01,338.9,94.2,"Alto Bonito","Polo_1",18.3,22.73,148,4.337,60.81,88.46
"CID30",2019-10-01,308.5,96.8,"Alto Bonito","Polo_1",18.3,22.73,148,4.337,60.81,88.46
"CID30",2019-11-01,275.4,98.9,"Alto Bonito","Polo_1",18.3,22.73,148,4.337,60.81,88.46
"CID30",2019-12-01,258.3,102.4,"Alto Bonito","Polo_1",18.3,22.73,148,4.337,60.81,88.46
"CID30",2020-01-01,308.2,103.4,"Alto Bonito","Polo_1",18.3,22.73,148,4.337,60.81,88.46
"CID30",2020-02-01,328.5,110.4,"Alto Bonito","Polo_1",18.3,22.73,148,4.337,60.81,88.46
"CID30",2020-03-01,351.1,104.1,"Alto Bonito","Polo_1",18.3,22.73,148,4.337,60.81,88.46
"CID30",2020-04-01,367.2,107.3,"Alto Bonito","Polo_1",18.3,22.73,148,4.337,60.81,88.46
"CID30",2020-05-01,418.5,105.9,"Alto Bonito","Polo_1",18.3,22.73,148,4.337,60.81,88.46
"CID30",2020-06-01,406.2,99.7,"Alto Bonito","Polo_1",18.3,22.73,148,4.337,60.81,88.46
"CID30",2020-07-01,399.3,99.7,"Alto Bonito","Polo_1",18.3,22.73,148,4.337,60.81,88.46
"CID30",2020-08-01,390.6,97.6,"Alto Bonito","Polo_1",18.3,22.73,148,4.337,60.81,88.46
"CID30",2020-09-01,359.6,95.8,"Alto Bonito","Polo_1",18.3,22.73,148,4.337,60.81,88.46
"CID30",2020-10-01,316.7,101.4,"Alto Bonito","Polo_1",18.3,22.73,148,4.337,60.81,88.46
"CID30",2020-11-01,278.6,104.1,"Alto Bonito","Polo_1",18.3,22.73,148,4.337,60.81,88.46
"CID30",2020-12-01,297.3,109,"Alto Bonito","Polo_1",18.3,22.73,148,4.337,60.81,88.46
"CID30",2021-01-01,310,108.4,"Alto Bonito","Polo_1",18.3,22.73,148,4.337,60.81,88.46
"CID30",2021-02-01,310.5,106.9,"Alto Bonito","Polo_1",18.3,22.73,148,4.337,60.81,88.46
"CID30",2021-03-01,347.5,108.2,"Alto Bonito","Polo_1",18.3,22.73,148,4.337,60.81,88.46
"CID30",2021-04-01,384.6,110,"Alto Bonito","Polo_1",18.3,22.73,148,4.337,60.81,88.46
"CID30",2021-05-01,410.7,103.2,"Alto Bonito","Polo_1",18.3,22.73,148,4.337,60.81,88.46
"CID30",2021-06-01,413.6,101.3,"Alto Bonito","Polo_1",18.3,22.73,148,4.337,60.81,88.46
"CID30",2021-07-01,398.2,95.8,"Alto Bonito","Polo_1",18.3,22.73,148,4.337,60.81,88.46
"CID30",2021-08-01,370.8,98,"Alto Bonito","Polo_1",18.3,22.73,148,4.337,60.81,88.46
"CID30",2021-09-01,359.9,99.7,"Alto Bonito","Polo_1",18.3,22.73,148,4.337,60.81,88.46
"CID30",2021-10-01,317,100.4,"Alto Bonito","Polo_1",18.3,22.73,148,4.337,60.81,88.46
"CID30",2021-11-01,284.8,95.7,"Alto Bonito","Polo_1",18.3,22.73,148,4.337,60.81,88.46
"CID30",2021-12-01,284.7,99.8,"Alto Bonito","Polo_1",18.3,22.73,148,4.337,60.81,88.46
"CID30",2022-01-01,281,106.4,"Alto Bonito","Polo_1",18.3,22.73,148,4.337,60.81,88.46
"CID30",2022-02-01,330.4,111.7,"Alto Bonito","Polo_1",18.3,22.73,148,4.337,60.81,88.46
"CID30",2022-03-01,346.6,103.7,"Alto Bonito","Polo_1",18.3,22.73,148,4.337,60.81,88.46
"CID30",2022-04-01,402.3,106.4,"Alto Bonito","Polo_1",18.3,22.73,148,4.337,60.81,88.46
"CID30",2022-05-01,397.2,101,"Alto Bonito","Polo_1",18.3,22.73,148,4.337,60.81,88.46
"CID30",2022-06-01,429.8,95.9,"Alto Bonito","Polo_1",18.3,22.73,148,4.337,60.81,88.46
"CID30",2022-07-01,421.3,95.3,"Alto Bonito","Polo_1",18.3,22.73,148,4.337,60.81,88.46
"CID30",2022-08-01,404.5,94.2,"Alto Bonito","Polo_1",18.3,22.73,148,4.337,60.81,88.46
"CID30",2022-09-01,371.6,94.6,"Alto Bonito","Polo_1",18.3,22.73,148,4.337,60.81,88.46
"CID30",2022-10-01,317,98.6,"Alto Bonito","Polo_1",18.3,22.73,148,4.337,60.81,88.46
"CID30",2022-11-01,308.4,103.7,"Alto Bonito","Polo_1",18.3,22.73,148,4.337,60.81,88.46
"CID30",2022-12-01,307,100.4,"Alto Bonito","Polo_1",18.3,22.73,148,4.337,60.81,88.46
"CID30",2023-01-01,323.2,105.9,"Alto Bonito","Polo_1",18.3,22.73,148,4.337,60.81,88.46
"CID30",2023-02-01,322.1,112.8,"Alto Bonito","Polo_1",18.3,22.73,148,4.337,60.81,88.46
"CID30",2023-03-01,364.1,111.6,"Alto Bonito","Polo_1",18.3,22.73,148,4.337,60.81,88.46
"CID30",2023-04-01,406.8,108.9,"Alto Bonito","Polo_1",18.3,22.73,148,4.337,60.81,88.46
"CID30",2023-05-01,427.3,107.7,"Alto Bonito","Polo_1",18.3,22.73,148,4.337,60.81,88.46
"CID30",2023-06-01,422.7,103.9,"Alto Bonito","Polo_1",18.3,22.73,148,4.337,60.81,88.46
"CID30",2023-07-01,419.4,98.4,"Alto Bonito","Polo_1",18.3,22.73,148,4.337,60.81,88.46
"CID30",2023-08-01,402.3,101.2,"Alto Bonito","Polo_1",18.3,22.73,148,4.337,60.81,88.46
"CID30",2023-09-01,367.9,100.9,"Alto Bonito","Polo_1",18.3,22.73,148,4.337,60.81,88.46
"CID30",2023-10-01,324.2,103.8,"Alto Bonito","Polo_1",18.3,22.73,148,4.337,60.81,88.46
"CID30",2023-11-01,309.5,102.5,"Alto Bonito","Polo_1",18.3,22.73,148,4.337,60.81,88.46
"CID30",2023-12-01,311,111.6,"Alto Bonito","Polo_1",18.3,22.73,148,4.337,60.81,88.46
"CID30",2024-01-01,321.7,114.2,"Alto Bonito","Polo_1",18.3,22.73,148,4.337,60.81,88.46
"CID30",2024-02-01,348.6,111.9,"Alto Bonito","Polo_1",18.3,22.73,148,4.337,60.81,88.46
"CID30",2024-03-01,385.5,110.1,"Alto Bonito","Polo_1",18.3,22.73,148,4.337,60.81,88.46
"CID30",2024-04-01,393.5,105.5,"Alto Bonito","Polo_1",18.3,22.73,148,4.337,60.81,88.46
"CID30",2024-05-01,437.6,105.4,"Alto Bonito","Polo_1",18.3,22.73,148,4.337,60.81,88.46
"CID30",2024-06-01,430.3,104.2,"Alto Bonito","Polo_1",18.3,22.73,148,4.337,60.81,88.46
"CID30",2024-07-01,420.9,98.5,"Alto Bonito","Polo_1",18.3,22.73,148,4.337,60.81,88.46
"CID30",2024-08-01,409.8,104.2,"Alto Bonito","Polo_1",18.3,22.73,148,4.337,60.81,88.46
"CID30",2024-09-01,370.7,103.4,"Alto Bonito","Polo_1",18.3,22.73,148,4.337,60.81,88.46
"CID30",2024-10-01,355.3,102.9,"Alto Bonito","Polo_1",18.3,22.73,148,4.337,60.81,88.46
"CID30",2024-11-01,310.1,103.5,"Alto Bonito","Polo_1",18.3,22.73,148,4.337,60.81,88.46
"CID30",2024-12-01,309.3,106.4,"Alto Bonito","Polo_1",18.3,22.73,148,4.337,60.81,88.46
"CID30",2025-01-01,292.3,110.7,"Alto Bonito","Polo_1",18.3,22.73,148,4.337,60.81,88.46
"CID30",2025-02-01,348.2,111.7,"Alto Bonito","Polo_1",18.3,22.73,148,4.337,60.81,88.46
"CID30",2025-03-01,359.5,107.1,"Alto Bonito","Polo_1",18.3,22.73,148,4.337,60.81,88.46
"CID30",2025-04-01,400.6,112.5,"Alto Bonito","Polo_1",18.3,22.73,148,4.337,60.81,88.46
"CID30",2025-05-01,421.8,108.2,"Alto Bonito","Polo_1",18.3,22.73,148,4.337,60.81,88.46
"CID30",2025-06-01,412.8,105.1,"Alto Bonito","Polo_1",18.3,22.73,148,4.337,60.81,88.46
"CID30",2025-07-01,407.1,104.1,"Alto Bonito","Polo_1",18.3,22.73,148,4.337,60.81,88.46
"CID30",2025-08-01,408.1,97.3,"Alto Bonito","Polo_1",18.3,22.73,148,4.337,60.81,88.46
"CID30",2025-09-01,378.6,102.5,"Alto Bonito","Polo_1",18.3,22.73,148,4.337,60.81,88.46
"CID30",2025-10-01,353.9,103.9,"Alto Bonito","Polo_1",18.3,22.73,148,4.337,60.81,88.46
"CID30",2025-11-01,302.5,104.3,"Alto Bonito","Polo_1",18.3,22.73,148,4.337,60.81,88.46
"CID30",2025-12-01,318.2,109.1,"Alto Bonito","Polo_1",18.3,22.73,148,4.337,60.81,88.46
"CID31",2019-01-01,230.7,105.1,"Rio das Pedras","Polo_5",33.31,48.63,72,3.985,53.75,91.14
"CID31",2019-02-01,249.9,109.4,"Rio das Pedras","Polo_5",33.31,48.63,72,3.985,53.75,91.14
"CID31",2019-03-01,276.3,101.7,"Rio das Pedras","Polo_5",33.31,48.63,72,3.985,53.75,91.14
"CID31",2019-04-01,297.8,101.8,"Rio das Pedras","Polo_5",33.31,48.63,72,3.985,53.75,91.14
"CID31",2019-05-01,321,98.8,"Rio das Pedras","Polo_5",33.31,48.63,72,3.985,53.75,91.14
"CID31",2019-06-01,303.6,95.5,"Rio das Pedras","Polo_5",33.31,48.63,72,3.985,53.75,91.14
"CID31",2019-07-01,303.2,92.2,"Rio das Pedras","Polo_5",33.31,48.63,72,3.985,53.75,91.14
"CID31",2019-08-01,284.3,94.2,"Rio das Pedras","Polo_5",33.31,48.63,72,3.985,53.75,91.14
"CID31",2019-09-01,280.2,95.5,"Rio das Pedras","Polo_5",33.31,48.63,72,3.985,53.75,91.14
"CID31",2019-10-01,220.9,96.4,"Rio das Pedras","Polo_5",33.31,48.63,72,3.985,53.75,91.14
"CID31",2019-11-01,229.5,98.3,"Rio das Pedras","Polo_5",33.31,48.63,72,3.985,53.75,91.14
"CID31",2019-12-01,218.6,101.9,"Rio das Pedras","Polo_5",33.31,48.63,72,3.985,53.75,91.14
"CID31",2020-01-01,212.2,104.8,"Rio das Pedras","Polo_5",33.31,48.63,72,3.985,53.75,91.14
"CID31",2020-02-01,244.9,112.2,"Rio das Pedras","Polo_5",33.31,48.63,72,3.985,53.75,91.14
"CID31",2020-03-01,274.2,104.4,"Rio das Pedras","Polo_5",33.31,48.63,72,3.985,53.75,91.14
"CID31",2020-04-01,303.4,107.5,"Rio das Pedras","Polo_5",33.31,48.63,72,3.985,53.75,91.14
"CID31",2020-05-01,318.5,107.1,"Rio das Pedras","Polo_5",33.31,48.63,72,3.985,53.75,91.14
"CID31",2020-06-01,319.5,101.2,"Rio das Pedras","Polo_5",33.31,48.63,72,3.985,53.75,91.14
"CID31",2020-07-01,319.1,101.9,"Rio das Pedras","Polo_5",33.31,48.63,72,3.985,53.75,91.14
"CID31",2020-08-01,286.1,97.7,"Rio das Pedras","Polo_5",33.31,48.63,72,3.985,53.75,91.14
"CID31",2020-09-01,272.3,100.2,"Rio das Pedras","Polo_5",33.31,48.63,72,3.985,53.75,91.14
"CID31",2020-10-01,258.7,97.1,"Rio das Pedras","Polo_5",33.31,48.63,72,3.985,53.75,91.14
"CID31",2020-11-01,239.3,101.3,"Rio das Pedras","Polo_5",33.31,48.63,72,3.985,53.75,91.14
"CID31",2020-12-01,225.5,109.4,"Rio das Pedras","Polo_5",33.31,48.63,72,3.985,53.75,91.14
"CID31",2021-01-01,235.5,104.3,"Rio das Pedras","Polo_5",33.31,48.63,72,3.985,53.75,91.14
"CID31",2021-02-01,253.5,108.1,"Rio das Pedras","Polo_5",33.31,48.63,72,3.985,53.75,91.14
"CID31",2021-03-01,280.5,106.4,"Rio das Pedras","Polo_5",33.31,48.63,72,3.985,53.75,91.14
"CID31",2021-04-01,308,111.2,"Rio das Pedras","Polo_5",33.31,48.63,72,3.985,53.75,91.14
"CID31",2021-05-01,322.2,101.2,"Rio das Pedras","Polo_5",33.31,48.63,72,3.985,53.75,91.14
"CID31",2021-06-01,326.8,103.2,"Rio das Pedras","Polo_5",33.31,48.63,72,3.985,53.75,91.14
"CID31",2021-07-01,325.6,93.2,"Rio das Pedras","Polo_5",33.31,48.63,72,3.985,53.75,91.14
"CID31",2021-08-01,312.4,96.5,"Rio das Pedras","Polo_5",33.31,48.63,72,3.985,53.75,91.14
"CID31",2021-09-01,288.7,98.2,"Rio das Pedras","Polo_5",33.31,48.63,72,3.985,53.75,91.14
"CID31",2021-10-01,251.8,101.1,"Rio das Pedras","Polo_5",33.31,48.63,72,3.985,53.75,91.14
"CID31",2021-11-01,201.3,93.3,"Rio das Pedras","Polo_5",33.31,48.63,72,3.985,53.75,91.14
"CID31",2021-12-01,232.3,100.9,"Rio das Pedras","Polo_5",33.31,48.63,72,3.985,53.75,91.14
"CID31",2022-01-01,220.3,104.1,"Rio das Pedras","Polo_5",33.31,48.63,72,3.985,53.75,91.14
"CID31",2022-02-01,252.3,109.8,"Rio das Pedras","Polo_5",33.31,48.63,72,3.985,53.75,91.14
"CID31",2022-03-01,285,107.4,"Rio das Pedras","Polo_5",33.31,48.63,72,3.985,53.75,91.14
"CID31",2022-04-01,311.1,106.5,"Rio das Pedras","Polo_5",33.31,48.63,72,3.985,53.75,91.14
"CID31",2022-05-01,342.9,102.7,"Rio das Pedras","Polo_5",33.31,48.63,72,3.985,53.75,91.14
"CID31",2022-06-01,340.6,96.3,"Rio das Pedras","Polo_5",33.31,48.63,72,3.985,53.75,91.14
"CID31",2022-07-01,318.4,95.7,"Rio das Pedras","Polo_5",33.31,48.63,72,3.985,53.75,91.14
"CID31",2022-08-01,303.3,99,"Rio das Pedras","Polo_5",33.31,48.63,72,3.985,53.75,91.14
"CID31",2022-09-01,285,94.6,"Rio das Pedras","Polo_5",33.31,48.63,72,3.985,53.75,91.14
"CID31",2022-10-01,246.4,97.1,"Rio das Pedras","Polo_5",33.31,48.63,72,3.985,53.75,91.14
"CID31",2022-11-01,248.9,104.3,"Rio das Pedras","Polo_5",33.31,48.63,72,3.985,53.75,91.14
"CID31",2022-12-01,218.9,102.2,"Rio das Pedras","Polo_5",33.31,48.63,72,3.985,53.75,91.14
"CID31",2023-01-01,238.1,107.6,"Rio das Pedras","Polo_5",33.31,48.63,72,3.985,53.75,91.14
"CID31",2023-02-01,255,109.2,"Rio das Pedras","Polo_5",33.31,48.63,72,3.985,53.75,91.14
"CID31",2023-03-01,299.8,111.2,"Rio das Pedras","Polo_5",33.31,48.63,72,3.985,53.75,91.14
"CID31",2023-04-01,313.3,108.6,"Rio das Pedras","Polo_5",33.31,48.63,72,3.985,53.75,91.14
"CID31",2023-05-01,340.9,103.9,"Rio das Pedras","Polo_5",33.31,48.63,72,3.985,53.75,91.14
"CID31",2023-06-01,328.7,104.9,"Rio das Pedras","Polo_5",33.31,48.63,72,3.985,53.75,91.14
"CID31",2023-07-01,323.4,98.9,"Rio das Pedras","Polo_5",33.31,48.63,72,3.985,53.75,91.14
"CID31",2023-08-01,298.8,98,"Rio das Pedras","Polo_5",33.31,48.63,72,3.985,53.75,91.14
"CID31",2023-09-01,304.3,99.2,"Rio das Pedras","Polo_5",33.31,48.63,72,3.985,53.75,91.14
"CID31",2023-10-01,245.5,104,"Rio das Pedras","Polo_5",33.31,48.63,72,3.985,53.75,91.14
"CID31",2023-11-01,237.5,100.4,"Rio das Pedras","Polo_5",33.31,48.63,72,3.985,53.75,91.14
"CID31",2023-12-01,233.4,111.4,"Rio das Pedras","Polo_5",33.31,48.63,72,3.985,53.75,91.14
"CID31",2024-01-01,253.1,112.9,"Rio das Pedras","Polo_5",33.31,48.63,72,3.985,53.75,91.14
"CID31",2024-02-01,277,109.8,"Rio das Pedras","Polo_5",33.31,48.63,72,3.985,53.75,91.14
"CID31",2024-03-01,287.4,108.4,"Rio das Pedras","Polo_5",33.31,48.63,72,3.985,53.75,91.14
"CID31",2024-04-01,308.3,102.8,"Rio das Pedras","Polo_5",33.31,48.63,72,3.985,53.75,91.14
"CID31",2024-05-01,346.4,105.9,"Rio das Pedras","Polo_5",33.31,48.63,72,3.985,53.75,91.14
"CID31",2024-06-01,316.8,104.2,"Rio das Pedras","Polo_5",33.31,48.63,72,3.985,53.75,91.14
"CID31",2024-07-01,321,99,"Rio das Pedras","Polo_5",33.31,48.63,72,3.985,53.75,91.14
"CID31",2024-08-01,307.1,103,"Rio das Pedras","Polo_5",33.31,48.63,72,3.985,53.75,91.14
"CID31",2024-09-01,290.6,104.2,"Rio das Pedras","Polo_5",33.31,48.63,72,3.985,53.75,91.14
"CID31",2024-10-01,252.7,101.8,"Rio das Pedras","Polo_5",33.31,48.63,72,3.985,53.75,91.14
"CID31",2024-11-01,248.8,103,"Rio das Pedras","Polo_5",33.31,48.63,72,3.985,53.75,91.14
"CID31",2024-12-01,235.3,104.6,"Rio das Pedras","Polo_5",33.31,48.63,72,3.985,53.75,91.14
"CID31",2025-01-01,243,111.8,"Rio das Pedras","Polo_5",33.31,48.63,72,3.985,53.75,91.14
"CID31",2025-02-01,262.7,113.8,"Rio das Pedras","Polo_5",33.31,48.63,72,3.985,53.75,91.14
"CID31",2025-03-01,314,108,"Rio das Pedras","Polo_5",33.31,48.63,72,3.985,53.75,91.14
"CID31",2025-04-01,335.5,111,"Rio das Pedras","Polo_5",33.31,48.63,72,3.985,53.75,91.14
"CID31",2025-05-01,338.1,106,"Rio das Pedras","Polo_5",33.31,48.63,72,3.985,53.75,91.14
"CID31",2025-06-01,348.3,105.4,"Rio das Pedras","Polo_5",33.31,48.63,72,3.985,53.75,91.14
"CID31",2025-07-01,346.3,103.6,"Rio das Pedras","Polo_5",33.31,48.63,72,3.985,53.75,91.14
"CID31",2025-08-01,306.3,95.8,"Rio das Pedras","Polo_5",33.31,48.63,72,3.985,53.75,91.14
"CID31",2025-09-01,277.9,101.8,"Rio das Pedras","Polo_5",33.31,48.63,72,3.985,53.75,91.14
"CID31",2025-10-01,262.6,106.9,"Rio das Pedras","Polo_5",33.31,48.63,72,3.985,53.75,91.14
"CID31",2025-11-01,258.9,104.2,"Rio das Pedras","Polo_5",33.31,48.63,72,3.985,53.75,91.14
"CID31",2025-12-01,244.5,110,"Rio das Pedras","Polo_5",33.31,48.63,72,3.985,53.75,91.14
"CID32",2019-01-01,146.7,103,"Campina Grande Fic","Polo_3",64.54,22.91,51,2.217,57.12,85.6
"CID32",2019-02-01,164.8,106.6,"Campina Grande Fic","Polo_3",64.54,22.91,51,2.217,57.12,85.6
"CID32",2019-03-01,206.8,103.5,"Campina Grande Fic","Polo_3",64.54,22.91,51,2.217,57.12,85.6
"CID32",2019-04-01,207.2,101.7,"Campina Grande Fic","Polo_3",64.54,22.91,51,2.217,57.12,85.6
"CID32",2019-05-01,213,98.5,"Campina Grande Fic","Polo_3",64.54,22.91,51,2.217,57.12,85.6
"CID32",2019-06-01,214.7,97.5,"Campina Grande Fic","Polo_3",64.54,22.91,51,2.217,57.12,85.6
"CID32",2019-07-01,208.9,94.7,"Campina Grande Fic","Polo_3",64.54,22.91,51,2.217,57.12,85.6
"CID32",2019-08-01,208.2,95.4,"Campina Grande Fic","Polo_3",64.54,22.91,51,2.217,57.12,85.6
"CID32",2019-09-01,183.4,95,"Campina Grande Fic","Polo_3",64.54,22.91,51,2.217,57.12,85.6
"CID32",2019-10-01,183.5,98,"Campina Grande Fic","Polo_3",64.54,22.91,51,2.217,57.12,85.6
"CID32",2019-11-01,147.8,100.1,"Campina Grande Fic","Polo_3",64.54,22.91,51,2.217,57.12,85.6
"CID32",2019-12-01,164.3,101.3,"Campina Grande Fic","Polo_3",64.54,22.91,51,2.217,57.12,85.6
"CID32",2020-01-01,157.9,105.8,"Campina Grande Fic","Polo_3",64.54,22.91,51,2.217,57.12,85.6
"CID32",2020-02-01,185.7,110.4,"Campina Grande Fic","Polo_3",64.54,22.91,51,2.217,57.12,85.6
"CID32",2020-03-01,190.2,105.3,"Campina Grande Fic","Polo_3",64.54,22.91,51,2.217,57.12,85.6
"CID32",2020-04-01,214.3,108.5,"Campina Grande Fic","Polo_3",64.54,22.91,51,2.217,57.12,85.6
"CID32",2020-05-01,216.3,107.5,"Campina Grande Fic","Polo_3",64.54,22.91,51,2.217,57.12,85.6
"CID32",2020-06-01,226.8,100.9,"Campina Grande Fic","Polo_3",64.54,22.91,51,2.217,57.12,85.6
"CID32",2020-07-01,211.4,100.4,"Campina Grande Fic","Polo_3",64.54,22.91,51,2.217,57.12,85.6
"CID32",2020-08-01,214,97.6,"Campina Grande Fic","Polo_3",64.54,22.91,51,2.217,57.12,85.6
"CID32",2020-09-01,195,99.8,"Campina Grande Fic","Polo_3",64.54,22.91,51,2.217,57.12,85.6
"CID32",2020-10-01,173,98.7,"Campina Grande Fic","Polo_3",64.54,22.91,51,2.217,57.12,85.6
"CID32",2020-11-01,158.8,101.6,"Campina Grande Fic","Polo_3",64.54,22.91,51,2.217,57.12,85.6
"CID32",2020-12-01,149,105.9,"Campina Grande Fic","Polo_3",64.54,22.91,51,2.217,57.12,85.6
"CID32",2021-01-01,166.8,103.9,"Campina Grande Fic","Polo_3",64.54,22.91,51,2.217,57.12,85.6
"CID32",2021-02-01,187.6,106.9,"Campina Grande Fic","Polo_3",64.54,22.91,51,2.217,57.12,85.6
"CID32",2021-03-01,208,107.4,"Campina Grande Fic","Polo_3",64.54,22.91,51,2.217,57.12,85.6
"CID32",2021-04-01,202.2,111.3,"Campina Grande Fic","Polo_3",64.54,22.91,51,2.217,57.12,85.6
"CID32",2021-05-01,222.2,102.3,"Campina Grande Fic","Polo_3",64.54,22.91,51,2.217,57.12,85.6
"CID32",2021-06-01,228.9,103,"Campina Grande Fic","Polo_3",64.54,22.91,51,2.217,57.12,85.6
"CID32",2021-07-01,227.9,94.9,"Campina Grande Fic","Polo_3",64.54,22.91,51,2.217,57.12,85.6
"CID32",2021-08-01,206.6,97.2,"Campina Grande Fic","Polo_3",64.54,22.91,51,2.217,57.12,85.6
"CID32",2021-09-01,190.2,99.9,"Campina Grande Fic","Polo_3",64.54,22.91,51,2.217,57.12,85.6
"CID32",2021-10-01,184,101.4,"Campina Grande Fic","Polo_3",64.54,22.91,51,2.217,57.12,85.6
"CID32",2021-11-01,139.9,96.5,"Campina Grande Fic","Polo_3",64.54,22.91,51,2.217,57.12,85.6
"CID32",2021-12-01,158.6,101.7,"Campina Grande Fic","Polo_3",64.54,22.91,51,2.217,57.12,85.6
"CID32",2022-01-01,178.9,103.2,"Campina Grande Fic","Polo_3",64.54,22.91,51,2.217,57.12,85.6
"CID32",2022-02-01,181.1,108.5,"Campina Grande Fic","Polo_3",64.54,22.91,51,2.217,57.12,85.6
"CID32",2022-03-01,207.8,106.7,"Campina Grande Fic","Polo_3",64.54,22.91,51,2.217,57.12,85.6
"CID32",2022-04-01,209.5,108.2,"Campina Grande Fic","Polo_3",64.54,22.91,51,2.217,57.12,85.6
"CID32",2022-05-01,244.7,102.6,"Campina Grande Fic","Polo_3",64.54,22.91,51,2.217,57.12,85.6
"CID32",2022-06-01,228.9,97.5,"Campina Grande Fic","Polo_3",64.54,22.91,51,2.217,57.12,85.6
"CID32",2022-07-01,230.6,94.1,"Campina Grande Fic","Polo_3",64.54,22.91,51,2.217,57.12,85.6
"CID32",2022-08-01,203,95.5,"Campina Grande Fic","Polo_3",64.54,22.91,51,2.217,57.12,85.6
"CID32",2022-09-01,202.5,99.1,"Campina Grande Fic","Polo_3",64.54,22.91,51,2.217,57.12,85.6
"CID32",2022-10-01,174.6,99.9,"Campina Grande Fic","Polo_3",64.54,22.91,51,2.217,57.12,85.6
"CID32",2022-11-01,171.1,105.2,"Campina Grande Fic","Polo_3",64.54,22.91,51,2.217,57.12,85.6
"CID32",2022-12-01,173.5,102.6,"Campina Grande Fic","Polo_3",64.54,22.91,51,2.217,57.12,85.6
"CID32",2023-01-01,170,107.2,"Campina Grande Fic","Polo_3",64.54,22.91,51,2.217,57.12,85.6
"CID32",2023-02-01,183.7,109.5,"Campina Grande Fic","Polo_3",64.54,22.91,51,2.217,57.12,85.6
"CID32",2023-03-01,200.6,112.9,"Campina Grande Fic","Polo_3",64.54,22.91,51,2.217,57.12,85.6
"CID32",2023-04-01,212.9,109.2,"Campina Grande Fic","Polo_3",64.54,22.91,51,2.217,57.12,85.6
"CID32",2023-05-01,235.8,106,"Campina Grande Fic","Polo_3",64.54,22.91,51,2.217,57.12,85.6
"CID32",2023-06-01,234.4,106.1,"Campina Grande Fic","Polo_3",64.54,22.91,51,2.217,57.12,85.6
"CID32",2023-07-01,230,98.5,"Campina Grande Fic","Polo_3",64.54,22.91,51,2.217,57.12,85.6
"CID32",2023-08-01,216.7,102.3,"Campina Grande Fic","Polo_3",64.54,22.91,51,2.217,57.12,85.6
"CID32",2023-09-01,201.4,100.9,"Campina Grande Fic","Polo_3",64.54,22.91,51,2.217,57.12,85.6
"CID32",2023-10-01,181.2,108.7,"Campina Grande Fic","Polo_3",64.54,22.91,51,2.217,57.12,85.6
"CID32",2023-11-01,169.7,99.8,"Campina Grande Fic","Polo_3",64.54,22.91,51,2.217,57.12,85.6
"CID32",2023-12-01,181.3,111.2,"Campina Grande Fic","Polo_3",64.54,22.91,51,2.217,57.12,85.6
"CID32",2024-01-01,183.9,111.6,"Campina Grande Fic","Polo_3",64.54,22.91,51,2.217,57.12,85.6
"CID32",2024-02-01,194.1,111.8,"Campina Grande Fic","Polo_3",64.54,22.91,51,2.217,57.12,85.6
"CID32",2024-03-01,212.5,108.9,"Campina Grande Fic","Polo_3",64.54,22.91,51,2.217,57.12,85.6
"CID32",2024-04-01,232.4,103.1,"Campina Grande Fic","Polo_3",64.54,22.91,51,2.217,57.12,85.6
"CID32",2024-05-01,235.2,105.5,"Campina Grande Fic","Polo_3",64.54,22.91,51,2.217,57.12,85.6
"CID32",2024-06-01,236.6,104.3,"Campina Grande Fic","Polo_3",64.54,22.91,51,2.217,57.12,85.6
"CID32",2024-07-01,242.5,100.3,"Campina Grande Fic","Polo_3",64.54,22.91,51,2.217,57.12,85.6
"CID32",2024-08-01,227.2,102.2,"Campina Grande Fic","Polo_3",64.54,22.91,51,2.217,57.12,85.6
"CID32",2024-09-01,223.9,103.4,"Campina Grande Fic","Polo_3",64.54,22.91,51,2.217,57.12,85.6
"CID32",2024-10-01,173.6,100.6,"Campina Grande Fic","Polo_3",64.54,22.91,51,2.217,57.12,85.6
"CID32",2024-11-01,175.9,103.2,"Campina Grande Fic","Polo_3",64.54,22.91,51,2.217,57.12,85.6
"CID32",2024-12-01,171.4,105.3,"Campina Grande Fic","Polo_3",64.54,22.91,51,2.217,57.12,85.6
"CID32",2025-01-01,179.1,109.9,"Campina Grande Fic","Polo_3",64.54,22.91,51,2.217,57.12,85.6
"CID32",2025-02-01,192.8,114,"Campina Grande Fic","Polo_3",64.54,22.91,51,2.217,57.12,85.6
"CID32",2025-03-01,216,110.8,"Campina Grande Fic","Polo_3",64.54,22.91,51,2.217,57.12,85.6
"CID32",2025-04-01,233.7,109.3,"Campina Grande Fic","Polo_3",64.54,22.91,51,2.217,57.12,85.6
"CID32",2025-05-01,247.5,102.3,"Campina Grande Fic","Polo_3",64.54,22.91,51,2.217,57.12,85.6
"CID32",2025-06-01,228.7,107.5,"Campina Grande Fic","Polo_3",64.54,22.91,51,2.217,57.12,85.6
"CID32",2025-07-01,236.3,104,"Campina Grande Fic","Polo_3",64.54,22.91,51,2.217,57.12,85.6
"CID32",2025-08-01,231.1,96.3,"Campina Grande Fic","Polo_3",64.54,22.91,51,2.217,57.12,85.6
"CID32",2025-09-01,226,105.8,"Campina Grande Fic","Polo_3",64.54,22.91,51,2.217,57.12,85.6
"CID32",2025-10-01,189.1,104.9,"Campina Grande Fic","Polo_3",64.54,22.91,51,2.217,57.12,85.6
"CID32",2025-11-01,180.1,105.6,"Campina Grande Fic","Polo_3",64.54,22.91,51,2.217,57.12,85.6
"CID32",2025-12-01,169.7,108.7,"Campina Grande Fic","Polo_3",64.54,22.91,51,2.217,57.12,85.6
"CID33",2019-01-01,153.9,102.3,"Vale Encantado","Polo_3",63.8,37.71,43,1.939,55.13,102.51
"CID33",2019-02-01,147.8,108.7,"Vale Encantado","Polo_3",63.8,37.71,43,1.939,55.13,102.51
"CID33",2019-03-01,157.2,101.7,"Vale Encantado","Polo_3",63.8,37.71,43,1.939,55.13,102.51
"CID33",2019-04-01,173.8,101.4,"Vale Encantado","Polo_3",63.8,37.71,43,1.939,55.13,102.51
"CID33",2019-05-01,177.5,98.7,"Vale Encantado","Polo_3",63.8,37.71,43,1.939,55.13,102.51
"CID33",2019-06-01,176,96.9,"Vale Encantado","Polo_3",63.8,37.71,43,1.939,55.13,102.51
"CID33",2019-07-01,161.3,92.3,"Vale Encantado","Polo_3",63.8,37.71,43,1.939,55.13,102.51
"CID33",2019-08-01,151.7,95.7,"Vale Encantado","Polo_3",63.8,37.71,43,1.939,55.13,102.51
"CID33",2019-09-01,139,94.7,"Vale Encantado","Polo_3",63.8,37.71,43,1.939,55.13,102.51
"CID33",2019-10-01,141.4,97.5,"Vale Encantado","Polo_3",63.8,37.71,43,1.939,55.13,102.51
"CID33",2019-11-01,124.7,98.2,"Vale Encantado","Polo_3",63.8,37.71,43,1.939,55.13,102.51
"CID33",2019-12-01,134.5,101.3,"Vale Encantado","Polo_3",63.8,37.71,43,1.939,55.13,102.51
"CID33",2020-01-01,129,105.6,"Vale Encantado","Polo_3",63.8,37.71,43,1.939,55.13,102.51
"CID33",2020-02-01,158.4,113.2,"Vale Encantado","Polo_3",63.8,37.71,43,1.939,55.13,102.51
"CID33",2020-03-01,157.8,105.9,"Vale Encantado","Polo_3",63.8,37.71,43,1.939,55.13,102.51
"CID33",2020-04-01,186.3,109.5,"Vale Encantado","Polo_3",63.8,37.71,43,1.939,55.13,102.51
"CID33",2020-05-01,181.4,106.5,"Vale Encantado","Polo_3",63.8,37.71,43,1.939,55.13,102.51
"CID33",2020-06-01,173.7,98.5,"Vale Encantado","Polo_3",63.8,37.71,43,1.939,55.13,102.51
"CID33",2020-07-01,171.3,100.7,"Vale Encantado","Polo_3",63.8,37.71,43,1.939,55.13,102.51
"CID33",2020-08-01,149.4,98.6,"Vale Encantado","Polo_3",63.8,37.71,43,1.939,55.13,102.51
"CID33",2020-09-01,144,96.9,"Vale Encantado","Polo_3",63.8,37.71,43,1.939,55.13,102.51
"CID33",2020-10-01,128.9,100.4,"Vale Encantado","Polo_3",63.8,37.71,43,1.939,55.13,102.51
"CID33",2020-11-01,135.2,100.9,"Vale Encantado","Polo_3",63.8,37.71,43,1.939,55.13,102.51
"CID33",2020-12-01,129,111.1,"Vale Encantado","Polo_3",63.8,37.71,43,1.939,55.13,102.51
"CID33",2021-01-01,137.8,106.2,"Vale Encantado","Polo_3",63.8,37.71,43,1.939,55.13,102.51
"CID33",2021-02-01,160.1,110.3,"Vale Encantado","Polo_3",63.8,37.71,43,1.939,55.13,102.51
"CID33",2021-03-01,164.2,107,"Vale Encantado","Polo_3",63.8,37.71,43,1.939,55.13,102.51
"CID33",2021-04-01,177.6,109.8,"Vale Encantado","Polo_3",63.8,37.71,43,1.939,55.13,102.51
"CID33",2021-05-01,182.8,100.9,"Vale Encantado","Polo_3",63.8,37.71,43,1.939,55.13,102.51
"CID33",2021-06-01,182.8,104.2,"Vale Encantado","Polo_3",63.8,37.71,43,1.939,55.13,102.51
"CID33",2021-07-01,175.2,93.4,"Vale Encantado","Polo_3",63.8,37.71,43,1.939,55.13,102.51
"CID33",2021-08-01,154,98.2,"Vale Encantado","Polo_3",63.8,37.71,43,1.939,55.13,102.51
"CID33",2021-09-01,136.9,98.6,"Vale Encantado","Polo_3",63.8,37.71,43,1.939,55.13,102.51
"CID33",2021-10-01,132.7,98.1,"Vale Encantado","Polo_3",63.8,37.71,43,1.939,55.13,102.51
"CID33",2021-11-01,125.2,96.8,"Vale Encantado","Polo_3",63.8,37.71,43,1.939,55.13,102.51
"CID33",2021-12-01,123.1,102.1,"Vale Encantado","Polo_3",63.8,37.71,43,1.939,55.13,102.51
"CID33",2022-01-01,142.8,105.6,"Vale Encantado","Polo_3",63.8,37.71,43,1.939,55.13,102.51
"CID33",2022-02-01,161.8,107,"Vale Encantado","Polo_3",63.8,37.71,43,1.939,55.13,102.51
"CID33",2022-03-01,169.5,106.5,"Vale Encantado","Polo_3",63.8,37.71,43,1.939,55.13,102.51
"CID33",2022-04-01,182.9,106.2,"Vale Encantado","Polo_3",63.8,37.71,43,1.939,55.13,102.51
"CID33",2022-05-01,180.2,101.4,"Vale Encantado","Polo_3",63.8,37.71,43,1.939,55.13,102.51
"CID33",2022-06-01,187.9,98.3,"Vale Encantado","Polo_3",63.8,37.71,43,1.939,55.13,102.51
"CID33",2022-07-01,165.2,94.2,"Vale Encantado","Polo_3",63.8,37.71,43,1.939,55.13,102.51
"CID33",2022-08-01,154.7,99.4,"Vale Encantado","Polo_3",63.8,37.71,43,1.939,55.13,102.51
"CID33",2022-09-01,148.4,96.5,"Vale Encantado","Polo_3",63.8,37.71,43,1.939,55.13,102.51
"CID33",2022-10-01,138.3,98.4,"Vale Encantado","Polo_3",63.8,37.71,43,1.939,55.13,102.51
"CID33",2022-11-01,136.4,108.6,"Vale Encantado","Polo_3",63.8,37.71,43,1.939,55.13,102.51
"CID33",2022-12-01,138.1,100,"Vale Encantado","Polo_3",63.8,37.71,43,1.939,55.13,102.51
"CID33",2023-01-01,137.4,106.7,"Vale Encantado","Polo_3",63.8,37.71,43,1.939,55.13,102.51
"CID33",2023-02-01,151.1,110.4,"Vale Encantado","Polo_3",63.8,37.71,43,1.939,55.13,102.51
"CID33",2023-03-01,184.6,111,"Vale Encantado","Polo_3",63.8,37.71,43,1.939,55.13,102.51
"CID33",2023-04-01,191.4,107.1,"Vale Encantado","Polo_3",63.8,37.71,43,1.939,55.13,102.51
"CID33",2023-05-01,186.9,106.6,"Vale Encantado","Polo_3",63.8,37.71,43,1.939,55.13,102.51
"CID33",2023-06-01,181.8,103.2,"Vale Encantado","Polo_3",63.8,37.71,43,1.939,55.13,102.51
"CID33",2023-07-01,172.4,99.1,"Vale Encantado","Polo_3",63.8,37.71,43,1.939,55.13,102.51
"CID33",2023-08-01,154.3,99.2,"Vale Encantado","Polo_3",63.8,37.71,43,1.939,55.13,102.51
"CID33",2023-09-01,144.4,99.6,"Vale Encantado","Polo_3",63.8,37.71,43,1.939,55.13,102.51
"CID33",2023-10-01,132.1,107,"Vale Encantado","Polo_3",63.8,37.71,43,1.939,55.13,102.51
"CID33",2023-11-01,129.3,101.9,"Vale Encantado","Polo_3",63.8,37.71,43,1.939,55.13,102.51
"CID33",2023-12-01,131.7,108.1,"Vale Encantado","Polo_3",63.8,37.71,43,1.939,55.13,102.51
"CID33",2024-01-01,146.5,115.5,"Vale Encantado","Polo_3",63.8,37.71,43,1.939,55.13,102.51
"CID33",2024-02-01,155.4,111.4,"Vale Encantado","Polo_3",63.8,37.71,43,1.939,55.13,102.51
"CID33",2024-03-01,184.2,111.4,"Vale Encantado","Polo_3",63.8,37.71,43,1.939,55.13,102.51
"CID33",2024-04-01,183.5,102.3,"Vale Encantado","Polo_3",63.8,37.71,43,1.939,55.13,102.51
"CID33",2024-05-01,189.6,102.5,"Vale Encantado","Polo_3",63.8,37.71,43,1.939,55.13,102.51
"CID33",2024-06-01,190.9,104.9,"Vale Encantado","Polo_3",63.8,37.71,43,1.939,55.13,102.51
"CID33",2024-07-01,172,98.9,"Vale Encantado","Polo_3",63.8,37.71,43,1.939,55.13,102.51
"CID33",2024-08-01,154.7,99,"Vale Encantado","Polo_3",63.8,37.71,43,1.939,55.13,102.51
"CID33",2024-09-01,143.5,100,"Vale Encantado","Polo_3",63.8,37.71,43,1.939,55.13,102.51
"CID33",2024-10-01,141.3,104.5,"Vale Encantado","Polo_3",63.8,37.71,43,1.939,55.13,102.51
"CID33",2024-11-01,132.2,103.1,"Vale Encantado","Polo_3",63.8,37.71,43,1.939,55.13,102.51
"CID33",2024-12-01,139.3,105.4,"Vale Encantado","Polo_3",63.8,37.71,43,1.939,55.13,102.51
"CID33",2025-01-01,152.7,108,"Vale Encantado","Polo_3",63.8,37.71,43,1.939,55.13,102.51
"CID33",2025-02-01,159.6,111.4,"Vale Encantado","Polo_3",63.8,37.71,43,1.939,55.13,102.51
"CID33",2025-03-01,174.4,111.7,"Vale Encantado","Polo_3",63.8,37.71,43,1.939,55.13,102.51
"CID33",2025-04-01,192.2,112.6,"Vale Encantado","Polo_3",63.8,37.71,43,1.939,55.13,102.51
"CID33",2025-05-01,198.7,108.3,"Vale Encantado","Polo_3",63.8,37.71,43,1.939,55.13,102.51
"CID33",2025-06-01,188.6,106.8,"Vale Encantado","Polo_3",63.8,37.71,43,1.939,55.13,102.51
"CID33",2025-07-01,170.8,102.1,"Vale Encantado","Polo_3",63.8,37.71,43,1.939,55.13,102.51
"CID33",2025-08-01,158.4,97.7,"Vale Encantado","Polo_3",63.8,37.71,43,1.939,55.13,102.51
"CID33",2025-09-01,146.1,100.8,"Vale Encantado","Polo_3",63.8,37.71,43,1.939,55.13,102.51
"CID33",2025-10-01,133,101.5,"Vale Encantado","Polo_3",63.8,37.71,43,1.939,55.13,102.51
"CID33",2025-11-01,132.7,106.7,"Vale Encantado","Polo_3",63.8,37.71,43,1.939,55.13,102.51
"CID33",2025-12-01,130.8,112.8,"Vale Encantado","Polo_3",63.8,37.71,43,1.939,55.13,102.51
"CID34",2019-01-01,108.5,104.9,"Serra Doce","Polo_4",93.89,86.76,39,4.779,61.86,101.69
"CID34",2019-02-01,120.3,110.1,"Serra Doce","Polo_4",93.89,86.76,39,4.779,61.86,101.69
"CID34",2019-03-01,125.2,107.8,"Serra Doce","Polo_4",93.89,86.76,39,4.779,61.86,101.69
"CID34",2019-04-01,124.4,102,"Serra Doce","Polo_4",93.89,86.76,39,4.779,61.86,101.69
"CID34",2019-05-01,148.1,99.4,"Serra Doce","Polo_4",93.89,86.76,39,4.779,61.86,101.69
"CID34",2019-06-01,152.5,97,"Serra Doce","Polo_4",93.89,86.76,39,4.779,61.86,101.69
"CID34",2019-07-01,146.1,95.1,"Serra Doce","Polo_4",93.89,86.76,39,4.779,61.86,101.69
"CID34",2019-08-01,132.4,95.6,"Serra Doce","Polo_4",93.89,86.76,39,4.779,61.86,101.69
"CID34",2019-09-01,119.1,95.3,"Serra Doce","Polo_4",93.89,86.76,39,4.779,61.86,101.69
"CID34",2019-10-01,120.1,99.8,"Serra Doce","Polo_4",93.89,86.76,39,4.779,61.86,101.69
"CID34",2019-11-01,109,99.5,"Serra Doce","Polo_4",93.89,86.76,39,4.779,61.86,101.69
"CID34",2019-12-01,113.5,103.1,"Serra Doce","Polo_4",93.89,86.76,39,4.779,61.86,101.69
"CID34",2020-01-01,113.7,105,"Serra Doce","Polo_4",93.89,86.76,39,4.779,61.86,101.69
"CID34",2020-02-01,107.8,111.6,"Serra Doce","Polo_4",93.89,86.76,39,4.779,61.86,101.69
"CID34",2020-03-01,128.2,107.6,"Serra Doce","Polo_4",93.89,86.76,39,4.779,61.86,101.69
"CID34",2020-04-01,157.1,105.9,"Serra Doce","Polo_4",93.89,86.76,39,4.779,61.86,101.69
"CID34",2020-05-01,149.3,107.7,"Serra Doce","Polo_4",93.89,86.76,39,4.779,61.86,101.69
"CID34",2020-06-01,153.3,96.1,"Serra Doce","Polo_4",93.89,86.76,39,4.779,61.86,101.69
"CID34",2020-07-01,149.6,99.7,"Serra Doce","Polo_4",93.89,86.76,39,4.779,61.86,101.69
"CID34",2020-08-01,128.4,95,"Serra Doce","Polo_4",93.89,86.76,39,4.779,61.86,101.69
"CID34",2020-09-01,134.5,99.1,"Serra Doce","Polo_4",93.89,86.76,39,4.779,61.86,101.69
"CID34",2020-10-01,118.5,99.3,"Serra Doce","Polo_4",93.89,86.76,39,4.779,61.86,101.69
"CID34",2020-11-01,114.7,102.2,"Serra Doce","Polo_4",93.89,86.76,39,4.779,61.86,101.69
"CID34",2020-12-01,105.5,107.6,"Serra Doce","Polo_4",93.89,86.76,39,4.779,61.86,101.69
"CID34",2021-01-01,105.3,106.7,"Serra Doce","Polo_4",93.89,86.76,39,4.779,61.86,101.69
"CID34",2021-02-01,122.2,108.2,"Serra Doce","Polo_4",93.89,86.76,39,4.779,61.86,101.69
"CID34",2021-03-01,131.4,110,"Serra Doce","Polo_4",93.89,86.76,39,4.779,61.86,101.69
"CID34",2021-04-01,143.7,110,"Serra Doce","Polo_4",93.89,86.76,39,4.779,61.86,101.69
"CID34",2021-05-01,163.7,102.9,"Serra Doce","Polo_4",93.89,86.76,39,4.779,61.86,101.69
"CID34",2021-06-01,158.6,103,"Serra Doce","Polo_4",93.89,86.76,39,4.779,61.86,101.69
"CID34",2021-07-01,166.2,95.2,"Serra Doce","Polo_4",93.89,86.76,39,4.779,61.86,101.69
"CID34",2021-08-01,147.2,95,"Serra Doce","Polo_4",93.89,86.76,39,4.779,61.86,101.69
"CID34",2021-09-01,128.3,98.4,"Serra Doce","Polo_4",93.89,86.76,39,4.779,61.86,101.69
"CID34",2021-10-01,122.9,96.6,"Serra Doce","Polo_4",93.89,86.76,39,4.779,61.86,101.69
"CID34",2021-11-01,107.6,96.1,"Serra Doce","Polo_4",93.89,86.76,39,4.779,61.86,101.69
"CID34",2021-12-01,112.6,103.7,"Serra Doce","Polo_4",93.89,86.76,39,4.779,61.86,101.69
"CID34",2022-01-01,116.5,106.7,"Serra Doce","Polo_4",93.89,86.76,39,4.779,61.86,101.69
"CID34",2022-02-01,125.9,110.6,"Serra Doce","Polo_4",93.89,86.76,39,4.779,61.86,101.69
"CID34",2022-03-01,141.4,106.9,"Serra Doce","Polo_4",93.89,86.76,39,4.779,61.86,101.69
"CID34",2022-04-01,142,107.5,"Serra Doce","Polo_4",93.89,86.76,39,4.779,61.86,101.69
"CID34",2022-05-01,149.6,104.2,"Serra Doce","Polo_4",93.89,86.76,39,4.779,61.86,101.69
"CID34",2022-06-01,150.3,100.6,"Serra Doce","Polo_4",93.89,86.76,39,4.779,61.86,101.69
"CID34",2022-07-01,163.9,93.9,"Serra Doce","Polo_4",93.89,86.76,39,4.779,61.86,101.69
"CID34",2022-08-01,141.9,97.6,"Serra Doce","Polo_4",93.89,86.76,39,4.779,61.86,101.69
"CID34",2022-09-01,127.8,95.4,"Serra Doce","Polo_4",93.89,86.76,39,4.779,61.86,101.69
"CID34",2022-10-01,126.7,99.1,"Serra Doce","Polo_4",93.89,86.76,39,4.779,61.86,101.69
"CID34",2022-11-01,120.1,107.3,"Serra Doce","Polo_4",93.89,86.76,39,4.779,61.86,101.69
"CID34",2022-12-01,113.4,101.2,"Serra Doce","Polo_4",93.89,86.76,39,4.779,61.86,101.69
"CID34",2023-01-01,117.8,106.1,"Serra Doce","Polo_4",93.89,86.76,39,4.779,61.86,101.69
"CID34",2023-02-01,134.5,112.8,"Serra Doce","Polo_4",93.89,86.76,39,4.779,61.86,101.69
"CID34",2023-03-01,147.7,111.6,"Serra Doce","Polo_4",93.89,86.76,39,4.779,61.86,101.69
"CID34",2023-04-01,158.6,107.8,"Serra Doce","Polo_4",93.89,86.76,39,4.779,61.86,101.69
"CID34",2023-05-01,162.5,107.6,"Serra Doce","Polo_4",93.89,86.76,39,4.779,61.86,101.69
"CID34",2023-06-01,173.3,102.1,"Serra Doce","Polo_4",93.89,86.76,39,4.779,61.86,101.69
"CID34",2023-07-01,167.5,105,"Serra Doce","Polo_4",93.89,86.76,39,4.779,61.86,101.69
"CID34",2023-08-01,157.2,102.5,"Serra Doce","Polo_4",93.89,86.76,39,4.779,61.86,101.69
"CID34",2023-09-01,140.3,102.1,"Serra Doce","Polo_4",93.89,86.76,39,4.779,61.86,101.69
"CID34",2023-10-01,129.5,106.4,"Serra Doce","Polo_4",93.89,86.76,39,4.779,61.86,101.69
"CID34",2023-11-01,121.7,103,"Serra Doce","Polo_4",93.89,86.76,39,4.779,61.86,101.69
"CID34",2023-12-01,111,111.1,"Serra Doce","Polo_4",93.89,86.76,39,4.779,61.86,101.69
"CID34",2024-01-01,122.1,115.1,"Serra Doce","Polo_4",93.89,86.76,39,4.779,61.86,101.69
"CID34",2024-02-01,128.7,113.1,"Serra Doce","Polo_4",93.89,86.76,39,4.779,61.86,101.69
"CID34",2024-03-01,136.1,109.4,"Serra Doce","Polo_4",93.89,86.76,39,4.779,61.86,101.69
"CID34",2024-04-01,162,103.1,"Serra Doce","Polo_4",93.89,86.76,39,4.779,61.86,101.69
"CID34",2024-05-01,168.7,102,"Serra Doce","Polo_4",93.89,86.76,39,4.779,61.86,101.69
"CID34",2024-06-01,163.7,101.9,"Serra Doce","Polo_4",93.89,86.76,39,4.779,61.86,101.69
"CID34",2024-07-01,160.2,100.5,"Serra Doce","Polo_4",93.89,86.76,39,4.779,61.86,101.69
"CID34",2024-08-01,156.1,101.7,"Serra Doce","Polo_4",93.89,86.76,39,4.779,61.86,101.69
"CID34",2024-09-01,138.7,104.5,"Serra Doce","Polo_4",93.89,86.76,39,4.779,61.86,101.69
"CID34",2024-10-01,127.3,100.9,"Serra Doce","Polo_4",93.89,86.76,39,4.779,61.86,101.69
"CID34",2024-11-01,127.3,104.8,"Serra Doce","Polo_4",93.89,86.76,39,4.779,61.86,101.69
"CID34",2024-12-01,128.4,102,"Serra Doce","Polo_4",93.89,86.76,39,4.779,61.86,101.69
"CID34",2025-01-01,116.6,110.1,"Serra Doce","Polo_4",93.89,86.76,39,4.779,61.86,101.69
"CID34",2025-02-01,126.3,114.6,"Serra Doce","Polo_4",93.89,86.76,39,4.779,61.86,101.69
"CID34",2025-03-01,144.6,106.5,"Serra Doce","Polo_4",93.89,86.76,39,4.779,61.86,101.69
"CID34",2025-04-01,159.1,108.9,"Serra Doce","Polo_4",93.89,86.76,39,4.779,61.86,101.69
"CID34",2025-05-01,173.1,106.3,"Serra Doce","Polo_4",93.89,86.76,39,4.779,61.86,101.69
"CID34",2025-06-01,173.2,105.7,"Serra Doce","Polo_4",93.89,86.76,39,4.779,61.86,101.69
"CID34",2025-07-01,179.6,103.9,"Serra Doce","Polo_4",93.89,86.76,39,4.779,61.86,101.69
"CID34",2025-08-01,159.2,97.9,"Serra Doce","Polo_4",93.89,86.76,39,4.779,61.86,101.69
"CID34",2025-09-01,146.8,104,"Serra Doce","Polo_4",93.89,86.76,39,4.779,61.86,101.69
"CID34",2025-10-01,138.5,103.1,"Serra Doce","Polo_4",93.89,86.76,39,4.779,61.86,101.69
"CID34",2025-11-01,128.6,104.3,"Serra Doce","Polo_4",93.89,86.76,39,4.779,61.86,101.69
"CID34",2025-12-01,121.4,109.4,"Serra Doce","Polo_4",93.89,86.76,39,4.779,61.86,101.69
"CID35",2019-01-01,150.8,102.6,"Porto Alto","Polo_5",44.45,43.45,39,3.194,67.93,84.4
"CID35",2019-02-01,155.8,107.9,"Porto Alto","Polo_5",44.45,43.45,39,3.194,67.93,84.4
"CID35",2019-03-01,166.8,103.9,"Porto Alto","Polo_5",44.45,43.45,39,3.194,67.93,84.4
"CID35",2019-04-01,187,103.8,"Porto Alto","Polo_5",44.45,43.45,39,3.194,67.93,84.4
"CID35",2019-05-01,199,101.4,"Porto Alto","Polo_5",44.45,43.45,39,3.194,67.93,84.4
"CID35",2019-06-01,188.9,96.4,"Porto Alto","Polo_5",44.45,43.45,39,3.194,67.93,84.4
"CID35",2019-07-01,192.4,94.3,"Porto Alto","Polo_5",44.45,43.45,39,3.194,67.93,84.4
"CID35",2019-08-01,191.5,93.5,"Porto Alto","Polo_5",44.45,43.45,39,3.194,67.93,84.4
"CID35",2019-09-01,168.4,95.7,"Porto Alto","Polo_5",44.45,43.45,39,3.194,67.93,84.4
"CID35",2019-10-01,152.5,95.7,"Porto Alto","Polo_5",44.45,43.45,39,3.194,67.93,84.4
"CID35",2019-11-01,152.3,98,"Porto Alto","Polo_5",44.45,43.45,39,3.194,67.93,84.4
"CID35",2019-12-01,135,101.1,"Porto Alto","Polo_5",44.45,43.45,39,3.194,67.93,84.4
"CID35",2020-01-01,148.7,105.3,"Porto Alto","Polo_5",44.45,43.45,39,3.194,67.93,84.4
"CID35",2020-02-01,159.7,111.1,"Porto Alto","Polo_5",44.45,43.45,39,3.194,67.93,84.4
"CID35",2020-03-01,181.7,105.6,"Porto Alto","Polo_5",44.45,43.45,39,3.194,67.93,84.4
"CID35",2020-04-01,188.1,107.2,"Porto Alto","Polo_5",44.45,43.45,39,3.194,67.93,84.4
"CID35",2020-05-01,195.3,105.5,"Porto Alto","Polo_5",44.45,43.45,39,3.194,67.93,84.4
"CID35",2020-06-01,209,99.4,"Porto Alto","Polo_5",44.45,43.45,39,3.194,67.93,84.4
"CID35",2020-07-01,192.4,98.7,"Porto Alto","Polo_5",44.45,43.45,39,3.194,67.93,84.4
"CID35",2020-08-01,192.3,96.7,"Porto Alto","Polo_5",44.45,43.45,39,3.194,67.93,84.4
"CID35",2020-09-01,184.1,99.5,"Porto Alto","Polo_5",44.45,43.45,39,3.194,67.93,84.4
"CID35",2020-10-01,154.4,98.7,"Porto Alto","Polo_5",44.45,43.45,39,3.194,67.93,84.4
"CID35",2020-11-01,155.8,103.3,"Porto Alto","Polo_5",44.45,43.45,39,3.194,67.93,84.4
"CID35",2020-12-01,139.3,107.6,"Porto Alto","Polo_5",44.45,43.45,39,3.194,67.93,84.4
"CID35",2021-01-01,147.5,105.2,"Porto Alto","Polo_5",44.45,43.45,39,3.194,67.93,84.4
"CID35",2021-02-01,151.1,107.7,"Porto Alto","Polo_5",44.45,43.45,39,3.194,67.93,84.4
"CID35",2021-03-01,171.1,109.5,"Porto Alto","Polo_5",44.45,43.45,39,3.194,67.93,84.4
"CID35",2021-04-01,200.7,111.4,"Porto Alto","Polo_5",44.45,43.45,39,3.194,67.93,84.4
"CID35",2021-05-01,206.3,104,"Porto Alto","Polo_5",44.45,43.45,39,3.194,67.93,84.4
"CID35",2021-06-01,202.2,103.8,"Porto Alto","Polo_5",44.45,43.45,39,3.194,67.93,84.4
"CID35",2021-07-01,200.6,95.7,"Porto Alto","Polo_5",44.45,43.45,39,3.194,67.93,84.4
"CID35",2021-08-01,184.4,96.7,"Porto Alto","Polo_5",44.45,43.45,39,3.194,67.93,84.4
"CID35",2021-09-01,161.6,98.7,"Porto Alto","Polo_5",44.45,43.45,39,3.194,67.93,84.4
"CID35",2021-10-01,147.2,101.5,"Porto Alto","Polo_5",44.45,43.45,39,3.194,67.93,84.4
"CID35",2021-11-01,144.5,95.9,"Porto Alto","Polo_5",44.45,43.45,39,3.194,67.93,84.4
"CID35",2021-12-01,146.5,100.9,"Porto Alto","Polo_5",44.45,43.45,39,3.194,67.93,84.4
"CID35",2022-01-01,144,106.3,"Porto Alto","Polo_5",44.45,43.45,39,3.194,67.93,84.4
"CID35",2022-02-01,157.4,108,"Porto Alto","Polo_5",44.45,43.45,39,3.194,67.93,84.4
"CID35",2022-03-01,175.7,107.8,"Porto Alto","Polo_5",44.45,43.45,39,3.194,67.93,84.4
"CID35",2022-04-01,178.9,107.3,"Porto Alto","Polo_5",44.45,43.45,39,3.194,67.93,84.4
"CID35",2022-05-01,213.7,101.5,"Porto Alto","Polo_5",44.45,43.45,39,3.194,67.93,84.4
"CID35",2022-06-01,199.8,98.9,"Porto Alto","Polo_5",44.45,43.45,39,3.194,67.93,84.4
"CID35",2022-07-01,206.3,97,"Porto Alto","Polo_5",44.45,43.45,39,3.194,67.93,84.4
"CID35",2022-08-01,185.9,95.7,"Porto Alto","Polo_5",44.45,43.45,39,3.194,67.93,84.4
"CID35",2022-09-01,167.9,98.9,"Porto Alto","Polo_5",44.45,43.45,39,3.194,67.93,84.4
"CID35",2022-10-01,164.2,100,"Porto Alto","Polo_5",44.45,43.45,39,3.194,67.93,84.4
"CID35",2022-11-01,138.4,102.8,"Porto Alto","Polo_5",44.45,43.45,39,3.194,67.93,84.4
"CID35",2022-12-01,142.4,100.8,"Porto Alto","Polo_5",44.45,43.45,39,3.194,67.93,84.4
"CID35",2023-01-01,150.9,106.6,"Porto Alto","Polo_5",44.45,43.45,39,3.194,67.93,84.4
"CID35",2023-02-01,166.3,112.7,"Porto Alto","Polo_5",44.45,43.45,39,3.194,67.93,84.4
"CID35",2023-03-01,171.4,111.7,"Porto Alto","Polo_5",44.45,43.45,39,3.194,67.93,84.4
"CID35",2023-04-01,197,110.6,"Porto Alto","Polo_5",44.45,43.45,39,3.194,67.93,84.4
"CID35",2023-05-01,205,107.9,"Porto Alto","Polo_5",44.45,43.45,39,3.194,67.93,84.4
"CID35",2023-06-01,208.9,99.9,"Porto Alto","Polo_5",44.45,43.45,39,3.194,67.93,84.4
"CID35",2023-07-01,211.4,101,"Porto Alto","Polo_5",44.45,43.45,39,3.194,67.93,84.4
"CID35",2023-08-01,197.4,104.4,"Porto Alto","Polo_5",44.45,43.45,39,3.194,67.93,84.4
"CID35",2023-09-01,174.2,102.9,"Porto Alto","Polo_5",44.45,43.45,39,3.194,67.93,84.4
"CID35",2023-10-01,163.5,106.9,"Porto Alto","Polo_5",44.45,43.45,39,3.194,67.93,84.4
"CID35",2023-11-01,146.2,103.1,"Porto Alto","Polo_5",44.45,43.45,39,3.194,67.93,84.4
"CID35",2023-12-01,139.9,110.2,"Porto Alto","Polo_5",44.45,43.45,39,3.194,67.93,84.4
"CID35",2024-01-01,146.5,113.5,"Porto Alto","Polo_5",44.45,43.45,39,3.194,67.93,84.4
"CID35",2024-02-01,164.2,113.3,"Porto Alto","Polo_5",44.45,43.45,39,3.194,67.93,84.4
"CID35",2024-03-01,196.7,108.2,"Porto Alto","Polo_5",44.45,43.45,39,3.194,67.93,84.4
"CID35",2024-04-01,200.6,105.9,"Porto Alto","Polo_5",44.45,43.45,39,3.194,67.93,84.4
"CID35",2024-05-01,213.7,105.5,"Porto Alto","Polo_5",44.45,43.45,39,3.194,67.93,84.4
"CID35",2024-06-01,198.4,102,"Porto Alto","Polo_5",44.45,43.45,39,3.194,67.93,84.4
"CID35",2024-07-01,207.3,101.3,"Porto Alto","Polo_5",44.45,43.45,39,3.194,67.93,84.4
"CID35",2024-08-01,200.3,101.5,"Porto Alto","Polo_5",44.45,43.45,39,3.194,67.93,84.4
"CID35",2024-09-01,173.5,100.2,"Porto Alto","Polo_5",44.45,43.45,39,3.194,67.93,84.4
"CID35",2024-10-01,162.1,101,"Porto Alto","Polo_5",44.45,43.45,39,3.194,67.93,84.4
"CID35",2024-11-01,147.5,104.1,"Porto Alto","Polo_5",44.45,43.45,39,3.194,67.93,84.4
"CID35",2024-12-01,145.6,103.7,"Porto Alto","Polo_5",44.45,43.45,39,3.194,67.93,84.4
"CID35",2025-01-01,162.6,111,"Porto Alto","Polo_5",44.45,43.45,39,3.194,67.93,84.4
"CID35",2025-02-01,164.7,110,"Porto Alto","Polo_5",44.45,43.45,39,3.194,67.93,84.4
"CID35",2025-03-01,183.5,109,"Porto Alto","Polo_5",44.45,43.45,39,3.194,67.93,84.4
"CID35",2025-04-01,204.2,112.4,"Porto Alto","Polo_5",44.45,43.45,39,3.194,67.93,84.4
"CID35",2025-05-01,213.9,104.9,"Porto Alto","Polo_5",44.45,43.45,39,3.194,67.93,84.4
"CID35",2025-06-01,213.8,104.6,"Porto Alto","Polo_5",44.45,43.45,39,3.194,67.93,84.4
"CID35",2025-07-01,213.3,104.5,"Porto Alto","Polo_5",44.45,43.45,39,3.194,67.93,84.4
"CID35",2025-08-01,194.8,98,"Porto Alto","Polo_5",44.45,43.45,39,3.194,67.93,84.4
"CID35",2025-09-01,185.9,102.6,"Porto Alto","Polo_5",44.45,43.45,39,3.194,67.93,84.4
"CID35",2025-10-01,166.1,103.7,"Porto Alto","Polo_5",44.45,43.45,39,3.194,67.93,84.4
"CID35",2025-11-01,159.7,104.8,"Porto Alto","Polo_5",44.45,43.45,39,3.194,67.93,84.4
"CID35",2025-12-01,153.4,110.1,"Porto Alto","Polo_5",44.45,43.45,39,3.194,67.93,84.4
"CID36",2019-01-01,208.7,102.6,"Monte Claro","Polo_2",35.54,66.98,56,3.075,49.74,107.95
"CID36",2019-02-01,197.2,109.3,"Monte Claro","Polo_2",35.54,66.98,56,3.075,49.74,107.95
"CID36",2019-03-01,242,103.9,"Monte Claro","Polo_2",35.54,66.98,56,3.075,49.74,107.95
"CID36",2019-04-01,270.8,100.2,"Monte Claro","Polo_2",35.54,66.98,56,3.075,49.74,107.95
"CID36",2019-05-01,261.9,97.4,"Monte Claro","Polo_2",35.54,66.98,56,3.075,49.74,107.95
"CID36",2019-06-01,281.6,96.2,"Monte Claro","Polo_2",35.54,66.98,56,3.075,49.74,107.95
"CID36",2019-07-01,289.4,92,"Monte Claro","Polo_2",35.54,66.98,56,3.075,49.74,107.95
"CID36",2019-08-01,265.9,94.6,"Monte Claro","Polo_2",35.54,66.98,56,3.075,49.74,107.95
"CID36",2019-09-01,252.4,96.3,"Monte Claro","Polo_2",35.54,66.98,56,3.075,49.74,107.95
"CID36",2019-10-01,226.3,96.4,"Monte Claro","Polo_2",35.54,66.98,56,3.075,49.74,107.95
"CID36",2019-11-01,199.3,96.4,"Monte Claro","Polo_2",35.54,66.98,56,3.075,49.74,107.95
"CID36",2019-12-01,206.2,105.6,"Monte Claro","Polo_2",35.54,66.98,56,3.075,49.74,107.95
"CID36",2020-01-01,206.1,103.4,"Monte Claro","Polo_2",35.54,66.98,56,3.075,49.74,107.95
"CID36",2020-02-01,239.1,110.7,"Monte Claro","Polo_2",35.54,66.98,56,3.075,49.74,107.95
"CID36",2020-03-01,248.4,104.2,"Monte Claro","Polo_2",35.54,66.98,56,3.075,49.74,107.95
"CID36",2020-04-01,265.6,106.9,"Monte Claro","Polo_2",35.54,66.98,56,3.075,49.74,107.95
"CID36",2020-05-01,281.3,106.4,"Monte Claro","Polo_2",35.54,66.98,56,3.075,49.74,107.95
"CID36",2020-06-01,302.5,98.1,"Monte Claro","Polo_2",35.54,66.98,56,3.075,49.74,107.95
"CID36",2020-07-01,298.2,99.3,"Monte Claro","Polo_2",35.54,66.98,56,3.075,49.74,107.95
"CID36",2020-08-01,266.1,100,"Monte Claro","Polo_2",35.54,66.98,56,3.075,49.74,107.95
"CID36",2020-09-01,258.9,99.2,"Monte Claro","Polo_2",35.54,66.98,56,3.075,49.74,107.95
"CID36",2020-10-01,235.9,100.5,"Monte Claro","Polo_2",35.54,66.98,56,3.075,49.74,107.95
"CID36",2020-11-01,228.3,102.3,"Monte Claro","Polo_2",35.54,66.98,56,3.075,49.74,107.95
"CID36",2020-12-01,210.1,109.9,"Monte Claro","Polo_2",35.54,66.98,56,3.075,49.74,107.95
"CID36",2021-01-01,216.3,107.3,"Monte Claro","Polo_2",35.54,66.98,56,3.075,49.74,107.95
"CID36",2021-02-01,211.5,105.5,"Monte Claro","Polo_2",35.54,66.98,56,3.075,49.74,107.95
"CID36",2021-03-01,254.6,107.8,"Monte Claro","Polo_2",35.54,66.98,56,3.075,49.74,107.95
"CID36",2021-04-01,286.9,110.2,"Monte Claro","Polo_2",35.54,66.98,56,3.075,49.74,107.95
"CID36",2021-05-01,291.5,104.2,"Monte Claro","Polo_2",35.54,66.98,56,3.075,49.74,107.95
"CID36",2021-06-01,291.8,106.6,"Monte Claro","Polo_2",35.54,66.98,56,3.075,49.74,107.95
"CID36",2021-07-01,306.3,96.7,"Monte Claro","Polo_2",35.54,66.98,56,3.075,49.74,107.95
"CID36",2021-08-01,302,96.6,"Monte Claro","Polo_2",35.54,66.98,56,3.075,49.74,107.95
"CID36",2021-09-01,252.8,96.1,"Monte Claro","Polo_2",35.54,66.98,56,3.075,49.74,107.95
"CID36",2021-10-01,235.6,98.6,"Monte Claro","Polo_2",35.54,66.98,56,3.075,49.74,107.95
"CID36",2021-11-01,219.9,93.2,"Monte Claro","Polo_2",35.54,66.98,56,3.075,49.74,107.95
"CID36",2021-12-01,225.2,103.5,"Monte Claro","Polo_2",35.54,66.98,56,3.075,49.74,107.95
"CID36",2022-01-01,211.5,107.2,"Monte Claro","Polo_2",35.54,66.98,56,3.075,49.74,107.95
"CID36",2022-02-01,242.4,111.8,"Monte Claro","Polo_2",35.54,66.98,56,3.075,49.74,107.95
"CID36",2022-03-01,269.6,105.2,"Monte Claro","Polo_2",35.54,66.98,56,3.075,49.74,107.95
"CID36",2022-04-01,284.1,105.6,"Monte Claro","Polo_2",35.54,66.98,56,3.075,49.74,107.95
"CID36",2022-05-01,309.6,101.7,"Monte Claro","Polo_2",35.54,66.98,56,3.075,49.74,107.95
"CID36",2022-06-01,321.4,100.5,"Monte Claro","Polo_2",35.54,66.98,56,3.075,49.74,107.95
"CID36",2022-07-01,307.1,94.9,"Monte Claro","Polo_2",35.54,66.98,56,3.075,49.74,107.95
"CID36",2022-08-01,290.2,96.8,"Monte Claro","Polo_2",35.54,66.98,56,3.075,49.74,107.95
"CID36",2022-09-01,296.5,96.3,"Monte Claro","Polo_2",35.54,66.98,56,3.075,49.74,107.95
"CID36",2022-10-01,254.8,96.2,"Monte Claro","Polo_2",35.54,66.98,56,3.075,49.74,107.95
"CID36",2022-11-01,224.8,106.6,"Monte Claro","Polo_2",35.54,66.98,56,3.075,49.74,107.95
"CID36",2022-12-01,216,100.4,"Monte Claro","Polo_2",35.54,66.98,56,3.075,49.74,107.95
"CID36",2023-01-01,227.9,106.1,"Monte Claro","Polo_2",35.54,66.98,56,3.075,49.74,107.95
"CID36",2023-02-01,240,112.2,"Monte Claro","Polo_2",35.54,66.98,56,3.075,49.74,107.95
"CID36",2023-03-01,262.7,112.1,"Monte Claro","Polo_2",35.54,66.98,56,3.075,49.74,107.95
"CID36",2023-04-01,289.8,110.3,"Monte Claro","Polo_2",35.54,66.98,56,3.075,49.74,107.95
"CID36",2023-05-01,313.3,105.8,"Monte Claro","Polo_2",35.54,66.98,56,3.075,49.74,107.95
"CID36",2023-06-01,322.7,103.7,"Monte Claro","Polo_2",35.54,66.98,56,3.075,49.74,107.95
"CID36",2023-07-01,311.8,100.6,"Monte Claro","Polo_2",35.54,66.98,56,3.075,49.74,107.95
"CID36",2023-08-01,303.2,102.1,"Monte Claro","Polo_2",35.54,66.98,56,3.075,49.74,107.95
"CID36",2023-09-01,275.9,100.3,"Monte Claro","Polo_2",35.54,66.98,56,3.075,49.74,107.95
"CID36",2023-10-01,241.5,108.6,"Monte Claro","Polo_2",35.54,66.98,56,3.075,49.74,107.95
"CID36",2023-11-01,241.4,101.5,"Monte Claro","Polo_2",35.54,66.98,56,3.075,49.74,107.95
"CID36",2023-12-01,240.4,112.5,"Monte Claro","Polo_2",35.54,66.98,56,3.075,49.74,107.95
"CID36",2024-01-01,228.9,112.1,"Monte Claro","Polo_2",35.54,66.98,56,3.075,49.74,107.95
"CID36",2024-02-01,246.8,111.6,"Monte Claro","Polo_2",35.54,66.98,56,3.075,49.74,107.95
"CID36",2024-03-01,288,109.3,"Monte Claro","Polo_2",35.54,66.98,56,3.075,49.74,107.95
"CID36",2024-04-01,287.7,103.5,"Monte Claro","Polo_2",35.54,66.98,56,3.075,49.74,107.95
"CID36",2024-05-01,328.6,106.6,"Monte Claro","Polo_2",35.54,66.98,56,3.075,49.74,107.95
"CID36",2024-06-01,333.8,101.9,"Monte Claro","Polo_2",35.54,66.98,56,3.075,49.74,107.95
"CID36",2024-07-01,332.3,99.4,"Monte Claro","Polo_2",35.54,66.98,56,3.075,49.74,107.95
"CID36",2024-08-01,312.3,100.2,"Monte Claro","Polo_2",35.54,66.98,56,3.075,49.74,107.95
"CID36",2024-09-01,285.9,103.8,"Monte Claro","Polo_2",35.54,66.98,56,3.075,49.74,107.95
"CID36",2024-10-01,262.9,102.7,"Monte Claro","Polo_2",35.54,66.98,56,3.075,49.74,107.95
"CID36",2024-11-01,244.1,103.8,"Monte Claro","Polo_2",35.54,66.98,56,3.075,49.74,107.95
"CID36",2024-12-01,237.9,106.6,"Monte Claro","Polo_2",35.54,66.98,56,3.075,49.74,107.95
"CID36",2025-01-01,241.4,107.5,"Monte Claro","Polo_2",35.54,66.98,56,3.075,49.74,107.95
"CID36",2025-02-01,248.4,111.7,"Monte Claro","Polo_2",35.54,66.98,56,3.075,49.74,107.95
"CID36",2025-03-01,307.4,109.3,"Monte Claro","Polo_2",35.54,66.98,56,3.075,49.74,107.95
"CID36",2025-04-01,320.5,110.5,"Monte Claro","Polo_2",35.54,66.98,56,3.075,49.74,107.95
"CID36",2025-05-01,337.5,104.1,"Monte Claro","Polo_2",35.54,66.98,56,3.075,49.74,107.95
"CID36",2025-06-01,340.5,104.4,"Monte Claro","Polo_2",35.54,66.98,56,3.075,49.74,107.95
"CID36",2025-07-01,342.6,104.7,"Monte Claro","Polo_2",35.54,66.98,56,3.075,49.74,107.95
"CID36",2025-08-01,327.2,100,"Monte Claro","Polo_2",35.54,66.98,56,3.075,49.74,107.95
"CID36",2025-09-01,298.2,106.5,"Monte Claro","Polo_2",35.54,66.98,56,3.075,49.74,107.95
"CID36",2025-10-01,279.9,104.6,"Monte Claro","Polo_2",35.54,66.98,56,3.075,49.74,107.95
"CID36",2025-11-01,245.4,108.1,"Monte Claro","Polo_2",35.54,66.98,56,3.075,49.74,107.95
"CID36",2025-12-01,243.6,108.6,"Monte Claro","Polo_2",35.54,66.98,56,3.075,49.74,107.95
"CID37",2019-01-01,115.8,105.1,"Praia Verde","Polo_1",12.64,12.05,41,4.102,57.49,95
"CID37",2019-02-01,115.5,105.9,"Praia Verde","Polo_1",12.64,12.05,41,4.102,57.49,95
"CID37",2019-03-01,132.1,104.1,"Praia Verde","Polo_1",12.64,12.05,41,4.102,57.49,95
"CID37",2019-04-01,149.4,102.1,"Praia Verde","Polo_1",12.64,12.05,41,4.102,57.49,95
"CID37",2019-05-01,142.6,99.4,"Praia Verde","Polo_1",12.64,12.05,41,4.102,57.49,95
"CID37",2019-06-01,135.9,96,"Praia Verde","Polo_1",12.64,12.05,41,4.102,57.49,95
"CID37",2019-07-01,139.7,97.2,"Praia Verde","Polo_1",12.64,12.05,41,4.102,57.49,95
"CID37",2019-08-01,116.8,91.1,"Praia Verde","Polo_1",12.64,12.05,41,4.102,57.49,95
"CID37",2019-09-01,118.6,97.2,"Praia Verde","Polo_1",12.64,12.05,41,4.102,57.49,95
"CID37",2019-10-01,109.5,96.5,"Praia Verde","Polo_1",12.64,12.05,41,4.102,57.49,95
"CID37",2019-11-01,103.5,99.3,"Praia Verde","Polo_1",12.64,12.05,41,4.102,57.49,95
"CID37",2019-12-01,108.4,99.5,"Praia Verde","Polo_1",12.64,12.05,41,4.102,57.49,95
"CID37",2020-01-01,109.8,102.4,"Praia Verde","Polo_1",12.64,12.05,41,4.102,57.49,95
"CID37",2020-02-01,127.3,112,"Praia Verde","Polo_1",12.64,12.05,41,4.102,57.49,95
"CID37",2020-03-01,145.4,102.5,"Praia Verde","Polo_1",12.64,12.05,41,4.102,57.49,95
"CID37",2020-04-01,150.7,107,"Praia Verde","Polo_1",12.64,12.05,41,4.102,57.49,95
"CID37",2020-05-01,145.4,106.3,"Praia Verde","Polo_1",12.64,12.05,41,4.102,57.49,95
"CID37",2020-06-01,150.4,99,"Praia Verde","Polo_1",12.64,12.05,41,4.102,57.49,95
"CID37",2020-07-01,130.7,101.9,"Praia Verde","Polo_1",12.64,12.05,41,4.102,57.49,95
"CID37",2020-08-01,120.2,96.2,"Praia Verde","Polo_1",12.64,12.05,41,4.102,57.49,95
"CID37",2020-09-01,104.2,96.8,"Praia Verde","Polo_1",12.64,12.05,41,4.102,57.49,95
"CID37",2020-10-01,105.2,100.3,"Praia Verde","Polo_1",12.64,12.05,41,4.102,57.49,95
"CID37",2020-11-01,105,100.7,"Praia Verde","Polo_1",12.64,12.05,41,4.102,57.49,95
"CID37",2020-12-01,113.8,107.2,"Praia Verde","Polo_1",12.64,12.05,41,4.102,57.49,95
"CID37",2021-01-01,113.7,107.3,"Praia Verde","Polo_1",12.64,12.05,41,4.102,57.49,95
"CID37",2021-02-01,128.4,103.8,"Praia Verde","Polo_1",12.64,12.05,41,4.102,57.49,95
"CID37",2021-03-01,140.9,106.6,"Praia Verde","Polo_1",12.64,12.05,41,4.102,57.49,95
"CID37",2021-04-01,145,109.9,"Praia Verde","Polo_1",12.64,12.05,41,4.102,57.49,95
"CID37",2021-05-01,142.5,102.5,"Praia Verde","Polo_1",12.64,12.05,41,4.102,57.49,95
"CID37",2021-06-01,137.4,103.4,"Praia Verde","Polo_1",12.64,12.05,41,4.102,57.49,95
"CID37",2021-07-01,130.6,92.3,"Praia Verde","Polo_1",12.64,12.05,41,4.102,57.49,95
"CID37",2021-08-01,126.1,101.2,"Praia Verde","Polo_1",12.64,12.05,41,4.102,57.49,95
"CID37",2021-09-01,104.6,99.9,"Praia Verde","Polo_1",12.64,12.05,41,4.102,57.49,95
"CID37",2021-10-01,104.9,100.8,"Praia Verde","Polo_1",12.64,12.05,41,4.102,57.49,95
"CID37",2021-11-01,99.4,96.6,"Praia Verde","Polo_1",12.64,12.05,41,4.102,57.49,95
"CID37",2021-12-01,101.7,100.8,"Praia Verde","Polo_1",12.64,12.05,41,4.102,57.49,95
"CID37",2022-01-01,112.4,103.2,"Praia Verde","Polo_1",12.64,12.05,41,4.102,57.49,95
"CID37",2022-02-01,122.7,109.7,"Praia Verde","Polo_1",12.64,12.05,41,4.102,57.49,95
"CID37",2022-03-01,142.9,109.1,"Praia Verde","Polo_1",12.64,12.05,41,4.102,57.49,95
"CID37",2022-04-01,149.8,104.6,"Praia Verde","Polo_1",12.64,12.05,41,4.102,57.49,95
"CID37",2022-05-01,148.6,100.1,"Praia Verde","Polo_1",12.64,12.05,41,4.102,57.49,95
"CID37",2022-06-01,156.2,99.3,"Praia Verde","Polo_1",12.64,12.05,41,4.102,57.49,95
"CID37",2022-07-01,133.7,96.1,"Praia Verde","Polo_1",12.64,12.05,41,4.102,57.49,95
"CID37",2022-08-01,126.5,96.8,"Praia Verde","Polo_1",12.64,12.05,41,4.102,57.49,95
"CID37",2022-09-01,118.8,97.1,"Praia Verde","Polo_1",12.64,12.05,41,4.102,57.49,95
"CID37",2022-10-01,103.4,97.3,"Praia Verde","Polo_1",12.64,12.05,41,4.102,57.49,95
"CID37",2022-11-01,109.5,104.6,"Praia Verde","Polo_1",12.64,12.05,41,4.102,57.49,95
"CID37",2022-12-01,115.5,102.6,"Praia Verde","Polo_1",12.64,12.05,41,4.102,57.49,95
"CID37",2023-01-01,121.4,103.9,"Praia Verde","Polo_1",12.64,12.05,41,4.102,57.49,95
"CID37",2023-02-01,138.8,108.4,"Praia Verde","Polo_1",12.64,12.05,41,4.102,57.49,95
"CID37",2023-03-01,149.1,111.4,"Praia Verde","Polo_1",12.64,12.05,41,4.102,57.49,95
"CID37",2023-04-01,158.9,107.7,"Praia Verde","Polo_1",12.64,12.05,41,4.102,57.49,95
"CID37",2023-05-01,156.6,105.1,"Praia Verde","Polo_1",12.64,12.05,41,4.102,57.49,95
"CID37",2023-06-01,145.5,104.8,"Praia Verde","Polo_1",12.64,12.05,41,4.102,57.49,95
"CID37",2023-07-01,143.9,100,"Praia Verde","Polo_1",12.64,12.05,41,4.102,57.49,95
"CID37",2023-08-01,121.3,103,"Praia Verde","Polo_1",12.64,12.05,41,4.102,57.49,95
"CID37",2023-09-01,117.8,101.4,"Praia Verde","Polo_1",12.64,12.05,41,4.102,57.49,95
"CID37",2023-10-01,113.3,108.3,"Praia Verde","Polo_1",12.64,12.05,41,4.102,57.49,95
"CID37",2023-11-01,108.9,97.9,"Praia Verde","Polo_1",12.64,12.05,41,4.102,57.49,95
"CID37",2023-12-01,112.3,110.5,"Praia Verde","Polo_1",12.64,12.05,41,4.102,57.49,95
"CID37",2024-01-01,131.5,113.1,"Praia Verde","Polo_1",12.64,12.05,41,4.102,57.49,95
"CID37",2024-02-01,137.7,111,"Praia Verde","Polo_1",12.64,12.05,41,4.102,57.49,95
"CID37",2024-03-01,151.5,111.1,"Praia Verde","Polo_1",12.64,12.05,41,4.102,57.49,95
"CID37",2024-04-01,157.9,103.6,"Praia Verde","Polo_1",12.64,12.05,41,4.102,57.49,95
"CID37",2024-05-01,157.1,103.5,"Praia Verde","Polo_1",12.64,12.05,41,4.102,57.49,95
"CID37",2024-06-01,157.3,103.8,"Praia Verde","Polo_1",12.64,12.05,41,4.102,57.49,95
"CID37",2024-07-01,145.7,100.8,"Praia Verde","Polo_1",12.64,12.05,41,4.102,57.49,95
"CID37",2024-08-01,136.8,101.7,"Praia Verde","Polo_1",12.64,12.05,41,4.102,57.49,95
"CID37",2024-09-01,122.1,103.6,"Praia Verde","Polo_1",12.64,12.05,41,4.102,57.49,95
"CID37",2024-10-01,111.9,102.2,"Praia Verde","Polo_1",12.64,12.05,41,4.102,57.49,95
"CID37",2024-11-01,101.1,104,"Praia Verde","Polo_1",12.64,12.05,41,4.102,57.49,95
"CID37",2024-12-01,118.2,103.1,"Praia Verde","Polo_1",12.64,12.05,41,4.102,57.49,95
"CID37",2025-01-01,129.7,110.1,"Praia Verde","Polo_1",12.64,12.05,41,4.102,57.49,95
"CID37",2025-02-01,132.4,112.4,"Praia Verde","Polo_1",12.64,12.05,41,4.102,57.49,95
"CID37",2025-03-01,152.3,109.4,"Praia Verde","Polo_1",12.64,12.05,41,4.102,57.49,95
"CID37",2025-04-01,151.9,112.1,"Praia Verde","Polo_1",12.64,12.05,41,4.102,57.49,95
"CID37",2025-05-01,161.3,101.6,"Praia Verde","Polo_1",12.64,12.05,41,4.102,57.49,95
"CID37",2025-06-01,146.9,106.1,"Praia Verde","Polo_1",12.64,12.05,41,4.102,57.49,95
"CID37",2025-07-01,148.9,105,"Praia Verde","Polo_1",12.64,12.05,41,4.102,57.49,95
"CID37",2025-08-01,133,95.5,"Praia Verde","Polo_1",12.64,12.05,41,4.102,57.49,95
"CID37",2025-09-01,118.9,101.6,"Praia Verde","Polo_1",12.64,12.05,41,4.102,57.49,95
"CID37",2025-10-01,110.3,104,"Praia Verde","Polo_1",12.64,12.05,41,4.102,57.49,95
"CID37",2025-11-01,108.2,106.9,"Praia Verde","Polo_1",12.64,12.05,41,4.102,57.49,95
"CID37",2025-12-01,123.5,110.1,"Praia Verde","Polo_1",12.64,12.05,41,4.102,57.49,95
"CID38",2019-01-01,106.1,104.8,"Campo Dourado","Polo_3",72.76,43.38,35,1.781,45.14,88.82
"CID38",2019-02-01,116.4,110.1,"Campo Dourado","Polo_3",72.76,43.38,35,1.781,45.14,88.82
"CID38",2019-03-01,126.6,102.5,"Campo Dourado","Polo_3",72.76,43.38,35,1.781,45.14,88.82
"CID38",2019-04-01,140,101.7,"Campo Dourado","Polo_3",72.76,43.38,35,1.781,45.14,88.82
"CID38",2019-05-01,138.6,99.8,"Campo Dourado","Polo_3",72.76,43.38,35,1.781,45.14,88.82
"CID38",2019-06-01,143.1,93.2,"Campo Dourado","Polo_3",72.76,43.38,35,1.781,45.14,88.82
"CID38",2019-07-01,146.8,94,"Campo Dourado","Polo_3",72.76,43.38,35,1.781,45.14,88.82
"CID38",2019-08-01,130.7,96,"Campo Dourado","Polo_3",72.76,43.38,35,1.781,45.14,88.82
"CID38",2019-09-01,114.6,91.9,"Campo Dourado","Polo_3",72.76,43.38,35,1.781,45.14,88.82
"CID38",2019-10-01,106.2,96.4,"Campo Dourado","Polo_3",72.76,43.38,35,1.781,45.14,88.82
"CID38",2019-11-01,99.5,98.4,"Campo Dourado","Polo_3",72.76,43.38,35,1.781,45.14,88.82
"CID38",2019-12-01,103.6,102.7,"Campo Dourado","Polo_3",72.76,43.38,35,1.781,45.14,88.82
"CID38",2020-01-01,100.4,104.1,"Campo Dourado","Polo_3",72.76,43.38,35,1.781,45.14,88.82
"CID38",2020-02-01,108.5,111.7,"Campo Dourado","Polo_3",72.76,43.38,35,1.781,45.14,88.82
"CID38",2020-03-01,134.5,104.6,"Campo Dourado","Polo_3",72.76,43.38,35,1.781,45.14,88.82
"CID38",2020-04-01,136.8,106,"Campo Dourado","Polo_3",72.76,43.38,35,1.781,45.14,88.82
"CID38",2020-05-01,141.1,104.4,"Campo Dourado","Polo_3",72.76,43.38,35,1.781,45.14,88.82
"CID38",2020-06-01,146.7,97.7,"Campo Dourado","Polo_3",72.76,43.38,35,1.781,45.14,88.82
"CID38",2020-07-01,133.2,99.4,"Campo Dourado","Polo_3",72.76,43.38,35,1.781,45.14,88.82
"CID38",2020-08-01,126.3,96,"Campo Dourado","Polo_3",72.76,43.38,35,1.781,45.14,88.82
"CID38",2020-09-01,116.1,101,"Campo Dourado","Polo_3",72.76,43.38,35,1.781,45.14,88.82
"CID38",2020-10-01,98.5,98.4,"Campo Dourado","Polo_3",72.76,43.38,35,1.781,45.14,88.82
"CID38",2020-11-01,108.7,101.2,"Campo Dourado","Polo_3",72.76,43.38,35,1.781,45.14,88.82
"CID38",2020-12-01,102.2,108.6,"Campo Dourado","Polo_3",72.76,43.38,35,1.781,45.14,88.82
"CID38",2021-01-01,109.1,105,"Campo Dourado","Polo_3",72.76,43.38,35,1.781,45.14,88.82
"CID38",2021-02-01,110.7,105.6,"Campo Dourado","Polo_3",72.76,43.38,35,1.781,45.14,88.82
"CID38",2021-03-01,131.3,109.4,"Campo Dourado","Polo_3",72.76,43.38,35,1.781,45.14,88.82
"CID38",2021-04-01,149.7,112.5,"Campo Dourado","Polo_3",72.76,43.38,35,1.781,45.14,88.82
"CID38",2021-05-01,145.6,102,"Campo Dourado","Polo_3",72.76,43.38,35,1.781,45.14,88.82
"CID38",2021-06-01,142.1,106.6,"Campo Dourado","Polo_3",72.76,43.38,35,1.781,45.14,88.82
"CID38",2021-07-01,137.6,94.4,"Campo Dourado","Polo_3",72.76,43.38,35,1.781,45.14,88.82
"CID38",2021-08-01,139.7,95.4,"Campo Dourado","Polo_3",72.76,43.38,35,1.781,45.14,88.82
"CID38",2021-09-01,121.1,97.9,"Campo Dourado","Polo_3",72.76,43.38,35,1.781,45.14,88.82
"CID38",2021-10-01,112.7,100.6,"Campo Dourado","Polo_3",72.76,43.38,35,1.781,45.14,88.82
"CID38",2021-11-01,92.7,94.9,"Campo Dourado","Polo_3",72.76,43.38,35,1.781,45.14,88.82
"CID38",2021-12-01,99.6,101.2,"Campo Dourado","Polo_3",72.76,43.38,35,1.781,45.14,88.82
"CID38",2022-01-01,109.9,108,"Campo Dourado","Polo_3",72.76,43.38,35,1.781,45.14,88.82
"CID38",2022-02-01,123.5,108.9,"Campo Dourado","Polo_3",72.76,43.38,35,1.781,45.14,88.82
"CID38",2022-03-01,130.2,105,"Campo Dourado","Polo_3",72.76,43.38,35,1.781,45.14,88.82
"CID38",2022-04-01,135.5,107.3,"Campo Dourado","Polo_3",72.76,43.38,35,1.781,45.14,88.82
"CID38",2022-05-01,148.4,104.1,"Campo Dourado","Polo_3",72.76,43.38,35,1.781,45.14,88.82
"CID38",2022-06-01,137.3,99.3,"Campo Dourado","Polo_3",72.76,43.38,35,1.781,45.14,88.82
"CID38",2022-07-01,140.7,95.5,"Campo Dourado","Polo_3",72.76,43.38,35,1.781,45.14,88.82
"CID38",2022-08-01,135.3,100.5,"Campo Dourado","Polo_3",72.76,43.38,35,1.781,45.14,88.82
"CID38",2022-09-01,109.4,100.6,"Campo Dourado","Polo_3",72.76,43.38,35,1.781,45.14,88.82
"CID38",2022-10-01,108.7,98.7,"Campo Dourado","Polo_3",72.76,43.38,35,1.781,45.14,88.82
"CID38",2022-11-01,116.5,105.5,"Campo Dourado","Polo_3",72.76,43.38,35,1.781,45.14,88.82
"CID38",2022-12-01,99.1,101.9,"Campo Dourado","Polo_3",72.76,43.38,35,1.781,45.14,88.82
"CID38",2023-01-01,107,107.9,"Campo Dourado","Polo_3",72.76,43.38,35,1.781,45.14,88.82
"CID38",2023-02-01,121.3,110.4,"Campo Dourado","Polo_3",72.76,43.38,35,1.781,45.14,88.82
"CID38",2023-03-01,132.4,112.3,"Campo Dourado","Polo_3",72.76,43.38,35,1.781,45.14,88.82
"CID38",2023-04-01,141.2,108.8,"Campo Dourado","Polo_3",72.76,43.38,35,1.781,45.14,88.82
"CID38",2023-05-01,153.7,105.6,"Campo Dourado","Polo_3",72.76,43.38,35,1.781,45.14,88.82
"CID38",2023-06-01,144,103.3,"Campo Dourado","Polo_3",72.76,43.38,35,1.781,45.14,88.82
"CID38",2023-07-01,138.6,98.7,"Campo Dourado","Polo_3",72.76,43.38,35,1.781,45.14,88.82
"CID38",2023-08-01,132.5,99.5,"Campo Dourado","Polo_3",72.76,43.38,35,1.781,45.14,88.82
"CID38",2023-09-01,120.9,101.4,"Campo Dourado","Polo_3",72.76,43.38,35,1.781,45.14,88.82
"CID38",2023-10-01,111.5,106,"Campo Dourado","Polo_3",72.76,43.38,35,1.781,45.14,88.82
"CID38",2023-11-01,105.8,100.4,"Campo Dourado","Polo_3",72.76,43.38,35,1.781,45.14,88.82
"CID38",2023-12-01,111.1,111.1,"Campo Dourado","Polo_3",72.76,43.38,35,1.781,45.14,88.82
"CID38",2024-01-01,105.7,112.6,"Campo Dourado","Polo_3",72.76,43.38,35,1.781,45.14,88.82
"CID38",2024-02-01,119.8,112.8,"Campo Dourado","Polo_3",72.76,43.38,35,1.781,45.14,88.82
"CID38",2024-03-01,129.7,110.7,"Campo Dourado","Polo_3",72.76,43.38,35,1.781,45.14,88.82
"CID38",2024-04-01,134.7,107.3,"Campo Dourado","Polo_3",72.76,43.38,35,1.781,45.14,88.82
"CID38",2024-05-01,144.6,104.8,"Campo Dourado","Polo_3",72.76,43.38,35,1.781,45.14,88.82
"CID38",2024-06-01,148.3,104.7,"Campo Dourado","Polo_3",72.76,43.38,35,1.781,45.14,88.82
"CID38",2024-07-01,141.6,99.1,"Campo Dourado","Polo_3",72.76,43.38,35,1.781,45.14,88.82
"CID38",2024-08-01,142,102.5,"Campo Dourado","Polo_3",72.76,43.38,35,1.781,45.14,88.82
"CID38",2024-09-01,118.8,100.9,"Campo Dourado","Polo_3",72.76,43.38,35,1.781,45.14,88.82
"CID38",2024-10-01,97.1,101.1,"Campo Dourado","Polo_3",72.76,43.38,35,1.781,45.14,88.82
"CID38",2024-11-01,103.8,104.3,"Campo Dourado","Polo_3",72.76,43.38,35,1.781,45.14,88.82
"CID38",2024-12-01,97.4,101.6,"Campo Dourado","Polo_3",72.76,43.38,35,1.781,45.14,88.82
"CID38",2025-01-01,111.3,111.4,"Campo Dourado","Polo_3",72.76,43.38,35,1.781,45.14,88.82
"CID38",2025-02-01,117.2,114,"Campo Dourado","Polo_3",72.76,43.38,35,1.781,45.14,88.82
"CID38",2025-03-01,122.5,109.2,"Campo Dourado","Polo_3",72.76,43.38,35,1.781,45.14,88.82
"CID38",2025-04-01,152,110.6,"Campo Dourado","Polo_3",72.76,43.38,35,1.781,45.14,88.82
"CID38",2025-05-01,158.1,103.1,"Campo Dourado","Polo_3",72.76,43.38,35,1.781,45.14,88.82
"CID38",2025-06-01,152.2,104,"Campo Dourado","Polo_3",72.76,43.38,35,1.781,45.14,88.82
"CID38",2025-07-01,145.8,105.4,"Campo Dourado","Polo_3",72.76,43.38,35,1.781,45.14,88.82
"CID38",2025-08-01,125.9,96.4,"Campo Dourado","Polo_3",72.76,43.38,35,1.781,45.14,88.82
"CID38",2025-09-01,120.5,103.4,"Campo Dourado","Polo_3",72.76,43.38,35,1.781,45.14,88.82
"CID38",2025-10-01,116.8,104.2,"Campo Dourado","Polo_3",72.76,43.38,35,1.781,45.14,88.82
"CID38",2025-11-01,110.1,103.6,"Campo Dourado","Polo_3",72.76,43.38,35,1.781,45.14,88.82
"CID38",2025-12-01,99.7,109.7,"Campo Dourado","Polo_3",72.76,43.38,35,1.781,45.14,88.82
"CID39",2019-01-01,124.7,106.4,"Rio Bonito","Polo_2",38.23,65.71,29,1.979,52.69,108.14
"CID39",2019-02-01,141,108.6,"Rio Bonito","Polo_2",38.23,65.71,29,1.979,52.69,108.14
"CID39",2019-03-01,159.3,103.2,"Rio Bonito","Polo_2",38.23,65.71,29,1.979,52.69,108.14
"CID39",2019-04-01,155.7,104.8,"Rio Bonito","Polo_2",38.23,65.71,29,1.979,52.69,108.14
"CID39",2019-05-01,171.1,99.9,"Rio Bonito","Polo_2",38.23,65.71,29,1.979,52.69,108.14
"CID39",2019-06-01,163.1,92.3,"Rio Bonito","Polo_2",38.23,65.71,29,1.979,52.69,108.14
"CID39",2019-07-01,156.3,93.8,"Rio Bonito","Polo_2",38.23,65.71,29,1.979,52.69,108.14
"CID39",2019-08-01,132.8,96.3,"Rio Bonito","Polo_2",38.23,65.71,29,1.979,52.69,108.14
"CID39",2019-09-01,125,96.1,"Rio Bonito","Polo_2",38.23,65.71,29,1.979,52.69,108.14
"CID39",2019-10-01,120.3,99,"Rio Bonito","Polo_2",38.23,65.71,29,1.979,52.69,108.14
"CID39",2019-11-01,119.3,96.3,"Rio Bonito","Polo_2",38.23,65.71,29,1.979,52.69,108.14
"CID39",2019-12-01,113.6,101.8,"Rio Bonito","Polo_2",38.23,65.71,29,1.979,52.69,108.14
"CID39",2020-01-01,127.9,104.7,"Rio Bonito","Polo_2",38.23,65.71,29,1.979,52.69,108.14
"CID39",2020-02-01,140.7,113.2,"Rio Bonito","Polo_2",38.23,65.71,29,1.979,52.69,108.14
"CID39",2020-03-01,158.4,105.4,"Rio Bonito","Polo_2",38.23,65.71,29,1.979,52.69,108.14
"CID39",2020-04-01,158.9,109,"Rio Bonito","Polo_2",38.23,65.71,29,1.979,52.69,108.14
"CID39",2020-05-01,155.4,104.2,"Rio Bonito","Polo_2",38.23,65.71,29,1.979,52.69,108.14
"CID39",2020-06-01,168.5,98.9,"Rio Bonito","Polo_2",38.23,65.71,29,1.979,52.69,108.14
"CID39",2020-07-01,160.2,102.4,"Rio Bonito","Polo_2",38.23,65.71,29,1.979,52.69,108.14
"CID39",2020-08-01,139.2,96.1,"Rio Bonito","Polo_2",38.23,65.71,29,1.979,52.69,108.14
"CID39",2020-09-01,128,97.1,"Rio Bonito","Polo_2",38.23,65.71,29,1.979,52.69,108.14
"CID39",2020-10-01,123.3,96.2,"Rio Bonito","Polo_2",38.23,65.71,29,1.979,52.69,108.14
"CID39",2020-11-01,117,103.2,"Rio Bonito","Polo_2",38.23,65.71,29,1.979,52.69,108.14
"CID39",2020-12-01,120.8,110.3,"Rio Bonito","Polo_2",38.23,65.71,29,1.979,52.69,108.14
"CID39",2021-01-01,123.1,106.2,"Rio Bonito","Polo_2",38.23,65.71,29,1.979,52.69,108.14
"CID39",2021-02-01,151.6,109,"Rio Bonito","Polo_2",38.23,65.71,29,1.979,52.69,108.14
"CID39",2021-03-01,168.1,108.7,"Rio Bonito","Polo_2",38.23,65.71,29,1.979,52.69,108.14
"CID39",2021-04-01,162.1,113.1,"Rio Bonito","Polo_2",38.23,65.71,29,1.979,52.69,108.14
"CID39",2021-05-01,168.8,104.8,"Rio Bonito","Polo_2",38.23,65.71,29,1.979,52.69,108.14
"CID39",2021-06-01,167,107.8,"Rio Bonito","Polo_2",38.23,65.71,29,1.979,52.69,108.14
"CID39",2021-07-01,162.1,94.3,"Rio Bonito","Polo_2",38.23,65.71,29,1.979,52.69,108.14
"CID39",2021-08-01,141.2,96.9,"Rio Bonito","Polo_2",38.23,65.71,29,1.979,52.69,108.14
"CID39",2021-09-01,133.7,98.5,"Rio Bonito","Polo_2",38.23,65.71,29,1.979,52.69,108.14
"CID39",2021-10-01,109.5,102.7,"Rio Bonito","Polo_2",38.23,65.71,29,1.979,52.69,108.14
"CID39",2021-11-01,118.8,95.2,"Rio Bonito","Polo_2",38.23,65.71,29,1.979,52.69,108.14
"CID39",2021-12-01,138.8,99.3,"Rio Bonito","Polo_2",38.23,65.71,29,1.979,52.69,108.14
"CID39",2022-01-01,133.6,106.2,"Rio Bonito","Polo_2",38.23,65.71,29,1.979,52.69,108.14
"CID39",2022-02-01,143.7,110.4,"Rio Bonito","Polo_2",38.23,65.71,29,1.979,52.69,108.14
"CID39",2022-03-01,163.6,104.2,"Rio Bonito","Polo_2",38.23,65.71,29,1.979,52.69,108.14
"CID39",2022-04-01,173.2,107.8,"Rio Bonito","Polo_2",38.23,65.71,29,1.979,52.69,108.14
"CID39",2022-05-01,182.5,103.1,"Rio Bonito","Polo_2",38.23,65.71,29,1.979,52.69,108.14
"CID39",2022-06-01,167.5,99.7,"Rio Bonito","Polo_2",38.23,65.71,29,1.979,52.69,108.14
"CID39",2022-07-01,165.2,94.8,"Rio Bonito","Polo_2",38.23,65.71,29,1.979,52.69,108.14
"CID39",2022-08-01,144.5,100.2,"Rio Bonito","Polo_2",38.23,65.71,29,1.979,52.69,108.14
"CID39",2022-09-01,124.6,99.2,"Rio Bonito","Polo_2",38.23,65.71,29,1.979,52.69,108.14
"CID39",2022-10-01,118,96.8,"Rio Bonito","Polo_2",38.23,65.71,29,1.979,52.69,108.14
"CID39",2022-11-01,119.5,105.1,"Rio Bonito","Polo_2",38.23,65.71,29,1.979,52.69,108.14
"CID39",2022-12-01,119.9,100.6,"Rio Bonito","Polo_2",38.23,65.71,29,1.979,52.69,108.14
"CID39",2023-01-01,139.7,107.9,"Rio Bonito","Polo_2",38.23,65.71,29,1.979,52.69,108.14
"CID39",2023-02-01,160.1,111.4,"Rio Bonito","Polo_2",38.23,65.71,29,1.979,52.69,108.14
"CID39",2023-03-01,163.9,113.7,"Rio Bonito","Polo_2",38.23,65.71,29,1.979,52.69,108.14
"CID39",2023-04-01,171.3,111.1,"Rio Bonito","Polo_2",38.23,65.71,29,1.979,52.69,108.14
"CID39",2023-05-01,184.4,103.8,"Rio Bonito","Polo_2",38.23,65.71,29,1.979,52.69,108.14
"CID39",2023-06-01,172.8,107.2,"Rio Bonito","Polo_2",38.23,65.71,29,1.979,52.69,108.14
"CID39",2023-07-01,157.9,105,"Rio Bonito","Polo_2",38.23,65.71,29,1.979,52.69,108.14
"CID39",2023-08-01,143.6,102.1,"Rio Bonito","Polo_2",38.23,65.71,29,1.979,52.69,108.14
"CID39",2023-09-01,142.9,101.4,"Rio Bonito","Polo_2",38.23,65.71,29,1.979,52.69,108.14
"CID39",2023-10-01,118.3,108.3,"Rio Bonito","Polo_2",38.23,65.71,29,1.979,52.69,108.14
"CID39",2023-11-01,126.9,103.1,"Rio Bonito","Polo_2",38.23,65.71,29,1.979,52.69,108.14
"CID39",2023-12-01,119.6,110.5,"Rio Bonito","Polo_2",38.23,65.71,29,1.979,52.69,108.14
"CID39",2024-01-01,140,113,"Rio Bonito","Polo_2",38.23,65.71,29,1.979,52.69,108.14
"CID39",2024-02-01,148.8,113.4,"Rio Bonito","Polo_2",38.23,65.71,29,1.979,52.69,108.14
"CID39",2024-03-01,161.1,109.1,"Rio Bonito","Polo_2",38.23,65.71,29,1.979,52.69,108.14
"CID39",2024-04-01,179.2,105.9,"Rio Bonito","Polo_2",38.23,65.71,29,1.979,52.69,108.14
"CID39",2024-05-01,176.1,103.3,"Rio Bonito","Polo_2",38.23,65.71,29,1.979,52.69,108.14
"CID39",2024-06-01,182.9,101.7,"Rio Bonito","Polo_2",38.23,65.71,29,1.979,52.69,108.14
"CID39",2024-07-01,177.9,98.8,"Rio Bonito","Polo_2",38.23,65.71,29,1.979,52.69,108.14
"CID39",2024-08-01,144,101.5,"Rio Bonito","Polo_2",38.23,65.71,29,1.979,52.69,108.14
"CID39",2024-09-01,144.7,103.4,"Rio Bonito","Polo_2",38.23,65.71,29,1.979,52.69,108.14
"CID39",2024-10-01,124.2,99.9,"Rio Bonito","Polo_2",38.23,65.71,29,1.979,52.69,108.14
"CID39",2024-11-01,132.3,103,"Rio Bonito","Polo_2",38.23,65.71,29,1.979,52.69,108.14
"CID39",2024-12-01,133.5,103.9,"Rio Bonito","Polo_2",38.23,65.71,29,1.979,52.69,108.14
"CID39",2025-01-01,144.4,110,"Rio Bonito","Polo_2",38.23,65.71,29,1.979,52.69,108.14
"CID39",2025-02-01,148.9,113.8,"Rio Bonito","Polo_2",38.23,65.71,29,1.979,52.69,108.14
"CID39",2025-03-01,163.8,109.6,"Rio Bonito","Polo_2",38.23,65.71,29,1.979,52.69,108.14
"CID39",2025-04-01,181.5,110.5,"Rio Bonito","Polo_2",38.23,65.71,29,1.979,52.69,108.14
"CID39",2025-05-01,190,106.7,"Rio Bonito","Polo_2",38.23,65.71,29,1.979,52.69,108.14
"CID39",2025-06-01,174.4,105.3,"Rio Bonito","Polo_2",38.23,65.71,29,1.979,52.69,108.14
"CID39",2025-07-01,173.1,103.9,"Rio Bonito","Polo_2",38.23,65.71,29,1.979,52.69,108.14
"CID39",2025-08-01,152.6,99,"Rio Bonito","Polo_2",38.23,65.71,29,1.979,52.69,108.14
"CID39",2025-09-01,135,103.4,"Rio Bonito","Polo_2",38.23,65.71,29,1.979,52.69,108.14
"CID39",2025-10-01,120.3,104.6,"Rio Bonito","Polo_2",38.23,65.71,29,1.979,52.69,108.14
"CID39",2025-11-01,119.8,106.9,"Rio Bonito","Polo_2",38.23,65.71,29,1.979,52.69,108.14
"CID39",2025-12-01,122.1,107.5,"Rio Bonito","Polo_2",38.23,65.71,29,1.979,52.69,108.14
"CID40",2019-01-01,500.3,106.4,"Vale das Flores","Polo_2",31.19,76.04,259,1.82,51.29,103.73
"CID40",2019-02-01,539.2,106.2,"Vale das Flores","Polo_2",31.19,76.04,259,1.82,51.29,103.73
"CID40",2019-03-01,608.3,103.2,"Vale das Flores","Polo_2",31.19,76.04,259,1.82,51.29,103.73
"CID40",2019-04-01,667.9,100.2,"Vale das Flores","Polo_2",31.19,76.04,259,1.82,51.29,103.73
"CID40",2019-05-01,654.8,100.6,"Vale das Flores","Polo_2",31.19,76.04,259,1.82,51.29,103.73
"CID40",2019-06-01,667.1,95.5,"Vale das Flores","Polo_2",31.19,76.04,259,1.82,51.29,103.73
"CID40",2019-07-01,670.6,93.1,"Vale das Flores","Polo_2",31.19,76.04,259,1.82,51.29,103.73
"CID40",2019-08-01,613.3,92.8,"Vale das Flores","Polo_2",31.19,76.04,259,1.82,51.29,103.73
"CID40",2019-09-01,565.3,97.9,"Vale das Flores","Polo_2",31.19,76.04,259,1.82,51.29,103.73
"CID40",2019-10-01,537.1,96,"Vale das Flores","Polo_2",31.19,76.04,259,1.82,51.29,103.73
"CID40",2019-11-01,494.6,100.5,"Vale das Flores","Polo_2",31.19,76.04,259,1.82,51.29,103.73
"CID40",2019-12-01,475.8,102.2,"Vale das Flores","Polo_2",31.19,76.04,259,1.82,51.29,103.73
"CID40",2020-01-01,491.4,104.1,"Vale das Flores","Polo_2",31.19,76.04,259,1.82,51.29,103.73
"CID40",2020-02-01,555.7,116.4,"Vale das Flores","Polo_2",31.19,76.04,259,1.82,51.29,103.73
"CID40",2020-03-01,629.7,105.7,"Vale das Flores","Polo_2",31.19,76.04,259,1.82,51.29,103.73
"CID40",2020-04-01,671.4,108.5,"Vale das Flores","Polo_2",31.19,76.04,259,1.82,51.29,103.73
"CID40",2020-05-01,685.3,107,"Vale das Flores","Polo_2",31.19,76.04,259,1.82,51.29,103.73
"CID40",2020-06-01,703.5,96.6,"Vale das Flores","Polo_2",31.19,76.04,259,1.82,51.29,103.73
"CID40",2020-07-01,681.3,99.4,"Vale das Flores","Polo_2",31.19,76.04,259,1.82,51.29,103.73
"CID40",2020-08-01,600,95.9,"Vale das Flores","Polo_2",31.19,76.04,259,1.82,51.29,103.73
"CID40",2020-09-01,545.7,97.9,"Vale das Flores","Polo_2",31.19,76.04,259,1.82,51.29,103.73
"CID40",2020-10-01,551.5,99.6,"Vale das Flores","Polo_2",31.19,76.04,259,1.82,51.29,103.73
"CID40",2020-11-01,466.6,103.6,"Vale das Flores","Polo_2",31.19,76.04,259,1.82,51.29,103.73
"CID40",2020-12-01,458.3,109.7,"Vale das Flores","Polo_2",31.19,76.04,259,1.82,51.29,103.73
"CID40",2021-01-01,476.4,108.5,"Vale das Flores","Polo_2",31.19,76.04,259,1.82,51.29,103.73
"CID40",2021-02-01,578.3,107.2,"Vale das Flores","Polo_2",31.19,76.04,259,1.82,51.29,103.73
"CID40",2021-03-01,641.4,107.9,"Vale das Flores","Polo_2",31.19,76.04,259,1.82,51.29,103.73
"CID40",2021-04-01,657.6,109.7,"Vale das Flores","Polo_2",31.19,76.04,259,1.82,51.29,103.73
"CID40",2021-05-01,708.9,102.8,"Vale das Flores","Polo_2",31.19,76.04,259,1.82,51.29,103.73
"CID40",2021-06-01,695.1,103.3,"Vale das Flores","Polo_2",31.19,76.04,259,1.82,51.29,103.73
"CID40",2021-07-01,645.2,94.2,"Vale das Flores","Polo_2",31.19,76.04,259,1.82,51.29,103.73
"CID40",2021-08-01,618.7,95.7,"Vale das Flores","Polo_2",31.19,76.04,259,1.82,51.29,103.73
"CID40",2021-09-01,578,99.5,"Vale das Flores","Polo_2",31.19,76.04,259,1.82,51.29,103.73
"CID40",2021-10-01,533.2,100.9,"Vale das Flores","Polo_2",31.19,76.04,259,1.82,51.29,103.73
"CID40",2021-11-01,455.7,97.7,"Vale das Flores","Polo_2",31.19,76.04,259,1.82,51.29,103.73
"CID40",2021-12-01,509.9,103.8,"Vale das Flores","Polo_2",31.19,76.04,259,1.82,51.29,103.73
"CID40",2022-01-01,527.4,103.9,"Vale das Flores","Polo_2",31.19,76.04,259,1.82,51.29,103.73
"CID40",2022-02-01,599.8,108.6,"Vale das Flores","Polo_2",31.19,76.04,259,1.82,51.29,103.73
"CID40",2022-03-01,625.8,106,"Vale das Flores","Polo_2",31.19,76.04,259,1.82,51.29,103.73
"CID40",2022-04-01,645.9,108.5,"Vale das Flores","Polo_2",31.19,76.04,259,1.82,51.29,103.73
"CID40",2022-05-01,696.8,104.2,"Vale das Flores","Polo_2",31.19,76.04,259,1.82,51.29,103.73
"CID40",2022-06-01,685.8,98.7,"Vale das Flores","Polo_2",31.19,76.04,259,1.82,51.29,103.73
"CID40",2022-07-01,647.4,96.3,"Vale das Flores","Polo_2",31.19,76.04,259,1.82,51.29,103.73
"CID40",2022-08-01,622.2,96.7,"Vale das Flores","Polo_2",31.19,76.04,259,1.82,51.29,103.73
"CID40",2022-09-01,588.2,94.4,"Vale das Flores","Polo_2",31.19,76.04,259,1.82,51.29,103.73
"CID40",2022-10-01,538.4,98.6,"Vale das Flores","Polo_2",31.19,76.04,259,1.82,51.29,103.73
"CID40",2022-11-01,532.2,107.9,"Vale das Flores","Polo_2",31.19,76.04,259,1.82,51.29,103.73
"CID40",2022-12-01,522.1,100.1,"Vale das Flores","Polo_2",31.19,76.04,259,1.82,51.29,103.73
"CID40",2023-01-01,495.2,105.3,"Vale das Flores","Polo_2",31.19,76.04,259,1.82,51.29,103.73
"CID40",2023-02-01,593.5,113.1,"Vale das Flores","Polo_2",31.19,76.04,259,1.82,51.29,103.73
"CID40",2023-03-01,651.4,110,"Vale das Flores","Polo_2",31.19,76.04,259,1.82,51.29,103.73
"CID40",2023-04-01,683.5,109,"Vale das Flores","Polo_2",31.19,76.04,259,1.82,51.29,103.73
"CID40",2023-05-01,707.8,108.8,"Vale das Flores","Polo_2",31.19,76.04,259,1.82,51.29,103.73
"CID40",2023-06-01,732.2,104.6,"Vale das Flores","Polo_2",31.19,76.04,259,1.82,51.29,103.73
"CID40",2023-07-01,694.6,100.7,"Vale das Flores","Polo_2",31.19,76.04,259,1.82,51.29,103.73
"CID40",2023-08-01,665.1,102,"Vale das Flores","Polo_2",31.19,76.04,259,1.82,51.29,103.73
"CID40",2023-09-01,599,98.5,"Vale das Flores","Polo_2",31.19,76.04,259,1.82,51.29,103.73
"CID40",2023-10-01,529.5,106.1,"Vale das Flores","Polo_2",31.19,76.04,259,1.82,51.29,103.73
"CID40",2023-11-01,488.9,101.2,"Vale das Flores","Polo_2",31.19,76.04,259,1.82,51.29,103.73
"CID40",2023-12-01,499,111.1,"Vale das Flores","Polo_2",31.19,76.04,259,1.82,51.29,103.73
"CID40",2024-01-01,531.3,113.2,"Vale das Flores","Polo_2",31.19,76.04,259,1.82,51.29,103.73
"CID40",2024-02-01,598.4,111.2,"Vale das Flores","Polo_2",31.19,76.04,259,1.82,51.29,103.73
"CID40",2024-03-01,583.1,107.5,"Vale das Flores","Polo_2",31.19,76.04,259,1.82,51.29,103.73
"CID40",2024-04-01,717,104.5,"Vale das Flores","Polo_2",31.19,76.04,259,1.82,51.29,103.73
"CID40",2024-05-01,688.9,103.7,"Vale das Flores","Polo_2",31.19,76.04,259,1.82,51.29,103.73
"CID40",2024-06-01,728.1,106.1,"Vale das Flores","Polo_2",31.19,76.04,259,1.82,51.29,103.73
"CID40",2024-07-01,720.9,101.1,"Vale das Flores","Polo_2",31.19,76.04,259,1.82,51.29,103.73
"CID40",2024-08-01,629.3,100.4,"Vale das Flores","Polo_2",31.19,76.04,259,1.82,51.29,103.73
"CID40",2024-09-01,612.1,98.4,"Vale das Flores","Polo_2",31.19,76.04,259,1.82,51.29,103.73
"CID40",2024-10-01,541.6,102.9,"Vale das Flores","Polo_2",31.19,76.04,259,1.82,51.29,103.73
"CID40",2024-11-01,522.4,103.3,"Vale das Flores","Polo_2",31.19,76.04,259,1.82,51.29,103.73
"CID40",2024-12-01,523.7,107.2,"Vale das Flores","Polo_2",31.19,76.04,259,1.82,51.29,103.73
"CID40",2025-01-01,533.8,108,"Vale das Flores","Polo_2",31.19,76.04,259,1.82,51.29,103.73
"CID40",2025-02-01,598.7,114.3,"Vale das Flores","Polo_2",31.19,76.04,259,1.82,51.29,103.73
"CID40",2025-03-01,658.6,109,"Vale das Flores","Polo_2",31.19,76.04,259,1.82,51.29,103.73
"CID40",2025-04-01,714.3,109.4,"Vale das Flores","Polo_2",31.19,76.04,259,1.82,51.29,103.73
"CID40",2025-05-01,752.7,104.9,"Vale das Flores","Polo_2",31.19,76.04,259,1.82,51.29,103.73
"CID40",2025-06-01,709.8,104.7,"Vale das Flores","Polo_2",31.19,76.04,259,1.82,51.29,103.73
"CID40",2025-07-01,731.9,104.4,"Vale das Flores","Polo_2",31.19,76.04,259,1.82,51.29,103.73
"CID40",2025-08-01,689.2,97.8,"Vale das Flores","Polo_2",31.19,76.04,259,1.82,51.29,103.73
"CID40",2025-09-01,589.4,106.5,"Vale das Flores","Polo_2",31.19,76.04,259,1.82,51.29,103.73
"CID40",2025-10-01,531,103.9,"Vale das Flores","Polo_2",31.19,76.04,259,1.82,51.29,103.73
"CID40",2025-11-01,535.9,105.6,"Vale das Flores","Polo_2",31.19,76.04,259,1.82,51.29,103.73
"CID40",2025-12-01,521.2,110.7,"Vale das Flores","Polo_2",31.19,76.04,259,1.82,51.29,103.73
"CID41",2019-01-01,98.5,105.6,"Cachoeira Alta","Polo_5",33.5,53.03,19,3.534,48.94,107.16
"CID41",2019-02-01,100,112,"Cachoeira Alta","Polo_5",33.5,53.03,19,3.534,48.94,107.16
"CID41",2019-03-01,104.7,103.8,"Cachoeira Alta","Polo_5",33.5,53.03,19,3.534,48.94,107.16
"CID41",2019-04-01,110.9,102.8,"Cachoeira Alta","Polo_5",33.5,53.03,19,3.534,48.94,107.16
"CID41",2019-05-01,131.2,100.8,"Cachoeira Alta","Polo_5",33.5,53.03,19,3.534,48.94,107.16
"CID41",2019-06-01,135.8,98.1,"Cachoeira Alta","Polo_5",33.5,53.03,19,3.534,48.94,107.16
"CID41",2019-07-01,131.8,94.8,"Cachoeira Alta","Polo_5",33.5,53.03,19,3.534,48.94,107.16
"CID41",2019-08-01,122.7,94,"Cachoeira Alta","Polo_5",33.5,53.03,19,3.534,48.94,107.16
"CID41",2019-09-01,115.5,96,"Cachoeira Alta","Polo_5",33.5,53.03,19,3.534,48.94,107.16
"CID41",2019-10-01,108.4,97.6,"Cachoeira Alta","Polo_5",33.5,53.03,19,3.534,48.94,107.16
"CID41",2019-11-01,102.1,98.9,"Cachoeira Alta","Polo_5",33.5,53.03,19,3.534,48.94,107.16
"CID41",2019-12-01,93.8,100.4,"Cachoeira Alta","Polo_5",33.5,53.03,19,3.534,48.94,107.16
"CID41",2020-01-01,90.6,103,"Cachoeira Alta","Polo_5",33.5,53.03,19,3.534,48.94,107.16
"CID41",2020-02-01,102.9,114.5,"Cachoeira Alta","Polo_5",33.5,53.03,19,3.534,48.94,107.16
"CID41",2020-03-01,105.4,104.5,"Cachoeira Alta","Polo_5",33.5,53.03,19,3.534,48.94,107.16
"CID41",2020-04-01,123.4,108.4,"Cachoeira Alta","Polo_5",33.5,53.03,19,3.534,48.94,107.16
"CID41",2020-05-01,132.1,103.8,"Cachoeira Alta","Polo_5",33.5,53.03,19,3.534,48.94,107.16
"CID41",2020-06-01,138.2,100.4,"Cachoeira Alta","Polo_5",33.5,53.03,19,3.534,48.94,107.16
"CID41",2020-07-01,130.1,102.3,"Cachoeira Alta","Polo_5",33.5,53.03,19,3.534,48.94,107.16
"CID41",2020-08-01,132.5,95.8,"Cachoeira Alta","Polo_5",33.5,53.03,19,3.534,48.94,107.16
"CID41",2020-09-01,121.5,99.9,"Cachoeira Alta","Polo_5",33.5,53.03,19,3.534,48.94,107.16
"CID41",2020-10-01,103.6,99,"Cachoeira Alta","Polo_5",33.5,53.03,19,3.534,48.94,107.16
"CID41",2020-11-01,102.4,98.8,"Cachoeira Alta","Polo_5",33.5,53.03,19,3.534,48.94,107.16
"CID41",2020-12-01,92.5,107.3,"Cachoeira Alta","Polo_5",33.5,53.03,19,3.534,48.94,107.16
"CID41",2021-01-01,98.4,107.8,"Cachoeira Alta","Polo_5",33.5,53.03,19,3.534,48.94,107.16
"CID41",2021-02-01,97,109.9,"Cachoeira Alta","Polo_5",33.5,53.03,19,3.534,48.94,107.16
"CID41",2021-03-01,102.7,107.6,"Cachoeira Alta","Polo_5",33.5,53.03,19,3.534,48.94,107.16
"CID41",2021-04-01,124.7,113.6,"Cachoeira Alta","Polo_5",33.5,53.03,19,3.534,48.94,107.16
"CID41",2021-05-01,136.4,100.7,"Cachoeira Alta","Polo_5",33.5,53.03,19,3.534,48.94,107.16
"CID41",2021-06-01,139,106.1,"Cachoeira Alta","Polo_5",33.5,53.03,19,3.534,48.94,107.16
"CID41",2021-07-01,136.5,92.5,"Cachoeira Alta","Polo_5",33.5,53.03,19,3.534,48.94,107.16
"CID41",2021-08-01,128.2,98.3,"Cachoeira Alta","Polo_5",33.5,53.03,19,3.534,48.94,107.16
"CID41",2021-09-01,121.4,98.2,"Cachoeira Alta","Polo_5",33.5,53.03,19,3.534,48.94,107.16
"CID41",2021-10-01,109.9,99.5,"Cachoeira Alta","Polo_5",33.5,53.03,19,3.534,48.94,107.16
"CID41",2021-11-01,104.9,94.5,"Cachoeira Alta","Polo_5",33.5,53.03,19,3.534,48.94,107.16
"CID41",2021-12-01,101.8,104.3,"Cachoeira Alta","Polo_5",33.5,53.03,19,3.534,48.94,107.16
"CID41",2022-01-01,106.1,105.6,"Cachoeira Alta","Polo_5",33.5,53.03,19,3.534,48.94,107.16
"CID41",2022-02-01,107.5,112.7,"Cachoeira Alta","Polo_5",33.5,53.03,19,3.534,48.94,107.16
"CID41",2022-03-01,114.2,105.4,"Cachoeira Alta","Polo_5",33.5,53.03,19,3.534,48.94,107.16
"CID41",2022-04-01,128.1,106.7,"Cachoeira Alta","Polo_5",33.5,53.03,19,3.534,48.94,107.16
"CID41",2022-05-01,139.2,103.2,"Cachoeira Alta","Polo_5",33.5,53.03,19,3.534,48.94,107.16
"CID41",2022-06-01,134.4,100.1,"Cachoeira Alta","Polo_5",33.5,53.03,19,3.534,48.94,107.16
"CID41",2022-07-01,144.6,95.2,"Cachoeira Alta","Polo_5",33.5,53.03,19,3.534,48.94,107.16
"CID41",2022-08-01,135.2,98.3,"Cachoeira Alta","Polo_5",33.5,53.03,19,3.534,48.94,107.16
"CID41",2022-09-01,121.8,97,"Cachoeira Alta","Polo_5",33.5,53.03,19,3.534,48.94,107.16
"CID41",2022-10-01,116.2,97.8,"Cachoeira Alta","Polo_5",33.5,53.03,19,3.534,48.94,107.16
"CID41",2022-11-01,107,106.7,"Cachoeira Alta","Polo_5",33.5,53.03,19,3.534,48.94,107.16
"CID41",2022-12-01,97.2,99.2,"Cachoeira Alta","Polo_5",33.5,53.03,19,3.534,48.94,107.16
"CID41",2023-01-01,102.9,106.1,"Cachoeira Alta","Polo_5",33.5,53.03,19,3.534,48.94,107.16
"CID41",2023-02-01,107.8,110.4,"Cachoeira Alta","Polo_5",33.5,53.03,19,3.534,48.94,107.16
"CID41",2023-03-01,116.3,110,"Cachoeira Alta","Polo_5",33.5,53.03,19,3.534,48.94,107.16
"CID41",2023-04-01,129.5,111.2,"Cachoeira Alta","Polo_5",33.5,53.03,19,3.534,48.94,107.16
"CID41",2023-05-01,139.5,104.5,"Cachoeira Alta","Polo_5",33.5,53.03,19,3.534,48.94,107.16
"CID41",2023-06-01,139,106.7,"Cachoeira Alta","Polo_5",33.5,53.03,19,3.534,48.94,107.16
"CID41",2023-07-01,146.4,102.9,"Cachoeira Alta","Polo_5",33.5,53.03,19,3.534,48.94,107.16
"CID41",2023-08-01,131.2,103.6,"Cachoeira Alta","Polo_5",33.5,53.03,19,3.534,48.94,107.16
"CID41",2023-09-01,125,101,"Cachoeira Alta","Polo_5",33.5,53.03,19,3.534,48.94,107.16
"CID41",2023-10-01,112.7,107.6,"Cachoeira Alta","Polo_5",33.5,53.03,19,3.534,48.94,107.16
"CID41",2023-11-01,106.6,103,"Cachoeira Alta","Polo_5",33.5,53.03,19,3.534,48.94,107.16
"CID41",2023-12-01,99,110.8,"Cachoeira Alta","Polo_5",33.5,53.03,19,3.534,48.94,107.16
"CID41",2024-01-01,106.8,112.3,"Cachoeira Alta","Polo_5",33.5,53.03,19,3.534,48.94,107.16
"CID41",2024-02-01,106.7,113.1,"Cachoeira Alta","Polo_5",33.5,53.03,19,3.534,48.94,107.16
"CID41",2024-03-01,113.4,109.4,"Cachoeira Alta","Polo_5",33.5,53.03,19,3.534,48.94,107.16
"CID41",2024-04-01,134.9,103.9,"Cachoeira Alta","Polo_5",33.5,53.03,19,3.534,48.94,107.16
"CID41",2024-05-01,135.7,102.3,"Cachoeira Alta","Polo_5",33.5,53.03,19,3.534,48.94,107.16
"CID41",2024-06-01,137.7,103.3,"Cachoeira Alta","Polo_5",33.5,53.03,19,3.534,48.94,107.16
"CID41",2024-07-01,144.4,99.3,"Cachoeira Alta","Polo_5",33.5,53.03,19,3.534,48.94,107.16
"CID41",2024-08-01,134.8,101,"Cachoeira Alta","Polo_5",33.5,53.03,19,3.534,48.94,107.16
"CID41",2024-09-01,124.4,100.5,"Cachoeira Alta","Polo_5",33.5,53.03,19,3.534,48.94,107.16
"CID41",2024-10-01,113.1,102.2,"Cachoeira Alta","Polo_5",33.5,53.03,19,3.534,48.94,107.16
"CID41",2024-11-01,110.3,103.6,"Cachoeira Alta","Polo_5",33.5,53.03,19,3.534,48.94,107.16
"CID41",2024-12-01,97.7,104.4,"Cachoeira Alta","Polo_5",33.5,53.03,19,3.534,48.94,107.16
"CID41",2025-01-01,101.1,109.9,"Cachoeira Alta","Polo_5",33.5,53.03,19,3.534,48.94,107.16
"CID41",2025-02-01,107.9,112.5,"Cachoeira Alta","Polo_5",33.5,53.03,19,3.534,48.94,107.16
"CID41",2025-03-01,124.9,110.6,"Cachoeira Alta","Polo_5",33.5,53.03,19,3.534,48.94,107.16
"CID41",2025-04-01,130.8,113.8,"Cachoeira Alta","Polo_5",33.5,53.03,19,3.534,48.94,107.16
"CID41",2025-05-01,136.9,105.4,"Cachoeira Alta","Polo_5",33.5,53.03,19,3.534,48.94,107.16
"CID41",2025-06-01,139,103,"Cachoeira Alta","Polo_5",33.5,53.03,19,3.534,48.94,107.16
"CID41",2025-07-01,138.1,106.5,"Cachoeira Alta","Polo_5",33.5,53.03,19,3.534,48.94,107.16
"CID41",2025-08-01,139.3,96.6,"Cachoeira Alta","Polo_5",33.5,53.03,19,3.534,48.94,107.16
"CID41",2025-09-01,127.4,103.4,"Cachoeira Alta","Polo_5",33.5,53.03,19,3.534,48.94,107.16
"CID41",2025-10-01,116.9,102.8,"Cachoeira Alta","Polo_5",33.5,53.03,19,3.534,48.94,107.16
"CID41",2025-11-01,105.7,105.5,"Cachoeira Alta","Polo_5",33.5,53.03,19,3.534,48.94,107.16
"CID41",2025-12-01,107.2,109.6,"Cachoeira Alta","Polo_5",33.5,53.03,19,3.534,48.94,107.16
"CID42",2019-01-01,178.8,102.7,"Colina Verde","Polo_4",80.72,95.95,40,3.823,58.67,79.67
"CID42",2019-02-01,189.7,105.4,"Colina Verde","Polo_4",80.72,95.95,40,3.823,58.67,79.67
"CID42",2019-03-01,228.6,101.9,"Colina Verde","Polo_4",80.72,95.95,40,3.823,58.67,79.67
"CID42",2019-04-01,238.8,101.8,"Colina Verde","Polo_4",80.72,95.95,40,3.823,58.67,79.67
"CID42",2019-05-01,254.3,99.4,"Colina Verde","Polo_4",80.72,95.95,40,3.823,58.67,79.67
"CID42",2019-06-01,254.2,94.1,"Colina Verde","Polo_4",80.72,95.95,40,3.823,58.67,79.67
"CID42",2019-07-01,232.3,94.1,"Colina Verde","Polo_4",80.72,95.95,40,3.823,58.67,79.67
"CID42",2019-08-01,219.2,97,"Colina Verde","Polo_4",80.72,95.95,40,3.823,58.67,79.67
"CID42",2019-09-01,216.4,95.2,"Colina Verde","Polo_4",80.72,95.95,40,3.823,58.67,79.67
"CID42",2019-10-01,189.1,97.3,"Colina Verde","Polo_4",80.72,95.95,40,3.823,58.67,79.67
"CID42",2019-11-01,168.9,99.5,"Colina Verde","Polo_4",80.72,95.95,40,3.823,58.67,79.67
"CID42",2019-12-01,161.5,99.7,"Colina Verde","Polo_4",80.72,95.95,40,3.823,58.67,79.67
"CID42",2020-01-01,171.8,103.5,"Colina Verde","Polo_4",80.72,95.95,40,3.823,58.67,79.67
"CID42",2020-02-01,189.8,113.2,"Colina Verde","Polo_4",80.72,95.95,40,3.823,58.67,79.67
"CID42",2020-03-01,212.2,103.7,"Colina Verde","Polo_4",80.72,95.95,40,3.823,58.67,79.67
"CID42",2020-04-01,235.7,105.6,"Colina Verde","Polo_4",80.72,95.95,40,3.823,58.67,79.67
"CID42",2020-05-01,251.9,106.3,"Colina Verde","Polo_4",80.72,95.95,40,3.823,58.67,79.67
"CID42",2020-06-01,244.1,100.5,"Colina Verde","Polo_4",80.72,95.95,40,3.823,58.67,79.67
"CID42",2020-07-01,234.8,101.4,"Colina Verde","Polo_4",80.72,95.95,40,3.823,58.67,79.67
"CID42",2020-08-01,231.7,97,"Colina Verde","Polo_4",80.72,95.95,40,3.823,58.67,79.67
"CID42",2020-09-01,204.1,97.4,"Colina Verde","Polo_4",80.72,95.95,40,3.823,58.67,79.67
"CID42",2020-10-01,192.1,98.1,"Colina Verde","Polo_4",80.72,95.95,40,3.823,58.67,79.67
"CID42",2020-11-01,168.7,103.3,"Colina Verde","Polo_4",80.72,95.95,40,3.823,58.67,79.67
"CID42",2020-12-01,171.9,107.8,"Colina Verde","Polo_4",80.72,95.95,40,3.823,58.67,79.67
"CID42",2021-01-01,182.1,107.5,"Colina Verde","Polo_4",80.72,95.95,40,3.823,58.67,79.67
"CID42",2021-02-01,204.6,108.2,"Colina Verde","Polo_4",80.72,95.95,40,3.823,58.67,79.67
"CID42",2021-03-01,203.1,109.8,"Colina Verde","Polo_4",80.72,95.95,40,3.823,58.67,79.67
"CID42",2021-04-01,236.9,109.5,"Colina Verde","Polo_4",80.72,95.95,40,3.823,58.67,79.67
"CID42",2021-05-01,253.4,102.6,"Colina Verde","Polo_4",80.72,95.95,40,3.823,58.67,79.67
"CID42",2021-06-01,250.2,105,"Colina Verde","Polo_4",80.72,95.95,40,3.823,58.67,79.67
"CID42",2021-07-01,238,91.7,"Colina Verde","Polo_4",80.72,95.95,40,3.823,58.67,79.67
"CID42",2021-08-01,226.1,98.4,"Colina Verde","Polo_4",80.72,95.95,40,3.823,58.67,79.67
"CID42",2021-09-01,202.2,98.7,"Colina Verde","Polo_4",80.72,95.95,40,3.823,58.67,79.67
"CID42",2021-10-01,187,101.8,"Colina Verde","Polo_4",80.72,95.95,40,3.823,58.67,79.67
"CID42",2021-11-01,177.3,94.9,"Colina Verde","Polo_4",80.72,95.95,40,3.823,58.67,79.67
"CID42",2021-12-01,175.9,103.3,"Colina Verde","Polo_4",80.72,95.95,40,3.823,58.67,79.67
"CID42",2022-01-01,176.2,104.7,"Colina Verde","Polo_4",80.72,95.95,40,3.823,58.67,79.67
"CID42",2022-02-01,190.1,111.5,"Colina Verde","Polo_4",80.72,95.95,40,3.823,58.67,79.67
"CID42",2022-03-01,225.1,106.8,"Colina Verde","Polo_4",80.72,95.95,40,3.823,58.67,79.67
"CID42",2022-04-01,230.8,105.5,"Colina Verde","Polo_4",80.72,95.95,40,3.823,58.67,79.67
"CID42",2022-05-01,244.2,103.5,"Colina Verde","Polo_4",80.72,95.95,40,3.823,58.67,79.67
"CID42",2022-06-01,233.7,98.7,"Colina Verde","Polo_4",80.72,95.95,40,3.823,58.67,79.67
"CID42",2022-07-01,237.8,97,"Colina Verde","Polo_4",80.72,95.95,40,3.823,58.67,79.67
"CID42",2022-08-01,237.8,99.2,"Colina Verde","Polo_4",80.72,95.95,40,3.823,58.67,79.67
"CID42",2022-09-01,198.3,96.7,"Colina Verde","Polo_4",80.72,95.95,40,3.823,58.67,79.67
"CID42",2022-10-01,196,98.8,"Colina Verde","Polo_4",80.72,95.95,40,3.823,58.67,79.67
"CID42",2022-11-01,174.7,105.9,"Colina Verde","Polo_4",80.72,95.95,40,3.823,58.67,79.67
"CID42",2022-12-01,170.8,102.4,"Colina Verde","Polo_4",80.72,95.95,40,3.823,58.67,79.67
"CID42",2023-01-01,180.7,106.9,"Colina Verde","Polo_4",80.72,95.95,40,3.823,58.67,79.67
"CID42",2023-02-01,193.8,109.5,"Colina Verde","Polo_4",80.72,95.95,40,3.823,58.67,79.67
"CID42",2023-03-01,218.9,108,"Colina Verde","Polo_4",80.72,95.95,40,3.823,58.67,79.67
"CID42",2023-04-01,241.7,109.6,"Colina Verde","Polo_4",80.72,95.95,40,3.823,58.67,79.67
"CID42",2023-05-01,255.6,105.6,"Colina Verde","Polo_4",80.72,95.95,40,3.823,58.67,79.67
"CID42",2023-06-01,244.7,102.8,"Colina Verde","Polo_4",80.72,95.95,40,3.823,58.67,79.67
"CID42",2023-07-01,241,99.7,"Colina Verde","Polo_4",80.72,95.95,40,3.823,58.67,79.67
"CID42",2023-08-01,230.4,100.6,"Colina Verde","Polo_4",80.72,95.95,40,3.823,58.67,79.67
"CID42",2023-09-01,205.2,102.1,"Colina Verde","Polo_4",80.72,95.95,40,3.823,58.67,79.67
"CID42",2023-10-01,182.9,109.4,"Colina Verde","Polo_4",80.72,95.95,40,3.823,58.67,79.67
"CID42",2023-11-01,173.8,103,"Colina Verde","Polo_4",80.72,95.95,40,3.823,58.67,79.67
"CID42",2023-12-01,185.6,107.8,"Colina Verde","Polo_4",80.72,95.95,40,3.823,58.67,79.67
"CID42",2024-01-01,186.5,111.8,"Colina Verde","Polo_4",80.72,95.95,40,3.823,58.67,79.67
"CID42",2024-02-01,202.2,113.4,"Colina Verde","Polo_4",80.72,95.95,40,3.823,58.67,79.67
"CID42",2024-03-01,219.9,108.2,"Colina Verde","Polo_4",80.72,95.95,40,3.823,58.67,79.67
"CID42",2024-04-01,231.2,101.2,"Colina Verde","Polo_4",80.72,95.95,40,3.823,58.67,79.67
"CID42",2024-05-01,264.1,103,"Colina Verde","Polo_4",80.72,95.95,40,3.823,58.67,79.67
"CID42",2024-06-01,254.6,102.8,"Colina Verde","Polo_4",80.72,95.95,40,3.823,58.67,79.67
"CID42",2024-07-01,251.4,98,"Colina Verde","Polo_4",80.72,95.95,40,3.823,58.67,79.67
"CID42",2024-08-01,224.1,102.4,"Colina Verde","Polo_4",80.72,95.95,40,3.823,58.67,79.67
"CID42",2024-09-01,205.7,103.7,"Colina Verde","Polo_4",80.72,95.95,40,3.823,58.67,79.67
"CID42",2024-10-01,179.5,100.3,"Colina Verde","Polo_4",80.72,95.95,40,3.823,58.67,79.67
"CID42",2024-11-01,179,101.7,"Colina Verde","Polo_4",80.72,95.95,40,3.823,58.67,79.67
"CID42",2024-12-01,193.9,105.7,"Colina Verde","Polo_4",80.72,95.95,40,3.823,58.67,79.67
"CID42",2025-01-01,186.4,109.6,"Colina Verde","Polo_4",80.72,95.95,40,3.823,58.67,79.67
"CID42",2025-02-01,197.8,114.9,"Colina Verde","Polo_4",80.72,95.95,40,3.823,58.67,79.67
"CID42",2025-03-01,223.5,106.2,"Colina Verde","Polo_4",80.72,95.95,40,3.823,58.67,79.67
"CID42",2025-04-01,240.5,114.3,"Colina Verde","Polo_4",80.72,95.95,40,3.823,58.67,79.67
"CID42",2025-05-01,244.3,104.3,"Colina Verde","Polo_4",80.72,95.95,40,3.823,58.67,79.67
"CID42",2025-06-01,254.2,107.4,"Colina Verde","Polo_4",80.72,95.95,40,3.823,58.67,79.67
"CID42",2025-07-01,258.7,104.1,"Colina Verde","Polo_4",80.72,95.95,40,3.823,58.67,79.67
"CID42",2025-08-01,236.3,97.7,"Colina Verde","Polo_4",80.72,95.95,40,3.823,58.67,79.67
"CID42",2025-09-01,213.5,106.4,"Colina Verde","Polo_4",80.72,95.95,40,3.823,58.67,79.67
"CID42",2025-10-01,189.5,103.3,"Colina Verde","Polo_4",80.72,95.95,40,3.823,58.67,79.67
"CID42",2025-11-01,167.6,107.3,"Colina Verde","Polo_4",80.72,95.95,40,3.823,58.67,79.67
"CID42",2025-12-01,176.7,106.4,"Colina Verde","Polo_4",80.72,95.95,40,3.823,58.67,79.67
"CID43",2019-01-01,192.7,104.9,"Estancia Nova","Polo_1",13.99,12.33,91,4.065,62.38,73.5
"CID43",2019-02-01,200,107.7,"Estancia Nova","Polo_1",13.99,12.33,91,4.065,62.38,73.5
"CID43",2019-03-01,226.9,102.8,"Estancia Nova","Polo_1",13.99,12.33,91,4.065,62.38,73.5
"CID43",2019-04-01,238.2,101,"Estancia Nova","Polo_1",13.99,12.33,91,4.065,62.38,73.5
"CID43",2019-05-01,266.8,98.4,"Estancia Nova","Polo_1",13.99,12.33,91,4.065,62.38,73.5
"CID43",2019-06-01,268.8,96.1,"Estancia Nova","Polo_1",13.99,12.33,91,4.065,62.38,73.5
"CID43",2019-07-01,270.1,92.7,"Estancia Nova","Polo_1",13.99,12.33,91,4.065,62.38,73.5
"CID43",2019-08-01,268.3,98,"Estancia Nova","Polo_1",13.99,12.33,91,4.065,62.38,73.5
"CID43",2019-09-01,236,96.2,"Estancia Nova","Polo_1",13.99,12.33,91,4.065,62.38,73.5
"CID43",2019-10-01,227.6,96,"Estancia Nova","Polo_1",13.99,12.33,91,4.065,62.38,73.5
"CID43",2019-11-01,195.5,100.3,"Estancia Nova","Polo_1",13.99,12.33,91,4.065,62.38,73.5
"CID43",2019-12-01,194.8,101.3,"Estancia Nova","Polo_1",13.99,12.33,91,4.065,62.38,73.5
"CID43",2020-01-01,191.1,106.1,"Estancia Nova","Polo_1",13.99,12.33,91,4.065,62.38,73.5
"CID43",2020-02-01,199.5,114.8,"Estancia Nova","Polo_1",13.99,12.33,91,4.065,62.38,73.5
"CID43",2020-03-01,211.1,106.9,"Estancia Nova","Polo_1",13.99,12.33,91,4.065,62.38,73.5
"CID43",2020-04-01,240.6,108.5,"Estancia Nova","Polo_1",13.99,12.33,91,4.065,62.38,73.5
"CID43",2020-05-01,272.9,104,"Estancia Nova","Polo_1",13.99,12.33,91,4.065,62.38,73.5
"CID43",2020-06-01,276.4,99,"Estancia Nova","Polo_1",13.99,12.33,91,4.065,62.38,73.5
"CID43",2020-07-01,285.6,98.6,"Estancia Nova","Polo_1",13.99,12.33,91,4.065,62.38,73.5
"CID43",2020-08-01,271.4,98.1,"Estancia Nova","Polo_1",13.99,12.33,91,4.065,62.38,73.5
"CID43",2020-09-01,255.4,98,"Estancia Nova","Polo_1",13.99,12.33,91,4.065,62.38,73.5
"CID43",2020-10-01,226,102,"Estancia Nova","Polo_1",13.99,12.33,91,4.065,62.38,73.5
"CID43",2020-11-01,219.2,106.6,"Estancia Nova","Polo_1",13.99,12.33,91,4.065,62.38,73.5
"CID43",2020-12-01,202.7,109.4,"Estancia Nova","Polo_1",13.99,12.33,91,4.065,62.38,73.5
"CID43",2021-01-01,200.9,108.1,"Estancia Nova","Polo_1",13.99,12.33,91,4.065,62.38,73.5
"CID43",2021-02-01,196.7,107.5,"Estancia Nova","Polo_1",13.99,12.33,91,4.065,62.38,73.5
"CID43",2021-03-01,229.2,107.5,"Estancia Nova","Polo_1",13.99,12.33,91,4.065,62.38,73.5
"CID43",2021-04-01,256.2,111.5,"Estancia Nova","Polo_1",13.99,12.33,91,4.065,62.38,73.5
"CID43",2021-05-01,257.3,100.9,"Estancia Nova","Polo_1",13.99,12.33,91,4.065,62.38,73.5
"CID43",2021-06-01,293.5,105.4,"Estancia Nova","Polo_1",13.99,12.33,91,4.065,62.38,73.5
"CID43",2021-07-01,301.4,93.6,"Estancia Nova","Polo_1",13.99,12.33,91,4.065,62.38,73.5
"CID43",2021-08-01,281.5,100.6,"Estancia Nova","Polo_1",13.99,12.33,91,4.065,62.38,73.5
"CID43",2021-09-01,251.4,99.5,"Estancia Nova","Polo_1",13.99,12.33,91,4.065,62.38,73.5
"CID43",2021-10-01,262.5,99.7,"Estancia Nova","Polo_1",13.99,12.33,91,4.065,62.38,73.5
"CID43",2021-11-01,219.2,93.9,"Estancia Nova","Polo_1",13.99,12.33,91,4.065,62.38,73.5
"CID43",2021-12-01,193.7,104.6,"Estancia Nova","Polo_1",13.99,12.33,91,4.065,62.38,73.5
"CID43",2022-01-01,207.4,104,"Estancia Nova","Polo_1",13.99,12.33,91,4.065,62.38,73.5
"CID43",2022-02-01,228,110.5,"Estancia Nova","Polo_1",13.99,12.33,91,4.065,62.38,73.5
"CID43",2022-03-01,234,105.6,"Estancia Nova","Polo_1",13.99,12.33,91,4.065,62.38,73.5
"CID43",2022-04-01,262.6,105.2,"Estancia Nova","Polo_1",13.99,12.33,91,4.065,62.38,73.5
"CID43",2022-05-01,271.7,104.9,"Estancia Nova","Polo_1",13.99,12.33,91,4.065,62.38,73.5
"CID43",2022-06-01,285.8,98,"Estancia Nova","Polo_1",13.99,12.33,91,4.065,62.38,73.5
"CID43",2022-07-01,281.6,95,"Estancia Nova","Polo_1",13.99,12.33,91,4.065,62.38,73.5
"CID43",2022-08-01,292.4,100.9,"Estancia Nova","Polo_1",13.99,12.33,91,4.065,62.38,73.5
"CID43",2022-09-01,259.2,93.7,"Estancia Nova","Polo_1",13.99,12.33,91,4.065,62.38,73.5
"CID43",2022-10-01,248,99.2,"Estancia Nova","Polo_1",13.99,12.33,91,4.065,62.38,73.5
"CID43",2022-11-01,225.3,107,"Estancia Nova","Polo_1",13.99,12.33,91,4.065,62.38,73.5
"CID43",2022-12-01,217.3,98.7,"Estancia Nova","Polo_1",13.99,12.33,91,4.065,62.38,73.5
"CID43",2023-01-01,209.3,107.7,"Estancia Nova","Polo_1",13.99,12.33,91,4.065,62.38,73.5
"CID43",2023-02-01,218.8,109.7,"Estancia Nova","Polo_1",13.99,12.33,91,4.065,62.38,73.5
"CID43",2023-03-01,241.6,107.6,"Estancia Nova","Polo_1",13.99,12.33,91,4.065,62.38,73.5
"CID43",2023-04-01,251.4,108.3,"Estancia Nova","Polo_1",13.99,12.33,91,4.065,62.38,73.5
"CID43",2023-05-01,283.1,104.2,"Estancia Nova","Polo_1",13.99,12.33,91,4.065,62.38,73.5
"CID43",2023-06-01,287.5,104.9,"Estancia Nova","Polo_1",13.99,12.33,91,4.065,62.38,73.5
"CID43",2023-07-01,299.4,97.7,"Estancia Nova","Polo_1",13.99,12.33,91,4.065,62.38,73.5
"CID43",2023-08-01,297.3,103.3,"Estancia Nova","Polo_1",13.99,12.33,91,4.065,62.38,73.5
"CID43",2023-09-01,279.1,100.6,"Estancia Nova","Polo_1",13.99,12.33,91,4.065,62.38,73.5
"CID43",2023-10-01,269.9,106.3,"Estancia Nova","Polo_1",13.99,12.33,91,4.065,62.38,73.5
"CID43",2023-11-01,232.9,97.8,"Estancia Nova","Polo_1",13.99,12.33,91,4.065,62.38,73.5
"CID43",2023-12-01,220.5,111.5,"Estancia Nova","Polo_1",13.99,12.33,91,4.065,62.38,73.5
"CID43",2024-01-01,221.3,112.5,"Estancia Nova","Polo_1",13.99,12.33,91,4.065,62.38,73.5
"CID43",2024-02-01,217.1,110.5,"Estancia Nova","Polo_1",13.99,12.33,91,4.065,62.38,73.5
"CID43",2024-03-01,244.6,108,"Estancia Nova","Polo_1",13.99,12.33,91,4.065,62.38,73.5
"CID43",2024-04-01,263.5,104.5,"Estancia Nova","Polo_1",13.99,12.33,91,4.065,62.38,73.5
"CID43",2024-05-01,299.1,103.1,"Estancia Nova","Polo_1",13.99,12.33,91,4.065,62.38,73.5
"CID43",2024-06-01,311.2,103.2,"Estancia Nova","Polo_1",13.99,12.33,91,4.065,62.38,73.5
"CID43",2024-07-01,313,100.8,"Estancia Nova","Polo_1",13.99,12.33,91,4.065,62.38,73.5
"CID43",2024-08-01,303.9,102.6,"Estancia Nova","Polo_1",13.99,12.33,91,4.065,62.38,73.5
"CID43",2024-09-01,267.5,100.4,"Estancia Nova","Polo_1",13.99,12.33,91,4.065,62.38,73.5
"CID43",2024-10-01,267.5,101.3,"Estancia Nova","Polo_1",13.99,12.33,91,4.065,62.38,73.5
"CID43",2024-11-01,234.8,104.7,"Estancia Nova","Polo_1",13.99,12.33,91,4.065,62.38,73.5
"CID43",2024-12-01,216.1,102.9,"Estancia Nova","Polo_1",13.99,12.33,91,4.065,62.38,73.5
"CID43",2025-01-01,197.3,110.2,"Estancia Nova","Polo_1",13.99,12.33,91,4.065,62.38,73.5
"CID43",2025-02-01,230.5,113.6,"Estancia Nova","Polo_1",13.99,12.33,91,4.065,62.38,73.5
"CID43",2025-03-01,236.7,110.4,"Estancia Nova","Polo_1",13.99,12.33,91,4.065,62.38,73.5
"CID43",2025-04-01,270.3,109.6,"Estancia Nova","Polo_1",13.99,12.33,91,4.065,62.38,73.5
"CID43",2025-05-01,309.4,106.1,"Estancia Nova","Polo_1",13.99,12.33,91,4.065,62.38,73.5
"CID43",2025-06-01,315.7,107.2,"Estancia Nova","Polo_1",13.99,12.33,91,4.065,62.38,73.5
"CID43",2025-07-01,315.9,104.3,"Estancia Nova","Polo_1",13.99,12.33,91,4.065,62.38,73.5
"CID43",2025-08-01,296.4,99.9,"Estancia Nova","Polo_1",13.99,12.33,91,4.065,62.38,73.5
"CID43",2025-09-01,268.9,104,"Estancia Nova","Polo_1",13.99,12.33,91,4.065,62.38,73.5
"CID43",2025-10-01,271.9,104.4,"Estancia Nova","Polo_1",13.99,12.33,91,4.065,62.38,73.5
"CID43",2025-11-01,252.7,105.8,"Estancia Nova","Polo_1",13.99,12.33,91,4.065,62.38,73.5
"CID43",2025-12-01,227.2,107.7,"Estancia Nova","Polo_1",13.99,12.33,91,4.065,62.38,73.5
"CID44",2019-01-01,133.7,104.1,"Lago Azul","Polo_4",74.8,82.58,31,4.569,60.61,107.19
"CID44",2019-02-01,149.6,108.5,"Lago Azul","Polo_4",74.8,82.58,31,4.569,60.61,107.19
"CID44",2019-03-01,157.5,105.2,"Lago Azul","Polo_4",74.8,82.58,31,4.569,60.61,107.19
"CID44",2019-04-01,170.9,101.7,"Lago Azul","Polo_4",74.8,82.58,31,4.569,60.61,107.19
"CID44",2019-05-01,177,100.8,"Lago Azul","Polo_4",74.8,82.58,31,4.569,60.61,107.19
"CID44",2019-06-01,168.1,97.1,"Lago Azul","Polo_4",74.8,82.58,31,4.569,60.61,107.19
"CID44",2019-07-01,147.9,92.4,"Lago Azul","Polo_4",74.8,82.58,31,4.569,60.61,107.19
"CID44",2019-08-01,123.3,98.3,"Lago Azul","Polo_4",74.8,82.58,31,4.569,60.61,107.19
"CID44",2019-09-01,121.6,97.5,"Lago Azul","Polo_4",74.8,82.58,31,4.569,60.61,107.19
"CID44",2019-10-01,103.9,98.1,"Lago Azul","Polo_4",74.8,82.58,31,4.569,60.61,107.19
"CID44",2019-11-01,123,100.7,"Lago Azul","Polo_4",74.8,82.58,31,4.569,60.61,107.19
"CID44",2019-12-01,131.5,101.9,"Lago Azul","Polo_4",74.8,82.58,31,4.569,60.61,107.19
"CID44",2020-01-01,136,103.4,"Lago Azul","Polo_4",74.8,82.58,31,4.569,60.61,107.19
"CID44",2020-02-01,148.4,116,"Lago Azul","Polo_4",74.8,82.58,31,4.569,60.61,107.19
"CID44",2020-03-01,166.5,104.3,"Lago Azul","Polo_4",74.8,82.58,31,4.569,60.61,107.19
"CID44",2020-04-01,165.9,107.7,"Lago Azul","Polo_4",74.8,82.58,31,4.569,60.61,107.19
"CID44",2020-05-01,163.9,109,"Lago Azul","Polo_4",74.8,82.58,31,4.569,60.61,107.19
"CID44",2020-06-01,167.2,98.3,"Lago Azul","Polo_4",74.8,82.58,31,4.569,60.61,107.19
"CID44",2020-07-01,150.1,97.4,"Lago Azul","Polo_4",74.8,82.58,31,4.569,60.61,107.19
"CID44",2020-08-01,142.9,95.5,"Lago Azul","Polo_4",74.8,82.58,31,4.569,60.61,107.19
"CID44",2020-09-01,124.2,99.3,"Lago Azul","Polo_4",74.8,82.58,31,4.569,60.61,107.19
"CID44",2020-10-01,117.2,102,"Lago Azul","Polo_4",74.8,82.58,31,4.569,60.61,107.19
"CID44",2020-11-01,111,101.5,"Lago Azul","Polo_4",74.8,82.58,31,4.569,60.61,107.19
"CID44",2020-12-01,122.9,107.9,"Lago Azul","Polo_4",74.8,82.58,31,4.569,60.61,107.19
"CID44",2021-01-01,129.8,107.5,"Lago Azul","Polo_4",74.8,82.58,31,4.569,60.61,107.19
"CID44",2021-02-01,142.6,107.3,"Lago Azul","Polo_4",74.8,82.58,31,4.569,60.61,107.19
"CID44",2021-03-01,163.7,108.7,"Lago Azul","Polo_4",74.8,82.58,31,4.569,60.61,107.19
"CID44",2021-04-01,160.4,110,"Lago Azul","Polo_4",74.8,82.58,31,4.569,60.61,107.19
"CID44",2021-05-01,168.7,103.9,"Lago Azul","Polo_4",74.8,82.58,31,4.569,60.61,107.19
"CID44",2021-06-01,161.2,102.3,"Lago Azul","Polo_4",74.8,82.58,31,4.569,60.61,107.19
"CID44",2021-07-01,152.7,95.4,"Lago Azul","Polo_4",74.8,82.58,31,4.569,60.61,107.19
"CID44",2021-08-01,135.9,94.7,"Lago Azul","Polo_4",74.8,82.58,31,4.569,60.61,107.19
"CID44",2021-09-01,130.2,97,"Lago Azul","Polo_4",74.8,82.58,31,4.569,60.61,107.19
"CID44",2021-10-01,114.9,98.5,"Lago Azul","Polo_4",74.8,82.58,31,4.569,60.61,107.19
"CID44",2021-11-01,125.7,95.3,"Lago Azul","Polo_4",74.8,82.58,31,4.569,60.61,107.19
"CID44",2021-12-01,133,100.5,"Lago Azul","Polo_4",74.8,82.58,31,4.569,60.61,107.19
"CID44",2022-01-01,140.2,105.5,"Lago Azul","Polo_4",74.8,82.58,31,4.569,60.61,107.19
"CID44",2022-02-01,161.5,109,"Lago Azul","Polo_4",74.8,82.58,31,4.569,60.61,107.19
"CID44",2022-03-01,156.6,107.8,"Lago Azul","Polo_4",74.8,82.58,31,4.569,60.61,107.19
"CID44",2022-04-01,172.7,104.6,"Lago Azul","Polo_4",74.8,82.58,31,4.569,60.61,107.19
"CID44",2022-05-01,172.5,101.8,"Lago Azul","Polo_4",74.8,82.58,31,4.569,60.61,107.19
"CID44",2022-06-01,154.3,97.5,"Lago Azul","Polo_4",74.8,82.58,31,4.569,60.61,107.19
"CID44",2022-07-01,152.3,93.3,"Lago Azul","Polo_4",74.8,82.58,31,4.569,60.61,107.19
"CID44",2022-08-01,135.6,96.5,"Lago Azul","Polo_4",74.8,82.58,31,4.569,60.61,107.19
"CID44",2022-09-01,127.8,99.9,"Lago Azul","Polo_4",74.8,82.58,31,4.569,60.61,107.19
"CID44",2022-10-01,116.5,96.5,"Lago Azul","Polo_4",74.8,82.58,31,4.569,60.61,107.19
"CID44",2022-11-01,118.3,108,"Lago Azul","Polo_4",74.8,82.58,31,4.569,60.61,107.19
"CID44",2022-12-01,130.6,103.2,"Lago Azul","Polo_4",74.8,82.58,31,4.569,60.61,107.19
"CID44",2023-01-01,133.2,106.8,"Lago Azul","Polo_4",74.8,82.58,31,4.569,60.61,107.19
"CID44",2023-02-01,148.4,112.9,"Lago Azul","Polo_4",74.8,82.58,31,4.569,60.61,107.19
"CID44",2023-03-01,163.4,112.8,"Lago Azul","Polo_4",74.8,82.58,31,4.569,60.61,107.19
"CID44",2023-04-01,176,106.5,"Lago Azul","Polo_4",74.8,82.58,31,4.569,60.61,107.19
"CID44",2023-05-01,174.9,103.9,"Lago Azul","Polo_4",74.8,82.58,31,4.569,60.61,107.19
"CID44",2023-06-01,165.5,104.3,"Lago Azul","Polo_4",74.8,82.58,31,4.569,60.61,107.19
"CID44",2023-07-01,150.2,98.3,"Lago Azul","Polo_4",74.8,82.58,31,4.569,60.61,107.19
"CID44",2023-08-01,136.4,103,"Lago Azul","Polo_4",74.8,82.58,31,4.569,60.61,107.19
"CID44",2023-09-01,122,102,"Lago Azul","Polo_4",74.8,82.58,31,4.569,60.61,107.19
"CID44",2023-10-01,115.3,107.7,"Lago Azul","Polo_4",74.8,82.58,31,4.569,60.61,107.19
"CID44",2023-11-01,119.4,100.5,"Lago Azul","Polo_4",74.8,82.58,31,4.569,60.61,107.19
"CID44",2023-12-01,132.7,113.2,"Lago Azul","Polo_4",74.8,82.58,31,4.569,60.61,107.19
"CID44",2024-01-01,142.4,115,"Lago Azul","Polo_4",74.8,82.58,31,4.569,60.61,107.19
"CID44",2024-02-01,156,114.1,"Lago Azul","Polo_4",74.8,82.58,31,4.569,60.61,107.19
"CID44",2024-03-01,164.8,110.6,"Lago Azul","Polo_4",74.8,82.58,31,4.569,60.61,107.19
"CID44",2024-04-01,174.6,101.2,"Lago Azul","Polo_4",74.8,82.58,31,4.569,60.61,107.19
"CID44",2024-05-01,171.4,105.2,"Lago Azul","Polo_4",74.8,82.58,31,4.569,60.61,107.19
"CID44",2024-06-01,165.4,99.2,"Lago Azul","Polo_4",74.8,82.58,31,4.569,60.61,107.19
"CID44",2024-07-01,153.8,99,"Lago Azul","Polo_4",74.8,82.58,31,4.569,60.61,107.19
"CID44",2024-08-01,139.1,101.4,"Lago Azul","Polo_4",74.8,82.58,31,4.569,60.61,107.19
"CID44",2024-09-01,132.5,100.7,"Lago Azul","Polo_4",74.8,82.58,31,4.569,60.61,107.19
"CID44",2024-10-01,124.2,99.8,"Lago Azul","Polo_4",74.8,82.58,31,4.569,60.61,107.19
"CID44",2024-11-01,118.1,100.7,"Lago Azul","Polo_4",74.8,82.58,31,4.569,60.61,107.19
"CID44",2024-12-01,124.7,104.5,"Lago Azul","Polo_4",74.8,82.58,31,4.569,60.61,107.19
"CID44",2025-01-01,143,108.2,"Lago Azul","Polo_4",74.8,82.58,31,4.569,60.61,107.19
"CID44",2025-02-01,145.7,114.1,"Lago Azul","Polo_4",74.8,82.58,31,4.569,60.61,107.19
"CID44",2025-03-01,170.5,109.4,"Lago Azul","Polo_4",74.8,82.58,31,4.569,60.61,107.19
"CID44",2025-04-01,177.3,111.9,"Lago Azul","Polo_4",74.8,82.58,31,4.569,60.61,107.19
"CID44",2025-05-01,175.3,104.5,"Lago Azul","Polo_4",74.8,82.58,31,4.569,60.61,107.19
"CID44",2025-06-01,171.2,103.2,"Lago Azul","Polo_4",74.8,82.58,31,4.569,60.61,107.19
"CID44",2025-07-01,140.3,105.4,"Lago Azul","Polo_4",74.8,82.58,31,4.569,60.61,107.19
"CID44",2025-08-01,136.3,97.6,"Lago Azul","Polo_4",74.8,82.58,31,4.569,60.61,107.19
"CID44",2025-09-01,130.3,103.7,"Lago Azul","Polo_4",74.8,82.58,31,4.569,60.61,107.19
"CID44",2025-10-01,115.9,103.8,"Lago Azul","Polo_4",74.8,82.58,31,4.569,60.61,107.19
"CID44",2025-11-01,136.9,105.5,"Lago Azul","Polo_4",74.8,82.58,31,4.569,60.61,107.19
"CID44",2025-12-01,127.7,108.3,"Lago Azul","Polo_4",74.8,82.58,31,4.569,60.61,107.19
"CID45",2019-01-01,171.4,103.9,"Serra Negra Fic","Polo_1",23.4,14.46,25,3.982,64.29,111.71
"CID45",2019-02-01,196.3,105.7,"Serra Negra Fic","Polo_1",23.4,14.46,25,3.982,64.29,111.71
"CID45",2019-03-01,222.6,105.3,"Serra Negra Fic","Polo_1",23.4,14.46,25,3.982,64.29,111.71
"CID45",2019-04-01,213.3,104.2,"Serra Negra Fic","Polo_1",23.4,14.46,25,3.982,64.29,111.71
"CID45",2019-05-01,215.1,99.5,"Serra Negra Fic","Polo_1",23.4,14.46,25,3.982,64.29,111.71
"CID45",2019-06-01,211.9,94.4,"Serra Negra Fic","Polo_1",23.4,14.46,25,3.982,64.29,111.71
"CID45",2019-07-01,196.8,94.2,"Serra Negra Fic","Polo_1",23.4,14.46,25,3.982,64.29,111.71
"CID45",2019-08-01,184,96.3,"Serra Negra Fic","Polo_1",23.4,14.46,25,3.982,64.29,111.71
"CID45",2019-09-01,144.4,94,"Serra Negra Fic","Polo_1",23.4,14.46,25,3.982,64.29,111.71
"CID45",2019-10-01,158.7,96.5,"Serra Negra Fic","Polo_1",23.4,14.46,25,3.982,64.29,111.71
"CID45",2019-11-01,157.2,101.1,"Serra Negra Fic","Polo_1",23.4,14.46,25,3.982,64.29,111.71
"CID45",2019-12-01,182.3,100.4,"Serra Negra Fic","Polo_1",23.4,14.46,25,3.982,64.29,111.71
"CID45",2020-01-01,188.4,103.9,"Serra Negra Fic","Polo_1",23.4,14.46,25,3.982,64.29,111.71
"CID45",2020-02-01,201.9,112.1,"Serra Negra Fic","Polo_1",23.4,14.46,25,3.982,64.29,111.71
"CID45",2020-03-01,233.9,103.7,"Serra Negra Fic","Polo_1",23.4,14.46,25,3.982,64.29,111.71
"CID45",2020-04-01,239.2,105.1,"Serra Negra Fic","Polo_1",23.4,14.46,25,3.982,64.29,111.71
"CID45",2020-05-01,226.9,105.8,"Serra Negra Fic","Polo_1",23.4,14.46,25,3.982,64.29,111.71
"CID45",2020-06-01,221.2,99.4,"Serra Negra Fic","Polo_1",23.4,14.46,25,3.982,64.29,111.71
"CID45",2020-07-01,193,104.4,"Serra Negra Fic","Polo_1",23.4,14.46,25,3.982,64.29,111.71
"CID45",2020-08-01,199.9,97.8,"Serra Negra Fic","Polo_1",23.4,14.46,25,3.982,64.29,111.71
"CID45",2020-09-01,179.5,99.9,"Serra Negra Fic","Polo_1",23.4,14.46,25,3.982,64.29,111.71
"CID45",2020-10-01,167,100.2,"Serra Negra Fic","Polo_1",23.4,14.46,25,3.982,64.29,111.71
"CID45",2020-11-01,175.8,101.8,"Serra Negra Fic","Polo_1",23.4,14.46,25,3.982,64.29,111.71
"CID45",2020-12-01,181.8,106.2,"Serra Negra Fic","Polo_1",23.4,14.46,25,3.982,64.29,111.71
"CID45",2021-01-01,192.5,105.8,"Serra Negra Fic","Polo_1",23.4,14.46,25,3.982,64.29,111.71
"CID45",2021-02-01,208.1,105,"Serra Negra Fic","Polo_1",23.4,14.46,25,3.982,64.29,111.71
"CID45",2021-03-01,216.7,106,"Serra Negra Fic","Polo_1",23.4,14.46,25,3.982,64.29,111.71
"CID45",2021-04-01,235.8,110.2,"Serra Negra Fic","Polo_1",23.4,14.46,25,3.982,64.29,111.71
"CID45",2021-05-01,234.2,104.1,"Serra Negra Fic","Polo_1",23.4,14.46,25,3.982,64.29,111.71
"CID45",2021-06-01,229.5,104.4,"Serra Negra Fic","Polo_1",23.4,14.46,25,3.982,64.29,111.71
"CID45",2021-07-01,221.9,95,"Serra Negra Fic","Polo_1",23.4,14.46,25,3.982,64.29,111.71
"CID45",2021-08-01,188.8,98.4,"Serra Negra Fic","Polo_1",23.4,14.46,25,3.982,64.29,111.71
"CID45",2021-09-01,162.1,100.8,"Serra Negra Fic","Polo_1",23.4,14.46,25,3.982,64.29,111.71
"CID45",2021-10-01,180.7,100.2,"Serra Negra Fic","Polo_1",23.4,14.46,25,3.982,64.29,111.71
"CID45",2021-11-01,165.9,93.1,"Serra Negra Fic","Polo_1",23.4,14.46,25,3.982,64.29,111.71
"CID45",2021-12-01,176.9,101.9,"Serra Negra Fic","Polo_1",23.4,14.46,25,3.982,64.29,111.71
"CID45",2022-01-01,204.8,104.8,"Serra Negra Fic","Polo_1",23.4,14.46,25,3.982,64.29,111.71
"CID45",2022-02-01,216.8,108,"Serra Negra Fic","Polo_1",23.4,14.46,25,3.982,64.29,111.71
"CID45",2022-03-01,235,106.6,"Serra Negra Fic","Polo_1",23.4,14.46,25,3.982,64.29,111.71
"CID45",2022-04-01,243.1,106.7,"Serra Negra Fic","Polo_1",23.4,14.46,25,3.982,64.29,111.71
"CID45",2022-05-01,238,102.3,"Serra Negra Fic","Polo_1",23.4,14.46,25,3.982,64.29,111.71
"CID45",2022-06-01,232.8,95.1,"Serra Negra Fic","Polo_1",23.4,14.46,25,3.982,64.29,111.71
"CID45",2022-07-01,205.5,96.3,"Serra Negra Fic","Polo_1",23.4,14.46,25,3.982,64.29,111.71
"CID45",2022-08-01,198.7,97.6,"Serra Negra Fic","Polo_1",23.4,14.46,25,3.982,64.29,111.71
"CID45",2022-09-01,188.8,100,"Serra Negra Fic","Polo_1",23.4,14.46,25,3.982,64.29,111.71
"CID45",2022-10-01,169.8,100.1,"Serra Negra Fic","Polo_1",23.4,14.46,25,3.982,64.29,111.71
"CID45",2022-11-01,176.8,108.1,"Serra Negra Fic","Polo_1",23.4,14.46,25,3.982,64.29,111.71
"CID45",2022-12-01,165.7,102.9,"Serra Negra Fic","Polo_1",23.4,14.46,25,3.982,64.29,111.71
"CID45",2023-01-01,192,105.8,"Serra Negra Fic","Polo_1",23.4,14.46,25,3.982,64.29,111.71
"CID45",2023-02-01,223.1,106.7,"Serra Negra Fic","Polo_1",23.4,14.46,25,3.982,64.29,111.71
"CID45",2023-03-01,238.8,110.4,"Serra Negra Fic","Polo_1",23.4,14.46,25,3.982,64.29,111.71
"CID45",2023-04-01,244.9,109.9,"Serra Negra Fic","Polo_1",23.4,14.46,25,3.982,64.29,111.71
"CID45",2023-05-01,238.9,105.6,"Serra Negra Fic","Polo_1",23.4,14.46,25,3.982,64.29,111.71
"CID45",2023-06-01,242,104,"Serra Negra Fic","Polo_1",23.4,14.46,25,3.982,64.29,111.71
"CID45",2023-07-01,231.5,103.1,"Serra Negra Fic","Polo_1",23.4,14.46,25,3.982,64.29,111.71
"CID45",2023-08-01,203.2,104.1,"Serra Negra Fic","Polo_1",23.4,14.46,25,3.982,64.29,111.71
"CID45",2023-09-01,179,100.9,"Serra Negra Fic","Polo_1",23.4,14.46,25,3.982,64.29,111.71
"CID45",2023-10-01,172.4,108.8,"Serra Negra Fic","Polo_1",23.4,14.46,25,3.982,64.29,111.71
"CID45",2023-11-01,181.7,99.9,"Serra Negra Fic","Polo_1",23.4,14.46,25,3.982,64.29,111.71
"CID45",2023-12-01,183.7,111.2,"Serra Negra Fic","Polo_1",23.4,14.46,25,3.982,64.29,111.71
"CID45",2024-01-01,207,112.7,"Serra Negra Fic","Polo_1",23.4,14.46,25,3.982,64.29,111.71
"CID45",2024-02-01,227.1,113.9,"Serra Negra Fic","Polo_1",23.4,14.46,25,3.982,64.29,111.71
"CID45",2024-03-01,220.7,107.6,"Serra Negra Fic","Polo_1",23.4,14.46,25,3.982,64.29,111.71
"CID45",2024-04-01,247,102.2,"Serra Negra Fic","Polo_1",23.4,14.46,25,3.982,64.29,111.71
"CID45",2024-05-01,251.4,103.7,"Serra Negra Fic","Polo_1",23.4,14.46,25,3.982,64.29,111.71
"CID45",2024-06-01,239.6,100.7,"Serra Negra Fic","Polo_1",23.4,14.46,25,3.982,64.29,111.71
"CID45",2024-07-01,224.8,96.4,"Serra Negra Fic","Polo_1",23.4,14.46,25,3.982,64.29,111.71
"CID45",2024-08-01,196,102.4,"Serra Negra Fic","Polo_1",23.4,14.46,25,3.982,64.29,111.71
"CID45",2024-09-01,184.6,100.9,"Serra Negra Fic","Polo_1",23.4,14.46,25,3.982,64.29,111.71
"CID45",2024-10-01,178.4,103.5,"Serra Negra Fic","Polo_1",23.4,14.46,25,3.982,64.29,111.71
"CID45",2024-11-01,173.4,103.7,"Serra Negra Fic","Polo_1",23.4,14.46,25,3.982,64.29,111.71
"CID45",2024-12-01,196.5,104.5,"Serra Negra Fic","Polo_1",23.4,14.46,25,3.982,64.29,111.71
"CID45",2025-01-01,213.7,109.8,"Serra Negra Fic","Polo_1",23.4,14.46,25,3.982,64.29,111.71
"CID45",2025-02-01,222.2,113.7,"Serra Negra Fic","Polo_1",23.4,14.46,25,3.982,64.29,111.71
"CID45",2025-03-01,264.9,107.6,"Serra Negra Fic","Polo_1",23.4,14.46,25,3.982,64.29,111.71
"CID45",2025-04-01,263.2,111.2,"Serra Negra Fic","Polo_1",23.4,14.46,25,3.982,64.29,111.71
"CID45",2025-05-01,255,106,"Serra Negra Fic","Polo_1",23.4,14.46,25,3.982,64.29,111.71
"CID45",2025-06-01,245.8,103.4,"Serra Negra Fic","Polo_1",23.4,14.46,25,3.982,64.29,111.71
"CID45",2025-07-01,230,102.9,"Serra Negra Fic","Polo_1",23.4,14.46,25,3.982,64.29,111.71
"CID45",2025-08-01,216.4,99.3,"Serra Negra Fic","Polo_1",23.4,14.46,25,3.982,64.29,111.71
"CID45",2025-09-01,190.9,103.4,"Serra Negra Fic","Polo_1",23.4,14.46,25,3.982,64.29,111.71
"CID45",2025-10-01,183.2,98.4,"Serra Negra Fic","Polo_1",23.4,14.46,25,3.982,64.29,111.71
"CID45",2025-11-01,176,106.7,"Serra Negra Fic","Polo_1",23.4,14.46,25,3.982,64.29,111.71
"CID45",2025-12-01,189.7,108.8,"Serra Negra Fic","Polo_1",23.4,14.46,25,3.982,64.29,111.71
"CID46",2019-01-01,223.5,101.3,"Vista Bonita","Polo_5",26.12,55.51,71,3.668,56.39,90.31
"CID46",2019-02-01,234.7,107.4,"Vista Bonita","Polo_5",26.12,55.51,71,3.668,56.39,90.31
"CID46",2019-03-01,262.1,104.2,"Vista Bonita","Polo_5",26.12,55.51,71,3.668,56.39,90.31
"CID46",2019-04-01,261.7,102.2,"Vista Bonita","Polo_5",26.12,55.51,71,3.668,56.39,90.31
"CID46",2019-05-01,303.9,98.1,"Vista Bonita","Polo_5",26.12,55.51,71,3.668,56.39,90.31
"CID46",2019-06-01,272.7,95.2,"Vista Bonita","Polo_5",26.12,55.51,71,3.668,56.39,90.31
"CID46",2019-07-01,266.6,92,"Vista Bonita","Polo_5",26.12,55.51,71,3.668,56.39,90.31
"CID46",2019-08-01,225.8,96.7,"Vista Bonita","Polo_5",26.12,55.51,71,3.668,56.39,90.31
"CID46",2019-09-01,199,95.6,"Vista Bonita","Polo_5",26.12,55.51,71,3.668,56.39,90.31
"CID46",2019-10-01,219.7,96.6,"Vista Bonita","Polo_5",26.12,55.51,71,3.668,56.39,90.31
"CID46",2019-11-01,191.5,98.3,"Vista Bonita","Polo_5",26.12,55.51,71,3.668,56.39,90.31
"CID46",2019-12-01,198.3,99.9,"Vista Bonita","Polo_5",26.12,55.51,71,3.668,56.39,90.31
"CID46",2020-01-01,226.2,105.2,"Vista Bonita","Polo_5",26.12,55.51,71,3.668,56.39,90.31
"CID46",2020-02-01,228.2,114,"Vista Bonita","Polo_5",26.12,55.51,71,3.668,56.39,90.31
"CID46",2020-03-01,275.5,107,"Vista Bonita","Polo_5",26.12,55.51,71,3.668,56.39,90.31
"CID46",2020-04-01,277.5,106.8,"Vista Bonita","Polo_5",26.12,55.51,71,3.668,56.39,90.31
"CID46",2020-05-01,276.9,105.8,"Vista Bonita","Polo_5",26.12,55.51,71,3.668,56.39,90.31
"CID46",2020-06-01,295.5,100.2,"Vista Bonita","Polo_5",26.12,55.51,71,3.668,56.39,90.31
"CID46",2020-07-01,252.5,100.8,"Vista Bonita","Polo_5",26.12,55.51,71,3.668,56.39,90.31
"CID46",2020-08-01,239.8,99,"Vista Bonita","Polo_5",26.12,55.51,71,3.668,56.39,90.31
"CID46",2020-09-01,240.9,96.2,"Vista Bonita","Polo_5",26.12,55.51,71,3.668,56.39,90.31
"CID46",2020-10-01,195.6,98.3,"Vista Bonita","Polo_5",26.12,55.51,71,3.668,56.39,90.31
"CID46",2020-11-01,181,101.1,"Vista Bonita","Polo_5",26.12,55.51,71,3.668,56.39,90.31
"CID46",2020-12-01,209.5,106.3,"Vista Bonita","Polo_5",26.12,55.51,71,3.668,56.39,90.31
"CID46",2021-01-01,215.1,104.8,"Vista Bonita","Polo_5",26.12,55.51,71,3.668,56.39,90.31
"CID46",2021-02-01,256.9,109.1,"Vista Bonita","Polo_5",26.12,55.51,71,3.668,56.39,90.31
"CID46",2021-03-01,265,108,"Vista Bonita","Polo_5",26.12,55.51,71,3.668,56.39,90.31
"CID46",2021-04-01,278.7,111.5,"Vista Bonita","Polo_5",26.12,55.51,71,3.668,56.39,90.31
"CID46",2021-05-01,295.9,104.9,"Vista Bonita","Polo_5",26.12,55.51,71,3.668,56.39,90.31
"CID46",2021-06-01,300.6,106.6,"Vista Bonita","Polo_5",26.12,55.51,71,3.668,56.39,90.31
"CID46",2021-07-01,273.7,92.9,"Vista Bonita","Polo_5",26.12,55.51,71,3.668,56.39,90.31
"CID46",2021-08-01,267.8,100.5,"Vista Bonita","Polo_5",26.12,55.51,71,3.668,56.39,90.31
"CID46",2021-09-01,240.8,96.9,"Vista Bonita","Polo_5",26.12,55.51,71,3.668,56.39,90.31
"CID46",2021-10-01,201.1,99.4,"Vista Bonita","Polo_5",26.12,55.51,71,3.668,56.39,90.31
"CID46",2021-11-01,195.7,93,"Vista Bonita","Polo_5",26.12,55.51,71,3.668,56.39,90.31
"CID46",2021-12-01,196.4,104,"Vista Bonita","Polo_5",26.12,55.51,71,3.668,56.39,90.31
"CID46",2022-01-01,227.4,106.6,"Vista Bonita","Polo_5",26.12,55.51,71,3.668,56.39,90.31
"CID46",2022-02-01,263.9,109,"Vista Bonita","Polo_5",26.12,55.51,71,3.668,56.39,90.31
"CID46",2022-03-01,252.8,111.2,"Vista Bonita","Polo_5",26.12,55.51,71,3.668,56.39,90.31
"CID46",2022-04-01,295.8,105.8,"Vista Bonita","Polo_5",26.12,55.51,71,3.668,56.39,90.31
"CID46",2022-05-01,308,102,"Vista Bonita","Polo_5",26.12,55.51,71,3.668,56.39,90.31
"CID46",2022-06-01,291.4,97.9,"Vista Bonita","Polo_5",26.12,55.51,71,3.668,56.39,90.31
"CID46",2022-07-01,295.9,95.5,"Vista Bonita","Polo_5",26.12,55.51,71,3.668,56.39,90.31
"CID46",2022-08-01,268.8,98.9,"Vista Bonita","Polo_5",26.12,55.51,71,3.668,56.39,90.31
"CID46",2022-09-01,242.6,97.3,"Vista Bonita","Polo_5",26.12,55.51,71,3.668,56.39,90.31
"CID46",2022-10-01,231.4,97,"Vista Bonita","Polo_5",26.12,55.51,71,3.668,56.39,90.31
"CID46",2022-11-01,220.6,107.7,"Vista Bonita","Polo_5",26.12,55.51,71,3.668,56.39,90.31
"CID46",2022-12-01,211.3,101.7,"Vista Bonita","Polo_5",26.12,55.51,71,3.668,56.39,90.31
"CID46",2023-01-01,241.6,106,"Vista Bonita","Polo_5",26.12,55.51,71,3.668,56.39,90.31
"CID46",2023-02-01,264.8,113.5,"Vista Bonita","Polo_5",26.12,55.51,71,3.668,56.39,90.31
"CID46",2023-03-01,294.1,110.1,"Vista Bonita","Polo_5",26.12,55.51,71,3.668,56.39,90.31
"CID46",2023-04-01,297.9,109.1,"Vista Bonita","Polo_5",26.12,55.51,71,3.668,56.39,90.31
"CID46",2023-05-01,307,105.4,"Vista Bonita","Polo_5",26.12,55.51,71,3.668,56.39,90.31
"CID46",2023-06-01,314.8,104.3,"Vista Bonita","Polo_5",26.12,55.51,71,3.668,56.39,90.31
"CID46",2023-07-01,274.8,101.8,"Vista Bonita","Polo_5",26.12,55.51,71,3.668,56.39,90.31
"CID46",2023-08-01,265.9,100.3,"Vista Bonita","Polo_5",26.12,55.51,71,3.668,56.39,90.31
"CID46",2023-09-01,242.7,99.3,"Vista Bonita","Polo_5",26.12,55.51,71,3.668,56.39,90.31
"CID46",2023-10-01,225.7,110.3,"Vista Bonita","Polo_5",26.12,55.51,71,3.668,56.39,90.31
"CID46",2023-11-01,201.7,98.9,"Vista Bonita","Polo_5",26.12,55.51,71,3.668,56.39,90.31
"CID46",2023-12-01,202,110.1,"Vista Bonita","Polo_5",26.12,55.51,71,3.668,56.39,90.31
"CID46",2024-01-01,226,112.7,"Vista Bonita","Polo_5",26.12,55.51,71,3.668,56.39,90.31
"CID46",2024-02-01,261.8,110.7,"Vista Bonita","Polo_5",26.12,55.51,71,3.668,56.39,90.31
"CID46",2024-03-01,281.8,106.1,"Vista Bonita","Polo_5",26.12,55.51,71,3.668,56.39,90.31
"CID46",2024-04-01,308.9,103.4,"Vista Bonita","Polo_5",26.12,55.51,71,3.668,56.39,90.31
"CID46",2024-05-01,310,102.7,"Vista Bonita","Polo_5",26.12,55.51,71,3.668,56.39,90.31
"CID46",2024-06-01,310.2,102.4,"Vista Bonita","Polo_5",26.12,55.51,71,3.668,56.39,90.31
"CID46",2024-07-01,284.7,99.6,"Vista Bonita","Polo_5",26.12,55.51,71,3.668,56.39,90.31
"CID46",2024-08-01,282.9,100.2,"Vista Bonita","Polo_5",26.12,55.51,71,3.668,56.39,90.31
"CID46",2024-09-01,244.5,101.6,"Vista Bonita","Polo_5",26.12,55.51,71,3.668,56.39,90.31
"CID46",2024-10-01,219.9,100,"Vista Bonita","Polo_5",26.12,55.51,71,3.668,56.39,90.31
"CID46",2024-11-01,238.7,104.1,"Vista Bonita","Polo_5",26.12,55.51,71,3.668,56.39,90.31
"CID46",2024-12-01,225.3,101.6,"Vista Bonita","Polo_5",26.12,55.51,71,3.668,56.39,90.31
"CID46",2025-01-01,240.4,110.6,"Vista Bonita","Polo_5",26.12,55.51,71,3.668,56.39,90.31
"CID46",2025-02-01,271.2,113.6,"Vista Bonita","Polo_5",26.12,55.51,71,3.668,56.39,90.31
"CID46",2025-03-01,315,107.8,"Vista Bonita","Polo_5",26.12,55.51,71,3.668,56.39,90.31
"CID46",2025-04-01,283.4,110.6,"Vista Bonita","Polo_5",26.12,55.51,71,3.668,56.39,90.31
"CID46",2025-05-01,307.7,105.1,"Vista Bonita","Polo_5",26.12,55.51,71,3.668,56.39,90.31
"CID46",2025-06-01,315,106.3,"Vista Bonita","Polo_5",26.12,55.51,71,3.668,56.39,90.31
"CID46",2025-07-01,316.7,104.5,"Vista Bonita","Polo_5",26.12,55.51,71,3.668,56.39,90.31
"CID46",2025-08-01,276.7,97.9,"Vista Bonita","Polo_5",26.12,55.51,71,3.668,56.39,90.31
"CID46",2025-09-01,260.9,101.4,"Vista Bonita","Polo_5",26.12,55.51,71,3.668,56.39,90.31
"CID46",2025-10-01,238.4,103,"Vista Bonita","Polo_5",26.12,55.51,71,3.668,56.39,90.31
"CID46",2025-11-01,242.5,105.3,"Vista Bonita","Polo_5",26.12,55.51,71,3.668,56.39,90.31
"CID46",2025-12-01,231.6,105,"Vista Bonita","Polo_5",26.12,55.51,71,3.668,56.39,90.31
"CID47",2019-01-01,203.1,105.8,"Barra Nova","Polo_4",97.57,85.49,52,4.383,66.04,95.43
"CID47",2019-02-01,229.7,105.4,"Barra Nova","Polo_4",97.57,85.49,52,4.383,66.04,95.43
"CID47",2019-03-01,247.1,106.4,"Barra Nova","Polo_4",97.57,85.49,52,4.383,66.04,95.43
"CID47",2019-04-01,266.7,104,"Barra Nova","Polo_4",97.57,85.49,52,4.383,66.04,95.43
"CID47",2019-05-01,252.1,97.5,"Barra Nova","Polo_4",97.57,85.49,52,4.383,66.04,95.43
"CID47",2019-06-01,246,97.7,"Barra Nova","Polo_4",97.57,85.49,52,4.383,66.04,95.43
"CID47",2019-07-01,232.8,89.6,"Barra Nova","Polo_4",97.57,85.49,52,4.383,66.04,95.43
"CID47",2019-08-01,243.1,96.3,"Barra Nova","Polo_4",97.57,85.49,52,4.383,66.04,95.43
"CID47",2019-09-01,199.5,96.2,"Barra Nova","Polo_4",97.57,85.49,52,4.383,66.04,95.43
"CID47",2019-10-01,190.9,95.6,"Barra Nova","Polo_4",97.57,85.49,52,4.383,66.04,95.43
"CID47",2019-11-01,182.1,95.5,"Barra Nova","Polo_4",97.57,85.49,52,4.383,66.04,95.43
"CID47",2019-12-01,177.9,98.3,"Barra Nova","Polo_4",97.57,85.49,52,4.383,66.04,95.43
"CID47",2020-01-01,195.1,103.8,"Barra Nova","Polo_4",97.57,85.49,52,4.383,66.04,95.43
"CID47",2020-02-01,225.4,111.5,"Barra Nova","Polo_4",97.57,85.49,52,4.383,66.04,95.43
"CID47",2020-03-01,260.1,103,"Barra Nova","Polo_4",97.57,85.49,52,4.383,66.04,95.43
"CID47",2020-04-01,273,106.1,"Barra Nova","Polo_4",97.57,85.49,52,4.383,66.04,95.43
"CID47",2020-05-01,262,105.6,"Barra Nova","Polo_4",97.57,85.49,52,4.383,66.04,95.43
"CID47",2020-06-01,275.9,98.8,"Barra Nova","Polo_4",97.57,85.49,52,4.383,66.04,95.43
"CID47",2020-07-01,246.6,102.4,"Barra Nova","Polo_4",97.57,85.49,52,4.383,66.04,95.43
"CID47",2020-08-01,236.7,95.6,"Barra Nova","Polo_4",97.57,85.49,52,4.383,66.04,95.43
"CID47",2020-09-01,208.2,98,"Barra Nova","Polo_4",97.57,85.49,52,4.383,66.04,95.43
"CID47",2020-10-01,195.8,97.5,"Barra Nova","Polo_4",97.57,85.49,52,4.383,66.04,95.43
"CID47",2020-11-01,206.3,102.5,"Barra Nova","Polo_4",97.57,85.49,52,4.383,66.04,95.43
"CID47",2020-12-01,201.8,106.6,"Barra Nova","Polo_4",97.57,85.49,52,4.383,66.04,95.43
"CID47",2021-01-01,205.3,105.4,"Barra Nova","Polo_4",97.57,85.49,52,4.383,66.04,95.43
"CID47",2021-02-01,241.3,106.5,"Barra Nova","Polo_4",97.57,85.49,52,4.383,66.04,95.43
"CID47",2021-03-01,258.9,109.9,"Barra Nova","Polo_4",97.57,85.49,52,4.383,66.04,95.43
"CID47",2021-04-01,250.7,112,"Barra Nova","Polo_4",97.57,85.49,52,4.383,66.04,95.43
"CID47",2021-05-01,276,101.9,"Barra Nova","Polo_4",97.57,85.49,52,4.383,66.04,95.43
"CID47",2021-06-01,269.4,104.8,"Barra Nova","Polo_4",97.57,85.49,52,4.383,66.04,95.43
"CID47",2021-07-01,251.8,96.1,"Barra Nova","Polo_4",97.57,85.49,52,4.383,66.04,95.43
"CID47",2021-08-01,247.9,98.1,"Barra Nova","Polo_4",97.57,85.49,52,4.383,66.04,95.43
"CID47",2021-09-01,210.1,100.7,"Barra Nova","Polo_4",97.57,85.49,52,4.383,66.04,95.43
"CID47",2021-10-01,203,101.4,"Barra Nova","Polo_4",97.57,85.49,52,4.383,66.04,95.43
"CID47",2021-11-01,206.6,95.9,"Barra Nova","Polo_4",97.57,85.49,52,4.383,66.04,95.43
"CID47",2021-12-01,210.3,104.2,"Barra Nova","Polo_4",97.57,85.49,52,4.383,66.04,95.43
"CID47",2022-01-01,204.8,102.9,"Barra Nova","Polo_4",97.57,85.49,52,4.383,66.04,95.43
"CID47",2022-02-01,236.1,111.5,"Barra Nova","Polo_4",97.57,85.49,52,4.383,66.04,95.43
"CID47",2022-03-01,255.5,106.6,"Barra Nova","Polo_4",97.57,85.49,52,4.383,66.04,95.43
"CID47",2022-04-01,269.5,110.2,"Barra Nova","Polo_4",97.57,85.49,52,4.383,66.04,95.43
"CID47",2022-05-01,279.5,103.7,"Barra Nova","Polo_4",97.57,85.49,52,4.383,66.04,95.43
"CID47",2022-06-01,272.5,96.9,"Barra Nova","Polo_4",97.57,85.49,52,4.383,66.04,95.43
"CID47",2022-07-01,281.8,97,"Barra Nova","Polo_4",97.57,85.49,52,4.383,66.04,95.43
"CID47",2022-08-01,240.7,98.1,"Barra Nova","Polo_4",97.57,85.49,52,4.383,66.04,95.43
"CID47",2022-09-01,211.4,99.5,"Barra Nova","Polo_4",97.57,85.49,52,4.383,66.04,95.43
"CID47",2022-10-01,223,96.9,"Barra Nova","Polo_4",97.57,85.49,52,4.383,66.04,95.43
"CID47",2022-11-01,182.9,107,"Barra Nova","Polo_4",97.57,85.49,52,4.383,66.04,95.43
"CID47",2022-12-01,188.3,100,"Barra Nova","Polo_4",97.57,85.49,52,4.383,66.04,95.43
"CID47",2023-01-01,213.8,109,"Barra Nova","Polo_4",97.57,85.49,52,4.383,66.04,95.43
"CID47",2023-02-01,235.7,112.5,"Barra Nova","Polo_4",97.57,85.49,52,4.383,66.04,95.43
"CID47",2023-03-01,257.7,109.3,"Barra Nova","Polo_4",97.57,85.49,52,4.383,66.04,95.43
"CID47",2023-04-01,281.7,108.3,"Barra Nova","Polo_4",97.57,85.49,52,4.383,66.04,95.43
"CID47",2023-05-01,287.2,106.5,"Barra Nova","Polo_4",97.57,85.49,52,4.383,66.04,95.43
"CID47",2023-06-01,285,105.3,"Barra Nova","Polo_4",97.57,85.49,52,4.383,66.04,95.43
"CID47",2023-07-01,270.9,102.5,"Barra Nova","Polo_4",97.57,85.49,52,4.383,66.04,95.43
"CID47",2023-08-01,240.3,100.9,"Barra Nova","Polo_4",97.57,85.49,52,4.383,66.04,95.43
"CID47",2023-09-01,222.7,98.5,"Barra Nova","Polo_4",97.57,85.49,52,4.383,66.04,95.43
"CID47",2023-10-01,202,105.7,"Barra Nova","Polo_4",97.57,85.49,52,4.383,66.04,95.43
"CID47",2023-11-01,197.3,103.1,"Barra Nova","Polo_4",97.57,85.49,52,4.383,66.04,95.43
"CID47",2023-12-01,195.6,109.7,"Barra Nova","Polo_4",97.57,85.49,52,4.383,66.04,95.43
"CID47",2024-01-01,217.4,111.8,"Barra Nova","Polo_4",97.57,85.49,52,4.383,66.04,95.43
"CID47",2024-02-01,242.1,114.2,"Barra Nova","Polo_4",97.57,85.49,52,4.383,66.04,95.43
"CID47",2024-03-01,257.5,111.1,"Barra Nova","Polo_4",97.57,85.49,52,4.383,66.04,95.43
"CID47",2024-04-01,286.4,104,"Barra Nova","Polo_4",97.57,85.49,52,4.383,66.04,95.43
"CID47",2024-05-01,270.8,107.2,"Barra Nova","Polo_4",97.57,85.49,52,4.383,66.04,95.43
"CID47",2024-06-01,284.3,105.3,"Barra Nova","Polo_4",97.57,85.49,52,4.383,66.04,95.43
"CID47",2024-07-01,261.7,98.2,"Barra Nova","Polo_4",97.57,85.49,52,4.383,66.04,95.43
"CID47",2024-08-01,241.5,101.5,"Barra Nova","Polo_4",97.57,85.49,52,4.383,66.04,95.43
"CID47",2024-09-01,230.1,97.8,"Barra Nova","Polo_4",97.57,85.49,52,4.383,66.04,95.43
"CID47",2024-10-01,186.5,101.8,"Barra Nova","Polo_4",97.57,85.49,52,4.383,66.04,95.43
"CID47",2024-11-01,196.9,102.9,"Barra Nova","Polo_4",97.57,85.49,52,4.383,66.04,95.43
"CID47",2024-12-01,196.4,104.6,"Barra Nova","Polo_4",97.57,85.49,52,4.383,66.04,95.43
"CID47",2025-01-01,231.1,110.4,"Barra Nova","Polo_4",97.57,85.49,52,4.383,66.04,95.43
"CID47",2025-02-01,246.6,115.5,"Barra Nova","Polo_4",97.57,85.49,52,4.383,66.04,95.43
"CID47",2025-03-01,267.8,107.7,"Barra Nova","Polo_4",97.57,85.49,52,4.383,66.04,95.43
"CID47",2025-04-01,284.7,110.5,"Barra Nova","Polo_4",97.57,85.49,52,4.383,66.04,95.43
"CID47",2025-05-01,281,105.5,"Barra Nova","Polo_4",97.57,85.49,52,4.383,66.04,95.43
"CID47",2025-06-01,278.1,106.4,"Barra Nova","Polo_4",97.57,85.49,52,4.383,66.04,95.43
"CID47",2025-07-01,266.2,106.9,"Barra Nova","Polo_4",97.57,85.49,52,4.383,66.04,95.43
"CID47",2025-08-01,245.3,100.1,"Barra Nova","Polo_4",97.57,85.49,52,4.383,66.04,95.43
"CID47",2025-09-01,227.6,103.3,"Barra Nova","Polo_4",97.57,85.49,52,4.383,66.04,95.43
"CID47",2025-10-01,209.5,101.6,"Barra Nova","Polo_4",97.57,85.49,52,4.383,66.04,95.43
"CID47",2025-11-01,207,105.9,"Barra Nova","Polo_4",97.57,85.49,52,4.383,66.04,95.43
"CID47",2025-12-01,215.7,107.5,"Barra Nova","Polo_4",97.57,85.49,52,4.383,66.04,95.43
"CID48",2019-01-01,141.9,103,"Pedra Branca","Polo_5",15.04,50.08,50,3.581,61.7,108.53
"CID48",2019-02-01,154.5,108.9,"Pedra Branca","Polo_5",15.04,50.08,50,3.581,61.7,108.53
"CID48",2019-03-01,163.4,104.5,"Pedra Branca","Polo_5",15.04,50.08,50,3.581,61.7,108.53
"CID48",2019-04-01,173.1,106.6,"Pedra Branca","Polo_5",15.04,50.08,50,3.581,61.7,108.53
"CID48",2019-05-01,169.6,103.4,"Pedra Branca","Polo_5",15.04,50.08,50,3.581,61.7,108.53
"CID48",2019-06-01,162.9,95.4,"Pedra Branca","Polo_5",15.04,50.08,50,3.581,61.7,108.53
"CID48",2019-07-01,156.7,92.4,"Pedra Branca","Polo_5",15.04,50.08,50,3.581,61.7,108.53
"CID48",2019-08-01,152.5,95.7,"Pedra Branca","Polo_5",15.04,50.08,50,3.581,61.7,108.53
"CID48",2019-09-01,129.5,97.6,"Pedra Branca","Polo_5",15.04,50.08,50,3.581,61.7,108.53
"CID48",2019-10-01,123.2,96,"Pedra Branca","Polo_5",15.04,50.08,50,3.581,61.7,108.53
"CID48",2019-11-01,113.9,98.9,"Pedra Branca","Polo_5",15.04,50.08,50,3.581,61.7,108.53
"CID48",2019-12-01,132.8,100.6,"Pedra Branca","Polo_5",15.04,50.08,50,3.581,61.7,108.53
"CID48",2020-01-01,142.8,105.3,"Pedra Branca","Polo_5",15.04,50.08,50,3.581,61.7,108.53
"CID48",2020-02-01,163.4,114,"Pedra Branca","Polo_5",15.04,50.08,50,3.581,61.7,108.53
"CID48",2020-03-01,176.2,104.7,"Pedra Branca","Polo_5",15.04,50.08,50,3.581,61.7,108.53
"CID48",2020-04-01,176,109,"Pedra Branca","Polo_5",15.04,50.08,50,3.581,61.7,108.53
"CID48",2020-05-01,169.3,108,"Pedra Branca","Polo_5",15.04,50.08,50,3.581,61.7,108.53
"CID48",2020-06-01,179.3,99.2,"Pedra Branca","Polo_5",15.04,50.08,50,3.581,61.7,108.53
"CID48",2020-07-01,155.1,102.1,"Pedra Branca","Polo_5",15.04,50.08,50,3.581,61.7,108.53
"CID48",2020-08-01,134,97.3,"Pedra Branca","Polo_5",15.04,50.08,50,3.581,61.7,108.53
"CID48",2020-09-01,125.6,97,"Pedra Branca","Polo_5",15.04,50.08,50,3.581,61.7,108.53
"CID48",2020-10-01,122,100.5,"Pedra Branca","Polo_5",15.04,50.08,50,3.581,61.7,108.53
"CID48",2020-11-01,119.3,102.2,"Pedra Branca","Polo_5",15.04,50.08,50,3.581,61.7,108.53
"CID48",2020-12-01,126.1,104.8,"Pedra Branca","Polo_5",15.04,50.08,50,3.581,61.7,108.53
"CID48",2021-01-01,137.7,105.3,"Pedra Branca","Polo_5",15.04,50.08,50,3.581,61.7,108.53
"CID48",2021-02-01,160.9,107.2,"Pedra Branca","Polo_5",15.04,50.08,50,3.581,61.7,108.53
"CID48",2021-03-01,170.5,109.6,"Pedra Branca","Polo_5",15.04,50.08,50,3.581,61.7,108.53
"CID48",2021-04-01,184.3,107.4,"Pedra Branca","Polo_5",15.04,50.08,50,3.581,61.7,108.53
"CID48",2021-05-01,169.1,102.1,"Pedra Branca","Polo_5",15.04,50.08,50,3.581,61.7,108.53
"CID48",2021-06-01,169.1,104.4,"Pedra Branca","Polo_5",15.04,50.08,50,3.581,61.7,108.53
"CID48",2021-07-01,156.2,95,"Pedra Branca","Polo_5",15.04,50.08,50,3.581,61.7,108.53
"CID48",2021-08-01,141.5,98.8,"Pedra Branca","Polo_5",15.04,50.08,50,3.581,61.7,108.53
"CID48",2021-09-01,130.1,99.1,"Pedra Branca","Polo_5",15.04,50.08,50,3.581,61.7,108.53
"CID48",2021-10-01,130.4,100.3,"Pedra Branca","Polo_5",15.04,50.08,50,3.581,61.7,108.53
"CID48",2021-11-01,125.3,92.8,"Pedra Branca","Polo_5",15.04,50.08,50,3.581,61.7,108.53
"CID48",2021-12-01,140,102.6,"Pedra Branca","Polo_5",15.04,50.08,50,3.581,61.7,108.53
"CID48",2022-01-01,154.3,105.2,"Pedra Branca","Polo_5",15.04,50.08,50,3.581,61.7,108.53
"CID48",2022-02-01,158.7,111.6,"Pedra Branca","Polo_5",15.04,50.08,50,3.581,61.7,108.53
"CID48",2022-03-01,168.7,106.9,"Pedra Branca","Polo_5",15.04,50.08,50,3.581,61.7,108.53
"CID48",2022-04-01,178.5,104.6,"Pedra Branca","Polo_5",15.04,50.08,50,3.581,61.7,108.53
"CID48",2022-05-01,193.4,102.8,"Pedra Branca","Polo_5",15.04,50.08,50,3.581,61.7,108.53
"CID48",2022-06-01,173.9,98.6,"Pedra Branca","Polo_5",15.04,50.08,50,3.581,61.7,108.53
"CID48",2022-07-01,161.7,93.5,"Pedra Branca","Polo_5",15.04,50.08,50,3.581,61.7,108.53
"CID48",2022-08-01,136.7,95.9,"Pedra Branca","Polo_5",15.04,50.08,50,3.581,61.7,108.53
"CID48",2022-09-01,131.3,98.1,"Pedra Branca","Polo_5",15.04,50.08,50,3.581,61.7,108.53
"CID48",2022-10-01,127,97.6,"Pedra Branca","Polo_5",15.04,50.08,50,3.581,61.7,108.53
"CID48",2022-11-01,120.8,106.9,"Pedra Branca","Polo_5",15.04,50.08,50,3.581,61.7,108.53
"CID48",2022-12-01,130.4,100.7,"Pedra Branca","Polo_5",15.04,50.08,50,3.581,61.7,108.53
"CID48",2023-01-01,143,103.8,"Pedra Branca","Polo_5",15.04,50.08,50,3.581,61.7,108.53
"CID48",2023-02-01,147.8,109.8,"Pedra Branca","Polo_5",15.04,50.08,50,3.581,61.7,108.53
"CID48",2023-03-01,175.6,109.9,"Pedra Branca","Polo_5",15.04,50.08,50,3.581,61.7,108.53
"CID48",2023-04-01,187.9,108.6,"Pedra Branca","Polo_5",15.04,50.08,50,3.581,61.7,108.53
"CID48",2023-05-01,192.4,105.6,"Pedra Branca","Polo_5",15.04,50.08,50,3.581,61.7,108.53
"CID48",2023-06-01,171.1,105,"Pedra Branca","Polo_5",15.04,50.08,50,3.581,61.7,108.53
"CID48",2023-07-01,164.9,101.5,"Pedra Branca","Polo_5",15.04,50.08,50,3.581,61.7,108.53
"CID48",2023-08-01,149.7,104,"Pedra Branca","Polo_5",15.04,50.08,50,3.581,61.7,108.53
"CID48",2023-09-01,136.1,101.9,"Pedra Branca","Polo_5",15.04,50.08,50,3.581,61.7,108.53
"CID48",2023-10-01,132.7,108.4,"Pedra Branca","Polo_5",15.04,50.08,50,3.581,61.7,108.53
"CID48",2023-11-01,131.6,99.9,"Pedra Branca","Polo_5",15.04,50.08,50,3.581,61.7,108.53
"CID48",2023-12-01,129.3,109.3,"Pedra Branca","Polo_5",15.04,50.08,50,3.581,61.7,108.53
"CID48",2024-01-01,155.8,110.3,"Pedra Branca","Polo_5",15.04,50.08,50,3.581,61.7,108.53
"CID48",2024-02-01,162.1,111.9,"Pedra Branca","Polo_5",15.04,50.08,50,3.581,61.7,108.53
"CID48",2024-03-01,190.5,109.5,"Pedra Branca","Polo_5",15.04,50.08,50,3.581,61.7,108.53
"CID48",2024-04-01,176.2,101.8,"Pedra Branca","Polo_5",15.04,50.08,50,3.581,61.7,108.53
"CID48",2024-05-01,178.4,102.6,"Pedra Branca","Polo_5",15.04,50.08,50,3.581,61.7,108.53
"CID48",2024-06-01,180.2,102.9,"Pedra Branca","Polo_5",15.04,50.08,50,3.581,61.7,108.53
"CID48",2024-07-01,163.2,100.6,"Pedra Branca","Polo_5",15.04,50.08,50,3.581,61.7,108.53
"CID48",2024-08-01,142.9,100,"Pedra Branca","Polo_5",15.04,50.08,50,3.581,61.7,108.53
"CID48",2024-09-01,131.5,102.6,"Pedra Branca","Polo_5",15.04,50.08,50,3.581,61.7,108.53
"CID48",2024-10-01,130.9,103.2,"Pedra Branca","Polo_5",15.04,50.08,50,3.581,61.7,108.53
"CID48",2024-11-01,125.8,103.6,"Pedra Branca","Polo_5",15.04,50.08,50,3.581,61.7,108.53
"CID48",2024-12-01,142.9,105.8,"Pedra Branca","Polo_5",15.04,50.08,50,3.581,61.7,108.53
"CID48",2025-01-01,142.9,109.6,"Pedra Branca","Polo_5",15.04,50.08,50,3.581,61.7,108.53
"CID48",2025-02-01,154,114.4,"Pedra Branca","Polo_5",15.04,50.08,50,3.581,61.7,108.53
"CID48",2025-03-01,177.7,107.8,"Pedra Branca","Polo_5",15.04,50.08,50,3.581,61.7,108.53
"CID48",2025-04-01,175.5,109.4,"Pedra Branca","Polo_5",15.04,50.08,50,3.581,61.7,108.53
"CID48",2025-05-01,183.4,102.8,"Pedra Branca","Polo_5",15.04,50.08,50,3.581,61.7,108.53
"CID48",2025-06-01,179.7,107.4,"Pedra Branca","Polo_5",15.04,50.08,50,3.581,61.7,108.53
"CID48",2025-07-01,167.7,103.4,"Pedra Branca","Polo_5",15.04,50.08,50,3.581,61.7,108.53
"CID48",2025-08-01,161.6,94.4,"Pedra Branca","Polo_5",15.04,50.08,50,3.581,61.7,108.53
"CID48",2025-09-01,139.5,101,"Pedra Branca","Polo_5",15.04,50.08,50,3.581,61.7,108.53
"CID48",2025-10-01,136.6,101.9,"Pedra Branca","Polo_5",15.04,50.08,50,3.581,61.7,108.53
"CID48",2025-11-01,138,105.7,"Pedra Branca","Polo_5",15.04,50.08,50,3.581,61.7,108.53
"CID48",2025-12-01,137.4,108.7,"Pedra Branca","Polo_5",15.04,50.08,50,3.581,61.7,108.53
"CID49",2019-01-01,72.9,106.3,"Fazenda Velha","Polo_4",87.03,87.2,20,3.828,62.63,93.98
"CID49",2019-02-01,72.6,108.1,"Fazenda Velha","Polo_4",87.03,87.2,20,3.828,62.63,93.98
"CID49",2019-03-01,78.7,104,"Fazenda Velha","Polo_4",87.03,87.2,20,3.828,62.63,93.98
"CID49",2019-04-01,93.2,103.3,"Fazenda Velha","Polo_4",87.03,87.2,20,3.828,62.63,93.98
"CID49",2019-05-01,95.8,99.3,"Fazenda Velha","Polo_4",87.03,87.2,20,3.828,62.63,93.98
"CID49",2019-06-01,98.7,94.1,"Fazenda Velha","Polo_4",87.03,87.2,20,3.828,62.63,93.98
"CID49",2019-07-01,100.5,93,"Fazenda Velha","Polo_4",87.03,87.2,20,3.828,62.63,93.98
"CID49",2019-08-01,89.7,95.4,"Fazenda Velha","Polo_4",87.03,87.2,20,3.828,62.63,93.98
"CID49",2019-09-01,84.8,95.3,"Fazenda Velha","Polo_4",87.03,87.2,20,3.828,62.63,93.98
"CID49",2019-10-01,76.8,97,"Fazenda Velha","Polo_4",87.03,87.2,20,3.828,62.63,93.98
"CID49",2019-11-01,72.2,94.8,"Fazenda Velha","Polo_4",87.03,87.2,20,3.828,62.63,93.98
"CID49",2019-12-01,67,101.9,"Fazenda Velha","Polo_4",87.03,87.2,20,3.828,62.63,93.98
"CID49",2020-01-01,72.5,103.3,"Fazenda Velha","Polo_4",87.03,87.2,20,3.828,62.63,93.98
"CID49",2020-02-01,80.6,113,"Fazenda Velha","Polo_4",87.03,87.2,20,3.828,62.63,93.98
"CID49",2020-03-01,81.1,107.7,"Fazenda Velha","Polo_4",87.03,87.2,20,3.828,62.63,93.98
"CID49",2020-04-01,85.1,107,"Fazenda Velha","Polo_4",87.03,87.2,20,3.828,62.63,93.98
"CID49",2020-05-01,100.6,107.1,"Fazenda Velha","Polo_4",87.03,87.2,20,3.828,62.63,93.98
"CID49",2020-06-01,98.2,97.7,"Fazenda Velha","Polo_4",87.03,87.2,20,3.828,62.63,93.98
"CID49",2020-07-01,95.8,102.8,"Fazenda Velha","Polo_4",87.03,87.2,20,3.828,62.63,93.98
"CID49",2020-08-01,91,100.1,"Fazenda Velha","Polo_4",87.03,87.2,20,3.828,62.63,93.98
"CID49",2020-09-01,83.4,98.6,"Fazenda Velha","Polo_4",87.03,87.2,20,3.828,62.63,93.98
"CID49",2020-10-01,76.5,97.2,"Fazenda Velha","Polo_4",87.03,87.2,20,3.828,62.63,93.98
"CID49",2020-11-01,70,100.9,"Fazenda Velha","Polo_4",87.03,87.2,20,3.828,62.63,93.98
"CID49",2020-12-01,64.6,108.8,"Fazenda Velha","Polo_4",87.03,87.2,20,3.828,62.63,93.98
"CID49",2021-01-01,73.8,106.9,"Fazenda Velha","Polo_4",87.03,87.2,20,3.828,62.63,93.98
"CID49",2021-02-01,79.5,109.3,"Fazenda Velha","Polo_4",87.03,87.2,20,3.828,62.63,93.98
"CID49",2021-03-01,83,107.6,"Fazenda Velha","Polo_4",87.03,87.2,20,3.828,62.63,93.98
"CID49",2021-04-01,94.1,112.1,"Fazenda Velha","Polo_4",87.03,87.2,20,3.828,62.63,93.98
"CID49",2021-05-01,97.3,99.2,"Fazenda Velha","Polo_4",87.03,87.2,20,3.828,62.63,93.98
"CID49",2021-06-01,98.8,106.5,"Fazenda Velha","Polo_4",87.03,87.2,20,3.828,62.63,93.98
"CID49",2021-07-01,98.9,94,"Fazenda Velha","Polo_4",87.03,87.2,20,3.828,62.63,93.98
"CID49",2021-08-01,96.8,99.3,"Fazenda Velha","Polo_4",87.03,87.2,20,3.828,62.63,93.98
"CID49",2021-09-01,89,96.9,"Fazenda Velha","Polo_4",87.03,87.2,20,3.828,62.63,93.98
"CID49",2021-10-01,73.5,100.7,"Fazenda Velha","Polo_4",87.03,87.2,20,3.828,62.63,93.98
"CID49",2021-11-01,73.1,97.7,"Fazenda Velha","Polo_4",87.03,87.2,20,3.828,62.63,93.98
"CID49",2021-12-01,65.4,102.6,"Fazenda Velha","Polo_4",87.03,87.2,20,3.828,62.63,93.98
"CID49",2022-01-01,76.1,107.9,"Fazenda Velha","Polo_4",87.03,87.2,20,3.828,62.63,93.98
"CID49",2022-02-01,78.9,110.3,"Fazenda Velha","Polo_4",87.03,87.2,20,3.828,62.63,93.98
"CID49",2022-03-01,88.4,107.9,"Fazenda Velha","Polo_4",87.03,87.2,20,3.828,62.63,93.98
"CID49",2022-04-01,94.6,109,"Fazenda Velha","Polo_4",87.03,87.2,20,3.828,62.63,93.98
"CID49",2022-05-01,102,103.9,"Fazenda Velha","Polo_4",87.03,87.2,20,3.828,62.63,93.98
"CID49",2022-06-01,100.8,99.7,"Fazenda Velha","Polo_4",87.03,87.2,20,3.828,62.63,93.98
"CID49",2022-07-01,92.8,94.7,"Fazenda Velha","Polo_4",87.03,87.2,20,3.828,62.63,93.98
"CID49",2022-08-01,88.3,100.6,"Fazenda Velha","Polo_4",87.03,87.2,20,3.828,62.63,93.98
"CID49",2022-09-01,87.2,99.2,"Fazenda Velha","Polo_4",87.03,87.2,20,3.828,62.63,93.98
"CID49",2022-10-01,83,98,"Fazenda Velha","Polo_4",87.03,87.2,20,3.828,62.63,93.98
"CID49",2022-11-01,76.8,109.2,"Fazenda Velha","Polo_4",87.03,87.2,20,3.828,62.63,93.98
"CID49",2022-12-01,76.8,99.1,"Fazenda Velha","Polo_4",87.03,87.2,20,3.828,62.63,93.98
"CID49",2023-01-01,76.5,105.4,"Fazenda Velha","Polo_4",87.03,87.2,20,3.828,62.63,93.98
"CID49",2023-02-01,86.9,111,"Fazenda Velha","Polo_4",87.03,87.2,20,3.828,62.63,93.98
"CID49",2023-03-01,89,110.2,"Fazenda Velha","Polo_4",87.03,87.2,20,3.828,62.63,93.98
"CID49",2023-04-01,95.1,107.4,"Fazenda Velha","Polo_4",87.03,87.2,20,3.828,62.63,93.98
"CID49",2023-05-01,98,104.3,"Fazenda Velha","Polo_4",87.03,87.2,20,3.828,62.63,93.98
"CID49",2023-06-01,99.4,100.4,"Fazenda Velha","Polo_4",87.03,87.2,20,3.828,62.63,93.98
"CID49",2023-07-01,101,100.5,"Fazenda Velha","Polo_4",87.03,87.2,20,3.828,62.63,93.98
"CID49",2023-08-01,98.9,101,"Fazenda Velha","Polo_4",87.03,87.2,20,3.828,62.63,93.98
"CID49",2023-09-01,86,100.2,"Fazenda Velha","Polo_4",87.03,87.2,20,3.828,62.63,93.98
"CID49",2023-10-01,81.1,106.7,"Fazenda Velha","Polo_4",87.03,87.2,20,3.828,62.63,93.98
"CID49",2023-11-01,74.7,101.7,"Fazenda Velha","Polo_4",87.03,87.2,20,3.828,62.63,93.98
"CID49",2023-12-01,73.2,111.5,"Fazenda Velha","Polo_4",87.03,87.2,20,3.828,62.63,93.98
"CID49",2024-01-01,72.9,112.9,"Fazenda Velha","Polo_4",87.03,87.2,20,3.828,62.63,93.98
"CID49",2024-02-01,79.5,113.1,"Fazenda Velha","Polo_4",87.03,87.2,20,3.828,62.63,93.98
"CID49",2024-03-01,91.4,108.8,"Fazenda Velha","Polo_4",87.03,87.2,20,3.828,62.63,93.98
"CID49",2024-04-01,99.3,105.5,"Fazenda Velha","Polo_4",87.03,87.2,20,3.828,62.63,93.98
"CID49",2024-05-01,105.5,105.8,"Fazenda Velha","Polo_4",87.03,87.2,20,3.828,62.63,93.98
"CID49",2024-06-01,105.8,104.4,"Fazenda Velha","Polo_4",87.03,87.2,20,3.828,62.63,93.98
"CID49",2024-07-01,106.6,100.1,"Fazenda Velha","Polo_4",87.03,87.2,20,3.828,62.63,93.98
"CID49",2024-08-01,95,100.5,"Fazenda Velha","Polo_4",87.03,87.2,20,3.828,62.63,93.98
"CID49",2024-09-01,88.7,101.5,"Fazenda Velha","Polo_4",87.03,87.2,20,3.828,62.63,93.98
"CID49",2024-10-01,84.5,103.5,"Fazenda Velha","Polo_4",87.03,87.2,20,3.828,62.63,93.98
"CID49",2024-11-01,76.7,101.8,"Fazenda Velha","Polo_4",87.03,87.2,20,3.828,62.63,93.98
"CID49",2024-12-01,73.3,104.7,"Fazenda Velha","Polo_4",87.03,87.2,20,3.828,62.63,93.98
"CID49",2025-01-01,75.5,108.6,"Fazenda Velha","Polo_4",87.03,87.2,20,3.828,62.63,93.98
"CID49",2025-02-01,84.4,115.8,"Fazenda Velha","Polo_4",87.03,87.2,20,3.828,62.63,93.98
"CID49",2025-03-01,97,109.5,"Fazenda Velha","Polo_4",87.03,87.2,20,3.828,62.63,93.98
"CID49",2025-04-01,101.8,110.7,"Fazenda Velha","Polo_4",87.03,87.2,20,3.828,62.63,93.98
"CID49",2025-05-01,107.4,109.5,"Fazenda Velha","Polo_4",87.03,87.2,20,3.828,62.63,93.98
"CID49",2025-06-01,105.5,104,"Fazenda Velha","Polo_4",87.03,87.2,20,3.828,62.63,93.98
"CID49",2025-07-01,105,106.5,"Fazenda Velha","Polo_4",87.03,87.2,20,3.828,62.63,93.98
"CID49",2025-08-01,97.9,97.5,"Fazenda Velha","Polo_4",87.03,87.2,20,3.828,62.63,93.98
"CID49",2025-09-01,90.1,103.9,"Fazenda Velha","Polo_4",87.03,87.2,20,3.828,62.63,93.98
"CID49",2025-10-01,83.5,102.6,"Fazenda Velha","Polo_4",87.03,87.2,20,3.828,62.63,93.98
"CID49",2025-11-01,74.1,106.1,"Fazenda Velha","Polo_4",87.03,87.2,20,3.828,62.63,93.98
"CID49",2025-12-01,75.5,107.1,"Fazenda Velha","Polo_4",87.03,87.2,20,3.828,62.63,93.98
"CID50",2019-01-01,153.5,100.1,"Vale Real","Polo_3",70.14,33.5,49,2.088,45.94,108.73
"CID50",2019-02-01,158.4,107.5,"Vale Real","Polo_3",70.14,33.5,49,2.088,45.94,108.73
"CID50",2019-03-01,179.9,102.4,"Vale Real","Polo_3",70.14,33.5,49,2.088,45.94,108.73
"CID50",2019-04-01,172.6,103.4,"Vale Real","Polo_3",70.14,33.5,49,2.088,45.94,108.73
"CID50",2019-05-01,182.6,101.6,"Vale Real","Polo_3",70.14,33.5,49,2.088,45.94,108.73
"CID50",2019-06-01,181.1,97.4,"Vale Real","Polo_3",70.14,33.5,49,2.088,45.94,108.73
"CID50",2019-07-01,177.6,91.7,"Vale Real","Polo_3",70.14,33.5,49,2.088,45.94,108.73
"CID50",2019-08-01,169.4,96.2,"Vale Real","Polo_3",70.14,33.5,49,2.088,45.94,108.73
"CID50",2019-09-01,148,95.5,"Vale Real","Polo_3",70.14,33.5,49,2.088,45.94,108.73
"CID50",2019-10-01,140.2,97.4,"Vale Real","Polo_3",70.14,33.5,49,2.088,45.94,108.73
"CID50",2019-11-01,129.3,102.7,"Vale Real","Polo_3",70.14,33.5,49,2.088,45.94,108.73
"CID50",2019-12-01,137.8,102.6,"Vale Real","Polo_3",70.14,33.5,49,2.088,45.94,108.73
"CID50",2020-01-01,151.2,104.8,"Vale Real","Polo_3",70.14,33.5,49,2.088,45.94,108.73
"CID50",2020-02-01,160.5,112.6,"Vale Real","Polo_3",70.14,33.5,49,2.088,45.94,108.73
"CID50",2020-03-01,172.9,104.6,"Vale Real","Polo_3",70.14,33.5,49,2.088,45.94,108.73
"CID50",2020-04-01,190.2,105.7,"Vale Real","Polo_3",70.14,33.5,49,2.088,45.94,108.73
"CID50",2020-05-01,188.3,105.1,"Vale Real","Polo_3",70.14,33.5,49,2.088,45.94,108.73
"CID50",2020-06-01,183.7,98.2,"Vale Real","Polo_3",70.14,33.5,49,2.088,45.94,108.73
"CID50",2020-07-01,168.7,100.3,"Vale Real","Polo_3",70.14,33.5,49,2.088,45.94,108.73
"CID50",2020-08-01,169.7,98.4,"Vale Real","Polo_3",70.14,33.5,49,2.088,45.94,108.73
"CID50",2020-09-01,155,97.7,"Vale Real","Polo_3",70.14,33.5,49,2.088,45.94,108.73
"CID50",2020-10-01,139.2,99.7,"Vale Real","Polo_3",70.14,33.5,49,2.088,45.94,108.73
"CID50",2020-11-01,129.2,100,"Vale Real","Polo_3",70.14,33.5,49,2.088,45.94,108.73
"CID50",2020-12-01,133.2,107.8,"Vale Real","Polo_3",70.14,33.5,49,2.088,45.94,108.73
"CID50",2021-01-01,149,109,"Vale Real","Polo_3",70.14,33.5,49,2.088,45.94,108.73
"CID50",2021-02-01,158,104.1,"Vale Real","Polo_3",70.14,33.5,49,2.088,45.94,108.73
"CID50",2021-03-01,165.5,106.9,"Vale Real","Polo_3",70.14,33.5,49,2.088,45.94,108.73
"CID50",2021-04-01,181.5,111.2,"Vale Real","Polo_3",70.14,33.5,49,2.088,45.94,108.73
"CID50",2021-05-01,189.4,100.4,"Vale Real","Polo_3",70.14,33.5,49,2.088,45.94,108.73
"CID50",2021-06-01,189,104.3,"Vale Real","Polo_3",70.14,33.5,49,2.088,45.94,108.73
"CID50",2021-07-01,191.1,93.3,"Vale Real","Polo_3",70.14,33.5,49,2.088,45.94,108.73
"CID50",2021-08-01,165.4,98,"Vale Real","Polo_3",70.14,33.5,49,2.088,45.94,108.73
"CID50",2021-09-01,151.1,99.3,"Vale Real","Polo_3",70.14,33.5,49,2.088,45.94,108.73
"CID50",2021-10-01,140.1,98.9,"Vale Real","Polo_3",70.14,33.5,49,2.088,45.94,108.73
"CID50",2021-11-01,132.3,95,"Vale Real","Polo_3",70.14,33.5,49,2.088,45.94,108.73
"CID50",2021-12-01,131.8,103.6,"Vale Real","Polo_3",70.14,33.5,49,2.088,45.94,108.73
"CID50",2022-01-01,138.8,105.3,"Vale Real","Polo_3",70.14,33.5,49,2.088,45.94,108.73
"CID50",2022-02-01,164.8,105.9,"Vale Real","Polo_3",70.14,33.5,49,2.088,45.94,108.73
"CID50",2022-03-01,185.4,108.7,"Vale Real","Polo_3",70.14,33.5,49,2.088,45.94,108.73
"CID50",2022-04-01,180.4,106.2,"Vale Real","Polo_3",70.14,33.5,49,2.088,45.94,108.73
"CID50",2022-05-01,201.3,103.8,"Vale Real","Polo_3",70.14,33.5,49,2.088,45.94,108.73
"CID50",2022-06-01,200.5,97.9,"Vale Real","Polo_3",70.14,33.5,49,2.088,45.94,108.73
"CID50",2022-07-01,199.8,93,"Vale Real","Polo_3",70.14,33.5,49,2.088,45.94,108.73
"CID50",2022-08-01,177.1,97,"Vale Real","Polo_3",70.14,33.5,49,2.088,45.94,108.73
"CID50",2022-09-01,157.7,95.2,"Vale Real","Polo_3",70.14,33.5,49,2.088,45.94,108.73
"CID50",2022-10-01,142.9,101.2,"Vale Real","Polo_3",70.14,33.5,49,2.088,45.94,108.73
"CID50",2022-11-01,139.2,105.4,"Vale Real","Polo_3",70.14,33.5,49,2.088,45.94,108.73
"CID50",2022-12-01,141.7,97.9,"Vale Real","Polo_3",70.14,33.5,49,2.088,45.94,108.73
"CID50",2023-01-01,141.8,105.4,"Vale Real","Polo_3",70.14,33.5,49,2.088,45.94,108.73
"CID50",2023-02-01,148.3,110.3,"Vale Real","Polo_3",70.14,33.5,49,2.088,45.94,108.73
"CID50",2023-03-01,185.1,111.6,"Vale Real","Polo_3",70.14,33.5,49,2.088,45.94,108.73
"CID50",2023-04-01,184.6,107.1,"Vale Real","Polo_3",70.14,33.5,49,2.088,45.94,108.73
"CID50",2023-05-01,192.7,106.3,"Vale Real","Polo_3",70.14,33.5,49,2.088,45.94,108.73
"CID50",2023-06-01,203.6,107.2,"Vale Real","Polo_3",70.14,33.5,49,2.088,45.94,108.73
"CID50",2023-07-01,191.1,101.3,"Vale Real","Polo_3",70.14,33.5,49,2.088,45.94,108.73
"CID50",2023-08-01,181.5,100.1,"Vale Real","Polo_3",70.14,33.5,49,2.088,45.94,108.73
"CID50",2023-09-01,156.8,102.2,"Vale Real","Polo_3",70.14,33.5,49,2.088,45.94,108.73
"CID50",2023-10-01,145.6,108,"Vale Real","Polo_3",70.14,33.5,49,2.088,45.94,108.73
"CID50",2023-11-01,145,106,"Vale Real","Polo_3",70.14,33.5,49,2.088,45.94,108.73
"CID50",2023-12-01,145.4,113.4,"Vale Real","Polo_3",70.14,33.5,49,2.088,45.94,108.73
"CID50",2024-01-01,146.7,113.8,"Vale Real","Polo_3",70.14,33.5,49,2.088,45.94,108.73
"CID50",2024-02-01,169.1,112.6,"Vale Real","Polo_3",70.14,33.5,49,2.088,45.94,108.73
"CID50",2024-03-01,183.1,110.2,"Vale Real","Polo_3",70.14,33.5,49,2.088,45.94,108.73
"CID50",2024-04-01,190.2,104.6,"Vale Real","Polo_3",70.14,33.5,49,2.088,45.94,108.73
"CID50",2024-05-01,205.2,104.6,"Vale Real","Polo_3",70.14,33.5,49,2.088,45.94,108.73
"CID50",2024-06-01,202.6,99.7,"Vale Real","Polo_3",70.14,33.5,49,2.088,45.94,108.73
"CID50",2024-07-01,206.7,101.3,"Vale Real","Polo_3",70.14,33.5,49,2.088,45.94,108.73
"CID50",2024-08-01,182.6,102.6,"Vale Real","Polo_3",70.14,33.5,49,2.088,45.94,108.73
"CID50",2024-09-01,156.6,103.7,"Vale Real","Polo_3",70.14,33.5,49,2.088,45.94,108.73
"CID50",2024-10-01,148.8,103.4,"Vale Real","Polo_3",70.14,33.5,49,2.088,45.94,108.73
"CID50",2024-11-01,136.5,104,"Vale Real","Polo_3",70.14,33.5,49,2.088,45.94,108.73
"CID50",2024-12-01,141.7,102.7,"Vale Real","Polo_3",70.14,33.5,49,2.088,45.94,108.73
"CID50",2025-01-01,154.3,109.8,"Vale Real","Polo_3",70.14,33.5,49,2.088,45.94,108.73
"CID50",2025-02-01,162.2,114.3,"Vale Real","Polo_3",70.14,33.5,49,2.088,45.94,108.73
"CID50",2025-03-01,171.5,107,"Vale Real","Polo_3",70.14,33.5,49,2.088,45.94,108.73
"CID50",2025-04-01,186.8,111.6,"Vale Real","Polo_3",70.14,33.5,49,2.088,45.94,108.73
"CID50",2025-05-01,205.8,105.2,"Vale Real","Polo_3",70.14,33.5,49,2.088,45.94,108.73
"CID50",2025-06-01,203.9,106.6,"Vale Real","Polo_3",70.14,33.5,49,2.088,45.94,108.73
"CID50",2025-07-01,193.2,105.8,"Vale Real","Polo_3",70.14,33.5,49,2.088,45.94,108.73
"CID50",2025-08-01,179.8,98.8,"Vale Real","Polo_3",70.14,33.5,49,2.088,45.94,108.73
"CID50",2025-09-01,165.3,102,"Vale Real","Polo_3",70.14,33.5,49,2.088,45.94,108.73
"CID50",2025-10-01,145.9,104.1,"Vale Real","Polo_3",70.14,33.5,49,2.088,45.94,108.73
"CID50",2025-11-01,141.3,106.6,"Vale Real","Polo_3",70.14,33.5,49,2.088,45.94,108.73
"CID50",2025-12-01,149.7,110.3,"Vale Real","Polo_3",70.14,33.5,49,2.088,45.94,108.73
