"loja_id","regiao","tipo_loja","porte","area_m2","num_funcionarios","fluxo_clientes_mensal","ticket_medio","gasto_marketing","receita_mensal","taxa_conversao","teve_reclamacao_grave","num_reclamacoes_mes","participou_campanha","receita_pre_campanha","receita_pos_campanha","participou_teste_fidelidade","grupo_teste_fidelidade","vendas_incrementais_fidelidade"
"LJ0001","Oeste","Shopping","Pequena",92.3,3,2707,42.91,2124.35,2405.37,0.1654,0,2,1,2405.37,2267.17,0,NA,NA
"LJ0002","Leste","Rua","Pequena",87.4,4,1721,39.6,1083.24,500,0.1434,1,1,0,NA,NA,0,NA,NA
"LJ0003","Central","Shopping","Pequena",76.9,1,2309,42.75,1302.68,3135.63,0.1941,0,1,0,NA,NA,0,NA,NA
"LJ0004","Sul","Shopping","Grande",472.9,28,21564,89.27,11773.77,37921.93,0.3548,0,3,0,NA,NA,0,NA,NA
"LJ0005","Leste","Shopping","Grande",523.9,17,14328,88.82,10298.67,25526.45,0.3596,0,1,1,25526.45,27083.51,1,"Controle",96.38
"LJ0006","Central","Shopping","Pequena",107.4,6,2543,51.75,1287.4,6229.23,0.1351,1,1,0,NA,NA,0,NA,NA
"LJ0007","Leste","Rua","Media",223.2,11,7186,65.66,3744.11,9379.3,0.2837,0,1,0,NA,NA,0,NA,NA
"LJ0008","Norte","Rua","Grande",511.1,26,16219,91.67,9409.75,28078.99,0.3223,0,0,0,NA,NA,1,"Tratamento",-20.02
"LJ0009","Sul","Shopping","Pequena",82.1,4,2316,43.57,755.58,500,0.1615,0,1,1,500,500,0,NA,NA
"LJ0010","Leste","Quiosque","Pequena",87.5,5,1743,42.32,1000.54,2394.13,0.1142,0,1,0,NA,NA,1,"Controle",359.12
"LJ0011","Central","Quiosque","Media",240.3,11,4866,63.44,4973.42,9219.11,0.2688,0,1,0,NA,NA,1,"Tratamento",47.09
"LJ0012","Oeste","Shopping","Grande",486.8,29,16913,123.01,6936.09,37046.71,0.321,1,1,0,NA,NA,0,NA,NA
"LJ0013","Sul","Rua","Pequena",85.7,5,2259,54.54,2089.32,4444.98,0.1817,0,3,0,NA,NA,0,NA,NA
"LJ0014","Norte","Rua","Media",238.3,9,5069,47,3652.2,5460.05,0.2497,0,1,1,5460.05,5850.38,0,NA,NA
"LJ0015","Central","Quiosque","Pequena",100.3,3,2423,34.47,824.66,766.82,0.1438,0,4,1,766.82,1341.93,0,NA,NA
"LJ0016","Sul","Rua","Media",260.1,12,7248,60.47,3707.84,10952.91,0.3027,0,2,1,10952.91,12206.86,1,"Controle",-276.61
"LJ0017","Leste","Quiosque","Media",161.6,12,5770,64.86,2548.04,2970.6,0.2544,0,1,0,NA,NA,1,"Tratamento",679.39
"LJ0018","Central","Quiosque","Grande",444.3,29,12609,88.38,17143.61,23006.31,0.3162,0,0,0,NA,NA,0,NA,NA
"LJ0019","Sul","Rua","Pequena",118,6,2795,59.38,1626.4,8783.72,0.1482,0,0,0,NA,NA,0,NA,NA
"LJ0020","Central","Shopping","Grande",530,30,16460,82.31,10741.37,24210.53,0.3425,0,4,0,NA,NA,0,NA,NA
"LJ0021","Sul","Rua","Pequena",52.2,2,2073,33.11,2331.97,500,0.1739,0,1,0,NA,NA,0,NA,NA
"LJ0022","Sul","Shopping","Pequena",84.7,6,2444,41.47,1001.64,5747.29,0.1641,0,2,0,NA,NA,1,"Tratamento",575.21
"LJ0023","Sul","Rua","Pequena",76.7,1,2630,35.93,1479.99,4029.97,0.1704,0,1,0,NA,NA,0,NA,NA
"LJ0024","Central","Rua","Pequena",101.2,4,2429,57.84,1199.99,2075.18,0.1499,0,2,0,NA,NA,1,"Tratamento",311.32
"LJ0025","Sul","Shopping","Grande",444.8,30,17265,105.05,10045.48,32099.64,0.3359,0,0,0,NA,NA,0,NA,NA
"LJ0026","Central","Shopping","Media",205.8,10,7786,70.17,3950.08,8645.66,0.2764,0,0,0,NA,NA,0,NA,NA
"LJ0027","Sul","Rua","Media",274.7,8,7357,75.15,4527.69,12529.75,0.2804,0,0,0,NA,NA,0,NA,NA
"LJ0028","Central","Rua","Media",197,11,5314,62.02,3930.94,7063.23,0.2194,0,1,0,NA,NA,0,NA,NA
"LJ0029","Central","Rua","Pequena",71.9,4,1716,29.39,1943.46,857.14,0.0855,0,2,0,NA,NA,0,NA,NA
"LJ0030","Leste","Shopping","Grande",413.9,27,14535,84.06,10438.4,23960.12,0.3133,1,3,0,NA,NA,1,"Tratamento",7.55
"LJ0031","Norte","Shopping","Pequena",66.1,4,2983,27.45,1003.02,2692.94,0.167,0,1,0,NA,NA,1,"Tratamento",318.04
"LJ0032","Central","Rua","Pequena",60.2,4,3101,60.77,1792.06,1002.29,0.1975,0,0,0,NA,NA,1,"Controle",170.32
"LJ0033","Oeste","Shopping","Pequena",86.7,2,2441,54.91,943.73,4312.66,0.1581,0,2,0,NA,NA,0,NA,NA
"LJ0034","Central","Shopping","Grande",451.2,35,15492,100.77,16773.45,33515.22,0.3262,0,0,0,NA,NA,0,NA,NA
"LJ0035","Leste","Rua","Media",256.2,13,7262,82.79,3854.29,10424.12,0.3311,0,2,0,NA,NA,1,"Tratamento",788.88
"LJ0036","Sul","Shopping","Media",205.6,10,6126,74.5,2879.48,9801.49,0.2449,0,1,0,NA,NA,1,"Controle",65.64
"LJ0037","Central","Rua","Media",221.5,10,5955,89.65,6015.31,11277.5,0.2716,0,3,0,NA,NA,0,NA,NA
"LJ0038","Leste","Shopping","Pequena",69,4,3217,34.93,1120.76,3318.99,0.1884,0,1,1,3318.99,4634.41,0,NA,NA
"LJ0039","Oeste","Rua","Pequena",86.9,4,1831,32.33,1508.74,1730.65,0.1471,1,0,0,NA,NA,0,NA,NA
"LJ0040","Leste","Quiosque","Media",275.3,11,4393,58.67,6913.18,8374.82,0.2406,0,1,1,8374.82,8990.56,0,NA,NA
"LJ0041","Sul","Rua","Pequena",84.1,3,1619,39.07,643.74,500,0.1602,0,0,1,500,797.1,0,NA,NA
"LJ0042","Norte","Rua","Media",247.9,13,6885,41.19,4957.74,6547.95,0.2515,0,1,0,NA,NA,0,NA,NA
"LJ0043","Sul","Rua","Pequena",79.3,5,1879,65.07,1254.99,3479.05,0.166,0,0,0,NA,NA,0,NA,NA
"LJ0044","Leste","Rua","Grande",480.1,28,15158,87.05,6050.94,24547.73,0.3196,0,1,0,NA,NA,1,"Controle",-101.61
"LJ0045","Central","Rua","Pequena",67.9,4,2695,35.21,1214.07,5426.31,0.1943,0,1,0,NA,NA,1,"Controle",90.47
"LJ0046","Central","Shopping","Pequena",65.7,4,3248,38.68,558.96,1142.12,0.1696,0,1,0,NA,NA,1,"Tratamento",256.98
"LJ0047","Norte","Shopping","Pequena",56.1,4,2879,42.25,1175.98,3621.95,0.1474,0,0,0,NA,NA,0,NA,NA
"LJ0048","Sul","Rua","Pequena",66.2,4,2276,49.11,1635.5,2370.61,0.1455,0,1,0,NA,NA,0,NA,NA
"LJ0049","Leste","Rua","Grande",517.2,34,15890,71.67,5576.21,20017.82,0.3575,0,0,1,20017.82,21923.86,0,NA,NA
"LJ0050","Sul","Rua","Pequena",87.8,2,1939,29.9,1128.79,4228.79,0.1093,0,1,0,NA,NA,0,NA,NA
"LJ0051","Norte","Shopping","Pequena",83,5,1829,59.47,614.2,500,0.1394,0,0,0,NA,NA,0,NA,NA
"LJ0052","Leste","Shopping","Pequena",82.5,5,1932,60.73,1151.1,2102.43,0.1588,0,2,0,NA,NA,0,NA,NA
"LJ0053","Norte","Rua","Pequena",81.2,3,2095,46.54,1139.3,2806.85,0.151,0,1,1,2806.85,3172.62,0,NA,NA
"LJ0054","Norte","Quiosque","Pequena",67.6,3,1747,53.04,946.68,1208.66,0.1503,0,1,0,NA,NA,1,"Tratamento",3.04
"LJ0055","Leste","Quiosque","Grande",442.8,28,9735,100.55,8220.05,19010.48,0.3125,1,2,0,NA,NA,0,NA,NA
"LJ0056","Oeste","Rua","Grande",516.2,30,16759,93.45,11421.2,31664.27,0.3389,0,1,0,NA,NA,0,NA,NA
"LJ0057","Oeste","Rua","Media",209,14,7223,77.33,19273.17,15239.58,0.2705,1,1,0,NA,NA,0,NA,NA
"LJ0058","Central","Rua","Media",227.8,11,6499,72.2,3196.45,11097.94,0.2733,0,0,0,NA,NA,1,"Tratamento",638.49
"LJ0059","Norte","Shopping","Pequena",72.4,5,2930,57.7,1722.04,2859.87,0.1727,0,1,0,NA,NA,0,NA,NA
"LJ0060","Central","Rua","Grande",392.1,21,16306,101.91,11861.3,33292.74,0.3645,0,2,0,NA,NA,0,NA,NA
"LJ0061","Sul","Quiosque","Pequena",95.9,3,2182,39.6,871.89,3093.92,0.1579,0,1,0,NA,NA,0,NA,NA
"LJ0062","Norte","Shopping","Pequena",78.5,3,3334,41.52,1124.18,3558.71,0.2026,0,2,0,NA,NA,0,NA,NA
"LJ0063","Leste","Rua","Pequena",76,4,1742,53.68,1056.17,4812.19,0.1494,0,1,0,NA,NA,1,"Controle",301.86
"LJ0064","Leste","Shopping","Pequena",86.3,4,2824,43.37,1633.21,6564.28,0.1792,0,3,1,6564.28,7402.92,0,NA,NA
"LJ0065","Sul","Rua","Grande",606.6,25,14040,86.19,11886.22,23639.88,0.3818,0,3,0,NA,NA,0,NA,NA
"LJ0066","Central","Rua","Pequena",80.5,4,2408,50.32,1038.62,500,0.1851,0,1,0,NA,NA,0,NA,NA
"LJ0067","Leste","Rua","Grande",565.2,34,14688,102.46,6423.82,26110.69,0.3313,0,1,0,NA,NA,1,"Tratamento",158.76
"LJ0068","Leste","Rua","Grande",531.4,24,11444,101.86,11342.62,23135.27,0.3236,0,0,0,NA,NA,1,"Tratamento",322.87
"LJ0069","Leste","Shopping","Media",202.2,10,6845,53.24,2991.84,9421.38,0.2687,0,0,0,NA,NA,0,NA,NA
"LJ0070","Oeste","Quiosque","Pequena",89.6,2,1098,42.55,1246.81,5440.19,0.1052,1,1,0,NA,NA,0,NA,NA
"LJ0071","Norte","Shopping","Grande",489.8,26,14502,91.64,10412.85,25828.37,0.3052,0,1,0,NA,NA,0,NA,NA
"LJ0072","Sul","Quiosque","Media",249.4,12,2892,54.29,5145.55,10018.4,0.1579,0,3,0,NA,NA,0,NA,NA
"LJ0073","Oeste","Rua","Grande",519.9,25,14699,91.51,12626.23,25269.95,0.3522,0,2,0,NA,NA,0,NA,NA
"LJ0074","Norte","Shopping","Media",206.5,7,6203,39.53,5246.87,6782.75,0.2599,0,0,0,NA,NA,1,"Controle",198.86
"LJ0075","Central","Rua","Pequena",57.6,2,2082,49.77,1188.17,2555.34,0.1944,0,0,0,NA,NA,0,NA,NA
"LJ0076","Leste","Rua","Pequena",86.5,5,2186,43.84,1653.59,500,0.1972,0,1,0,NA,NA,0,NA,NA
"LJ0077","Oeste","Rua","Media",228.8,14,6338,53.87,2974.06,7937.75,0.2306,0,2,0,NA,NA,0,NA,NA
"LJ0078","Leste","Shopping","Pequena",71.6,3,2236,54.38,778.82,1041.59,0.1341,1,2,0,NA,NA,0,NA,NA
"LJ0079","Central","Shopping","Pequena",88.8,5,2397,43.23,1596.66,3276.08,0.1797,0,2,0,NA,NA,0,NA,NA
"LJ0080","Norte","Rua","Pequena",76.5,3,1929,46.53,1490.42,4013.96,0.1254,0,1,0,NA,NA,1,"Tratamento",644
"LJ0081","Central","Shopping","Pequena",103.7,3,2638,55.42,997.04,5600.27,0.195,0,1,0,NA,NA,0,NA,NA
"LJ0082","Norte","Rua","Pequena",82.3,5,1581,51.98,1129.95,1772.82,0.1188,0,2,0,NA,NA,0,NA,NA
"LJ0083","Oeste","Rua","Media",206.1,14,7651,49.85,7468.04,12753.04,0.2665,0,1,0,NA,NA,1,"Controle",-0.22
"LJ0084","Norte","Quiosque","Media",265.2,11,3732,62.19,4610.5,5118.19,0.1738,0,2,1,5118.19,5890.69,1,"Tratamento",201.14
"LJ0085","Central","Rua","Pequena",46.3,2,1962,50.96,2429.1,500,0.1619,0,0,0,NA,NA,0,NA,NA
"LJ0086","Norte","Rua","Pequena",77.4,4,2200,43.29,663.35,500,0.1536,0,1,0,NA,NA,0,NA,NA
"LJ0087","Leste","Rua","Grande",530.9,21,12400,125.85,11400.23,26504.7,0.3281,0,2,0,NA,NA,0,NA,NA
"LJ0088","Norte","Shopping","Grande",482.3,29,16522,67.5,11580.98,21332.65,0.3703,0,1,0,NA,NA,0,NA,NA
"LJ0089","Central","Shopping","Pequena",80.2,5,3116,40.86,949.05,2525.59,0.1567,0,2,0,NA,NA,0,NA,NA
"LJ0090","Central","Shopping","Media",242.2,10,7507,42.48,3445.11,7110.89,0.2513,0,0,1,7110.89,7250.44,0,NA,NA
"LJ0091","Norte","Rua","Pequena",60.6,4,2340,62.64,732.26,3108.02,0.188,0,1,0,NA,NA,1,"Controle",-506.81
"LJ0092","Oeste","Shopping","Grande",451.5,18,19423,71.48,14448.65,28040.11,0.3392,0,2,0,NA,NA,0,NA,NA
"LJ0093","Oeste","Shopping","Media",205.1,10,7917,64.17,6354.44,9346.85,0.2691,0,3,0,NA,NA,0,NA,NA
"LJ0094","Sul","Rua","Pequena",74.6,6,2234,40.68,1528.06,1744.62,0.1499,0,3,0,NA,NA,0,NA,NA
"LJ0095","Sul","Quiosque","Grande",535.7,21,12273,98.55,15066.55,26691.53,0.3277,0,4,0,NA,NA,0,NA,NA
"LJ0096","Sul","Quiosque","Media",201.8,12,4819,56.46,3680.21,7561.7,0.2325,0,2,0,NA,NA,0,NA,NA
"LJ0097","Oeste","Quiosque","Pequena",77.3,3,1933,38.4,865.99,1510.99,0.1586,0,1,0,NA,NA,0,NA,NA
"LJ0098","Sul","Quiosque","Pequena",68.1,3,1424,27.43,1150.49,723.25,0.0984,0,1,0,NA,NA,0,NA,NA
"LJ0099","Oeste","Rua","Pequena",55.4,6,1960,44.03,697.72,3400.46,0.1246,0,2,0,NA,NA,1,"Tratamento",427.56
"LJ0100","Sul","Shopping","Media",284.1,6,8531,72.07,6289.19,11235.34,0.3002,0,3,0,NA,NA,0,NA,NA
"LJ0101","Central","Quiosque","Media",241.6,15,7360,76.97,7955.5,9573.53,0.295,0,2,1,9573.53,9163.53,1,"Tratamento",324.03
"LJ0102","Norte","Quiosque","Grande",462.8,22,11641,95.23,10618.08,21516,0.3578,0,1,0,NA,NA,0,NA,NA
"LJ0103","Sul","Rua","Media",236.3,7,7205,76.92,4916.56,10574.2,0.2745,0,3,0,NA,NA,0,NA,NA
"LJ0104","Central","Rua","Media",221.6,12,6448,67.44,4195.05,9457.98,0.2518,1,1,0,NA,NA,0,NA,NA
"LJ0105","Central","Shopping","Pequena",73.9,4,1794,58.19,1684.98,2757.69,0.1506,0,3,0,NA,NA,0,NA,NA
"LJ0106","Central","Rua","Media",187.7,9,5515,69.19,3305.55,7260.21,0.2515,0,3,0,NA,NA,0,NA,NA
"LJ0107","Oeste","Shopping","Grande",453.2,22,18813,109.07,8193.2,32760.4,0.3603,1,2,1,32760.4,37343.95,0,NA,NA
"LJ0108","Leste","Rua","Pequena",58,3,2047,51.96,1412.22,3742.35,0.1417,0,4,0,NA,NA,1,"Tratamento",527.19
"LJ0109","Sul","Shopping","Pequena",54.8,5,2771,32.98,989.28,2294.44,0.1826,0,0,0,NA,NA,0,NA,NA
"LJ0110","Leste","Rua","Pequena",55.1,4,1896,40.19,809.75,2139.86,0.1483,0,0,0,NA,NA,0,NA,NA
"LJ0111","Sul","Shopping","Pequena",67.4,6,3206,51.75,1501.86,500,0.174,0,3,0,NA,NA,0,NA,NA
"LJ0112","Norte","Quiosque","Grande",472.9,31,13278,105.35,7989.72,26726.42,0.3504,0,1,1,26726.42,28412.3,0,NA,NA
"LJ0113","Central","Shopping","Pequena",64.4,5,2618,52.34,2127.28,3794.14,0.166,1,1,0,NA,NA,0,NA,NA
"LJ0114","Sul","Shopping","Pequena",94.5,5,1870,48.77,921.92,1318.17,0.1599,0,2,0,NA,NA,0,NA,NA
"LJ0115","Central","Shopping","Media",199.4,9,6402,60.75,3812.34,9290.27,0.3059,0,2,1,9290.27,10085.84,0,NA,NA
"LJ0116","Central","Shopping","Grande",434.1,32,19774,119.39,12548.33,38598.51,0.3109,0,1,0,NA,NA,0,NA,NA
"LJ0117","Leste","Rua","Pequena",81.9,5,2229,67.73,1185.56,3938.65,0.1609,0,1,0,NA,NA,0,NA,NA
"LJ0118","Central","Shopping","Media",217.3,9,7239,73.1,2791.4,7926.31,0.2509,0,2,0,NA,NA,1,"Tratamento",23.15
"LJ0119","Central","Rua","Grande",414.7,39,13841,76.09,8028.33,18825.52,0.3761,0,2,0,NA,NA,0,NA,NA
"LJ0120","Oeste","Rua","Pequena",97,5,1993,56.03,699.82,3725.22,0.1478,1,1,1,3725.22,4214.48,0,NA,NA
"LJ0121","Leste","Shopping","Pequena",80.7,4,1978,60.08,2026.54,2161.98,0.1629,0,1,0,NA,NA,0,NA,NA
"LJ0122","Central","Rua","Pequena",96.1,4,2233,50.96,1765.74,1988.29,0.1824,0,0,0,NA,NA,0,NA,NA
"LJ0123","Leste","Shopping","Pequena",88.5,4,1970,59.13,1270.54,7907.45,0.1616,0,1,0,NA,NA,0,NA,NA
"LJ0124","Oeste","Rua","Pequena",92.5,6,2321,54.69,1589.73,3032.33,0.1875,0,2,0,NA,NA,0,NA,NA
"LJ0125","Sul","Shopping","Pequena",63.5,3,2531,41.89,1314.53,4560.11,0.1596,0,2,0,NA,NA,1,"Tratamento",23.13
"LJ0126","Central","Rua","Media",194.8,13,7431,67.73,2647.73,9721.82,0.2852,0,1,0,NA,NA,0,NA,NA
"LJ0127","Sul","Quiosque","Pequena",75.6,3,1803,51.22,1141.04,500,0.1174,0,1,0,NA,NA,0,NA,NA
"LJ0128","Leste","Shopping","Pequena",57.6,1,2017,36.17,1667.04,500,0.1627,0,0,0,NA,NA,0,NA,NA
"LJ0129","Central","Rua","Media",236.6,8,7145,46.9,3365.97,6340.61,0.2895,0,2,0,NA,NA,0,NA,NA
"LJ0130","Sul","Quiosque","Pequena",84.9,6,1219,42.36,970,2950.99,0.1217,0,2,0,NA,NA,0,NA,NA
"LJ0131","Sul","Shopping","Pequena",80.2,5,2420,41.84,1389.19,5323.42,0.1757,0,2,0,NA,NA,0,NA,NA
"LJ0132","Oeste","Shopping","Grande",385.5,27,15206,89.03,9829.8,25539.52,0.3483,0,1,0,NA,NA,1,"Tratamento",516.91
"LJ0133","Central","Shopping","Media",202.9,12,7552,68.45,3950.72,6891.62,0.2721,1,0,0,NA,NA,0,NA,NA
"LJ0134","Central","Shopping","Pequena",88.7,2,2621,48.31,1583.43,3923.67,0.198,0,3,1,3923.67,4635.9,0,NA,NA
"LJ0135","Norte","Quiosque","Pequena",70.8,4,1714,42.01,2019.01,3508.12,0.1295,0,0,0,NA,NA,1,"Tratamento",71.82
"LJ0136","Central","Shopping","Pequena",78.7,4,2263,49.58,776.75,1262.93,0.167,0,0,1,1262.93,1567.36,0,NA,NA
"LJ0137","Central","Rua","Media",224.5,9,6568,67.58,4781.55,6637.89,0.2866,0,4,0,NA,NA,1,"Controle",294.63
"LJ0138","Leste","Rua","Pequena",97.3,4,2584,44.35,1066.74,2925.02,0.1279,0,4,0,NA,NA,0,NA,NA
"LJ0139","Leste","Quiosque","Media",220.8,10,5268,75.49,4262.57,6093.05,0.2234,0,3,1,6093.05,5539.4,0,NA,NA
"LJ0140","Sul","Quiosque","Pequena",74.3,4,1697,59.45,1401.13,5717.27,0.1378,0,1,0,NA,NA,0,NA,NA
"LJ0141","Oeste","Quiosque","Grande",502.9,24,15255,82.18,9480.82,23172.51,0.3361,0,3,0,NA,NA,0,NA,NA
"LJ0142","Sul","Quiosque","Media",187.3,11,6124,52.74,5394.06,5927.47,0.2433,0,0,0,NA,NA,0,NA,NA
"LJ0143","Leste","Rua","Media",127,14,6983,74.66,2936.31,7276.05,0.313,0,0,0,NA,NA,1,"Tratamento",211.08
"LJ0144","Oeste","Rua","Grande",475.9,31,12914,87.87,6349.11,21595.09,0.3426,0,2,1,21595.09,21718.65,1,"Controle",462.14
"LJ0145","Norte","Quiosque","Media",191.3,10,3989,66.08,4891.92,7016.31,0.1737,0,1,0,NA,NA,0,NA,NA
"LJ0146","Central","Shopping","Pequena",68.1,4,3300,44.12,779.39,586.12,0.1913,0,1,0,NA,NA,0,NA,NA
"LJ0147","Central","Shopping","Pequena",100.9,3,1960,56.3,691.24,500,0.1421,1,3,0,NA,NA,1,"Tratamento",532.91
"LJ0148","Leste","Rua","Media",239.7,7,7089,54.41,2106.15,7446.58,0.255,0,1,0,NA,NA,0,NA,NA
"LJ0149","Oeste","Quiosque","Media",250.7,6,7207,80.24,2820.38,10043.36,0.2626,0,0,0,NA,NA,1,"Controle",53.59
"LJ0150","Central","Rua","Media",275.4,7,5692,83.45,2074.42,10520.79,0.2652,0,2,0,NA,NA,0,NA,NA
"LJ0151","Central","Rua","Media",184.5,12,7643,66.08,4239.07,9996.21,0.2884,1,1,0,NA,NA,0,NA,NA
"LJ0152","Central","Rua","Pequena",79.5,6,1904,40.67,1631.74,1714.2,0.1442,0,1,0,NA,NA,0,NA,NA
"LJ0153","Norte","Rua","Grande",542.4,28,13451,119.12,9097.31,29448.25,0.3389,0,2,1,29448.25,31254.78,0,NA,NA
"LJ0154","Leste","Quiosque","Media",231.5,9,4566,78.97,4211.3,4382.16,0.2434,0,2,0,NA,NA,0,NA,NA
"LJ0155","Oeste","Rua","Pequena",72.5,5,2260,43,1569.78,1416.69,0.1361,0,2,1,1416.69,1634.67,0,NA,NA
"LJ0156","Oeste","Rua","Pequena",79,4,1988,46.38,1007.36,500,0.1345,0,2,0,NA,NA,0,NA,NA
"LJ0157","Sul","Shopping","Media",177.3,15,6623,70.26,3789.18,10515.88,0.2702,1,1,0,NA,NA,1,"Controle",-70.68
"LJ0158","Oeste","Shopping","Grande",535.7,31,18395,84.59,5782.44,25670.35,0.321,1,2,0,NA,NA,0,NA,NA
"LJ0159","Oeste","Shopping","Pequena",92.3,5,2753,37.6,1731.36,4732.09,0.2028,0,1,0,NA,NA,1,"Tratamento",215.3
"LJ0160","Central","Quiosque","Grande",437.5,34,11807,99.4,15259,24081.56,0.3047,0,2,1,24081.56,22668.44,0,NA,NA
"LJ0161","Central","Rua","Media",271.1,13,7369,68.27,4962.26,11138,0.2651,0,0,0,NA,NA,0,NA,NA
"LJ0162","Leste","Rua","Media",265.6,8,5775,33.83,20443.36,10451.19,0.2444,0,4,1,10451.19,11476.55,0,NA,NA
"LJ0163","Norte","Shopping","Media",168.1,14,7633,61,6466.76,7944.32,0.2898,0,0,0,NA,NA,0,NA,NA
"LJ0164","Central","Rua","Pequena",106,4,3265,40.26,1392.62,3646.55,0.2058,0,1,0,NA,NA,1,"Tratamento",322.7
"LJ0165","Central","Quiosque","Media",210.7,14,2633,66.03,7011.46,886.82,0.1367,0,0,0,NA,NA,1,"Tratamento",66.47
"LJ0166","Sul","Rua","Grande",562.8,31,13237,81.84,19834.71,27238.33,0.3803,0,1,0,NA,NA,0,NA,NA
"LJ0167","Central","Quiosque","Pequena",54,4,2067,37.13,970.46,3967.97,0.1867,0,3,0,NA,NA,0,NA,NA
"LJ0168","Leste","Rua","Media",220.2,12,6944,62.64,3283.86,10492.03,0.2501,0,3,0,NA,NA,0,NA,NA
"LJ0169","Leste","Shopping","Media",224.6,11,7475,58.02,3981.44,12953.37,0.3111,0,1,0,NA,NA,0,NA,NA
"LJ0170","Central","Quiosque","Media",207.2,14,3420,67.06,4535.08,4890.56,0.1866,0,0,0,NA,NA,1,"Tratamento",889.8
"LJ0171","Oeste","Rua","Media",236.6,10,6311,59.76,8848.65,8375.91,0.2579,0,1,0,NA,NA,0,NA,NA
"LJ0172","Oeste","Rua","Media",188,13,6597,54.26,2517.23,7089.62,0.2724,1,1,0,NA,NA,1,"Controle",3.98
"LJ0173","Leste","Rua","Pequena",75.3,1,2311,33.48,1592.47,4518.21,0.1512,0,2,0,NA,NA,0,NA,NA
"LJ0174","Oeste","Rua","Pequena",64.4,3,2029,44.47,503.16,500,0.1532,0,1,0,NA,NA,1,"Tratamento",712.71
"LJ0175","Sul","Quiosque","Pequena",82.3,4,1808,43.67,1908.66,6185.85,0.1305,0,1,0,NA,NA,0,NA,NA
"LJ0176","Leste","Shopping","Pequena",77.1,2,2513,45.13,791.5,4099.65,0.1813,0,0,0,NA,NA,0,NA,NA
"LJ0177","Norte","Rua","Grande",476.1,35,18054,110.43,7056.15,35867.48,0.3549,0,2,0,NA,NA,0,NA,NA
"LJ0178","Norte","Rua","Pequena",90.6,3,3042,35.33,769.72,2859.91,0.1828,0,0,0,NA,NA,0,NA,NA
"LJ0179","Norte","Shopping","Pequena",72.6,2,2397,50.57,1006.76,4633.36,0.1834,0,2,0,NA,NA,0,NA,NA
"LJ0180","Leste","Rua","Pequena",75.3,3,1843,45.21,927.33,1574.09,0.1754,0,1,0,NA,NA,1,"Tratamento",174.5
"LJ0181","Central","Shopping","Pequena",79.5,5,3009,52.38,1587.64,1390.76,0.1855,0,2,0,NA,NA,0,NA,NA
"LJ0182","Sul","Rua","Pequena",76.4,2,2045,39.71,1405.04,1564.63,0.1122,0,1,0,NA,NA,0,NA,NA
"LJ0183","Norte","Shopping","Media",250.5,10,7034,70.87,4544.01,7425.04,0.2438,0,2,0,NA,NA,0,NA,NA
"LJ0184","Leste","Shopping","Grande",538.4,31,14803,98.16,11690.69,28949.6,0.3302,0,1,0,NA,NA,0,NA,NA
"LJ0185","Sul","Rua","Media",288.1,8,6357,81.14,2480.69,10819.13,0.2515,0,2,0,NA,NA,0,NA,NA
"LJ0186","Sul","Shopping","Pequena",75.1,4,2439,50.03,10219,5909.62,0.1578,0,1,0,NA,NA,0,NA,NA
"LJ0187","Norte","Rua","Grande",582.5,29,12004,93.36,11924.44,21894.54,0.3234,0,2,0,NA,NA,0,NA,NA
"LJ0188","Central","Quiosque","Media",226.1,12,6452,76.27,5048.64,7763.28,0.246,0,3,0,NA,NA,0,NA,NA
"LJ0189","Central","Shopping","Media",150.5,14,6422,80.42,3600.16,11262.17,0.2801,0,2,0,NA,NA,0,NA,NA
"LJ0190","Sul","Rua","Media",169.2,10,6898,75.69,5553.29,6067.04,0.2659,0,0,0,NA,NA,0,NA,NA
"LJ0191","Sul","Rua","Media",178.3,10,6167,72.66,3683.46,9955.59,0.2742,0,2,0,NA,NA,0,NA,NA
"LJ0192","Central","Rua","Grande",410.4,24,14439,87.81,12249.08,23121.86,0.3249,0,1,0,NA,NA,1,"Tratamento",139.8
"LJ0193","Central","Rua","Grande",493.2,35,13746,94.28,9199.19,23372.99,0.3255,0,0,0,NA,NA,0,NA,NA
"LJ0194","Norte","Rua","Media",277.3,9,4974,53.64,9351.72,9887.87,0.189,0,2,0,NA,NA,0,NA,NA
"LJ0195","Sul","Rua","Pequena",83.9,5,2756,45.03,989.35,3279.98,0.185,0,3,0,NA,NA,0,NA,NA
"LJ0196","Sul","Quiosque","Pequena",74.6,4,1921,53.63,1556.82,3780.85,0.125,0,0,0,NA,NA,0,NA,NA
"LJ0197","Central","Rua","Media",193.7,11,7579,63.96,2855.54,10221.17,0.2973,0,1,1,10221.17,11893.55,0,NA,NA
"LJ0198","Leste","Shopping","Pequena",101.5,7,2608,39.84,636.76,1641.64,0.187,0,1,0,NA,NA,0,NA,NA
"LJ0199","Oeste","Shopping","Media",200.2,12,6121,76.18,3471.07,8198.7,0.2638,0,0,0,NA,NA,0,NA,NA
"LJ0200","Central","Quiosque","Pequena",92,3,1462,49.54,1932.47,2781.24,0.1126,0,0,0,NA,NA,0,NA,NA
"LJ0201","Norte","Shopping","Grande",406.3,19,17973,105.27,9787.96,32936.43,0.3245,0,0,1,32936.43,35100.07,0,NA,NA
"LJ0202","Leste","Shopping","Pequena",71.6,4,1488,44.97,1281.48,1959.18,0.1405,0,2,0,NA,NA,0,NA,NA
"LJ0203","Sul","Shopping","Pequena",58.2,7,2077,58.99,1143.09,2491.6,0.1402,0,2,0,NA,NA,0,NA,NA
"LJ0204","Norte","Rua","Pequena",71.2,2,2171,42,1162.48,1631.52,0.1509,0,2,0,NA,NA,0,NA,NA
"LJ0205","Sul","Shopping","Pequena",97.1,6,2145,55.49,1273.8,2675.73,0.1719,1,1,0,NA,NA,0,NA,NA
"LJ0206","Oeste","Rua","Pequena",74.6,5,1907,40.12,787.47,3217.78,0.1536,0,1,0,NA,NA,0,NA,NA
"LJ0207","Central","Shopping","Grande",518.7,22,17106,100.8,14072.02,31194.76,0.3392,0,0,0,NA,NA,0,NA,NA
"LJ0208","Norte","Rua","Grande",374.7,30,12471,110.99,9426.25,22604.59,0.3134,0,1,0,NA,NA,0,NA,NA
"LJ0209","Norte","Rua","Grande",460.1,43,13069,96.25,4616.59,19270.63,0.2974,0,2,0,NA,NA,0,NA,NA
"LJ0210","Leste","Shopping","Pequena",79.1,5,3086,58.66,1589.17,3359.83,0.2033,0,1,0,NA,NA,0,NA,NA
"LJ0211","Oeste","Rua","Pequena",69.9,7,2032,30.4,1890.52,1545.89,0.1389,0,2,1,1545.89,1836.95,0,NA,NA
"LJ0212","Central","Quiosque","Grande",513.2,21,15310,76.75,10191.31,19671.93,0.3367,0,3,0,NA,NA,0,NA,NA
"LJ0213","Central","Quiosque","Pequena",63.7,4,1645,47.91,1858.27,2225.5,0.1177,0,1,0,NA,NA,0,NA,NA
"LJ0214","Central","Rua","Media",231.5,10,8528,60.58,3618.82,9397.21,0.2839,0,2,0,NA,NA,0,NA,NA
"LJ0215","Norte","Quiosque","Pequena",83.8,5,1510,30.44,1451.97,1567.86,0.1344,0,0,1,1567.86,2023.57,1,"Tratamento",1038.3
"LJ0216","Leste","Rua","Pequena",90.1,3,1650,46.31,1078.37,2024.95,0.1322,1,1,0,NA,NA,1,"Controle",20.08
"LJ0217","Central","Quiosque","Grande",544.4,35,11628,103.24,9262.17,22872.19,0.3172,0,1,1,22872.19,23387.35,0,NA,NA
"LJ0218","Central","Shopping","Pequena",94.4,3,2568,38.11,1253.82,500,0.1958,1,2,0,NA,NA,1,"Tratamento",-46.34
"LJ0219","Central","Shopping","Pequena",98.2,4,2682,53.17,920.68,1489.94,0.1973,0,5,0,NA,NA,1,"Controle",-260.12
"LJ0220","Sul","Rua","Media",230.1,14,6584,72.34,2489.79,7556.18,0.2568,1,0,0,NA,NA,0,NA,NA
"LJ0221","Central","Shopping","Pequena",63.3,6,2172,64.67,738.19,500,0.1717,1,1,0,NA,NA,1,"Tratamento",-26.88
"LJ0222","Leste","Rua","Media",254.8,11,6574,66.09,2917.49,8941.1,0.2744,0,1,1,8941.1,9427.73,0,NA,NA
"LJ0223","Central","Rua","Media",279.7,7,4958,64.16,2727.38,6143.69,0.2418,0,0,0,NA,NA,0,NA,NA
"LJ0224","Oeste","Shopping","Pequena",86.1,3,2240,41.47,1139.58,2910.94,0.1833,0,2,0,NA,NA,0,NA,NA
"LJ0225","Sul","Shopping","Pequena",69.9,4,3236,44.6,1332.94,3579.02,0.1669,0,0,0,NA,NA,0,NA,NA
"LJ0226","Norte","Shopping","Pequena",83.9,3,2443,54.26,1408.48,2645.1,0.2079,0,1,0,NA,NA,0,NA,NA
"LJ0227","Oeste","Rua","Media",202.4,16,6307,63.62,4136.41,7455.37,0.2871,0,1,0,NA,NA,1,"Controle",-108.09
"LJ0228","Central","Quiosque","Pequena",82.7,6,2005,40.57,1297.94,500,0.1354,0,0,0,NA,NA,1,"Tratamento",162.46
"LJ0229","Sul","Shopping","Grande",494.1,22,23337,99.73,15385.38,42415.18,0.3497,0,0,1,42415.18,42226.03,0,NA,NA
"LJ0230","Central","Shopping","Media",149.6,7,7980,67.86,3632.9,7310.46,0.2991,0,1,1,7310.46,7872.62,1,"Tratamento",953.13
"LJ0231","Sul","Shopping","Pequena",105.4,3,2377,44.37,1342.2,4494.3,0.1488,0,1,0,NA,NA,0,NA,NA
"LJ0232","Central","Shopping","Grande",517.8,26,19047,81.56,6652.7,24485.47,0.3387,0,1,1,24485.47,25774.88,0,NA,NA
"LJ0233","Sul","Shopping","Media",241.3,7,7076,63.43,6448.36,8791.06,0.2423,0,2,0,NA,NA,0,NA,NA
"LJ0234","Leste","Shopping","Grande",450.2,20,17208,87.38,9380.86,30065.14,0.3321,0,1,0,NA,NA,1,"Tratamento",794.52
"LJ0235","Norte","Rua","Pequena",67.1,4,1109,36.27,1259.93,2443.34,0.1388,0,2,0,NA,NA,0,NA,NA
"LJ0236","Oeste","Rua","Pequena",96.5,3,1810,46.69,1867.79,3256.14,0.1426,0,5,0,NA,NA,0,NA,NA
"LJ0237","Norte","Shopping","Media",168.3,11,7745,82.01,3744.47,11708.48,0.2483,0,1,0,NA,NA,0,NA,NA
"LJ0238","Central","Rua","Media",261.1,10,5294,69.87,1957.32,7774.54,0.2716,0,1,0,NA,NA,0,NA,NA
"LJ0239","Central","Shopping","Pequena",51.1,5,2296,55.48,573.66,2542.7,0.1456,1,3,0,NA,NA,0,NA,NA
"LJ0240","Norte","Quiosque","Grande",508,31,10158,77.19,10571.59,13645.37,0.3003,0,1,0,NA,NA,0,NA,NA
"LJ0241","Norte","Quiosque","Media",183.1,13,4520,65.53,2238.09,7823.67,0.2809,0,0,0,NA,NA,1,"Controle",-129.47
"LJ0242","Leste","Rua","Media",188.3,9,5563,74.49,5152.59,9955.05,0.2548,0,0,0,NA,NA,1,"Tratamento",245.14
"LJ0243","Norte","Rua","Media",189.6,16,5927,60.34,3446.1,7529.21,0.239,0,1,1,7529.21,8156.35,1,"Controle",55.87
"LJ0244","Oeste","Shopping","Pequena",83.2,2,2895,44.01,1168.44,1469.88,0.1706,0,2,0,NA,NA,0,NA,NA
"LJ0245","Leste","Rua","Grande",560.8,29,13763,101.46,7121.09,24975.96,0.3288,1,1,1,24975.96,26072.01,0,NA,NA
"LJ0246","Leste","Shopping","Media",228.3,9,9627,49.1,6308.77,8328.66,0.3222,0,3,0,NA,NA,0,NA,NA
"LJ0247","Oeste","Quiosque","Grande",549.7,25,8761,62.67,10920.88,12472.6,0.2883,0,1,1,12472.6,14052.07,0,NA,NA
"LJ0248","Sul","Rua","Pequena",87.3,3,2245,44.02,1267.75,4077.45,0.1792,1,1,0,NA,NA,0,NA,NA
"LJ0249","Central","Rua","Pequena",42.9,6,2461,33.3,2039.27,5272.39,0.1822,0,0,0,NA,NA,0,NA,NA
"LJ0250","Central","Rua","Pequena",83.1,3,2551,44.97,1033.38,4056.3,0.1498,0,2,0,NA,NA,0,NA,NA
"LJ0251","Oeste","Quiosque","Pequena",69.6,5,1588,57.37,1166.89,2543.56,0.0962,0,1,0,NA,NA,1,"Controle",9.88
"LJ0252","Sul","Quiosque","Media",258.6,12,6300,74.39,2606.15,8393.04,0.2674,0,1,0,NA,NA,0,NA,NA
"LJ0253","Sul","Rua","Pequena",61,6,2193,50.42,1487.9,2481.16,0.137,0,0,1,2481.16,2532.45,0,NA,NA
"LJ0254","Oeste","Rua","Media",193.2,13,5647,79.6,3590.58,9986.68,0.2697,0,0,0,NA,NA,0,NA,NA
"LJ0255","Sul","Quiosque","Pequena",77.5,1,1864,41.96,1030.09,1019.18,0.1542,0,2,0,NA,NA,0,NA,NA
"LJ0256","Central","Shopping","Media",253.8,13,7810,61.59,2864.54,9328.37,0.2902,0,2,0,NA,NA,0,NA,NA
"LJ0257","Oeste","Rua","Pequena",76.1,5,1262,44.63,2482.67,1038.51,0.1385,0,0,0,NA,NA,0,NA,NA
"LJ0258","Norte","Quiosque","Pequena",95.8,3,1464,51.09,1634.8,1525.28,0.1033,0,2,0,NA,NA,0,NA,NA
"LJ0259","Norte","Rua","Media",247,13,6151,80.47,3744.84,5530.68,0.2883,1,2,0,NA,NA,0,NA,NA
"LJ0260","Oeste","Rua","Media",242.8,6,6628,62.61,4556.8,6638.25,0.3135,0,1,1,6638.25,6196.35,0,NA,NA
"LJ0261","Leste","Shopping","Pequena",43.9,4,2956,74.29,1753.55,7828.12,0.1638,0,2,0,NA,NA,1,"Tratamento",513.53
"LJ0262","Leste","Rua","Pequena",76.7,4,1456,63.83,988.35,3743.7,0.0896,0,1,0,NA,NA,0,NA,NA
"LJ0263","Norte","Rua","Media",222.6,12,6451,60.21,4058.38,7543.53,0.2674,1,2,0,NA,NA,1,"Tratamento",391.71
"LJ0264","Sul","Quiosque","Grande",550.1,30,3897,89.42,10221.18,8708.31,0.1974,0,2,1,8708.31,9917.92,0,NA,NA
"LJ0265","Oeste","Rua","Grande",490.7,33,13976,95.82,18218.76,31876.12,0.3774,0,1,0,NA,NA,0,NA,NA
"LJ0266","Central","Rua","Pequena",85.7,3,2265,41.97,1670.34,3468.34,0.1448,0,1,0,NA,NA,0,NA,NA
"LJ0267","Sul","Rua","Media",247.9,8,6052,55.94,3135.2,8297.33,0.2907,0,6,0,NA,NA,1,"Controle",61.9
"LJ0268","Leste","Rua","Media",235,13,6781,81.06,6207.18,11325.3,0.2503,0,0,0,NA,NA,0,NA,NA
"LJ0269","Oeste","Shopping","Pequena",66.2,4,2942,47.96,1019.04,1777.3,0.1886,0,0,0,NA,NA,0,NA,NA
"LJ0270","Oeste","Shopping","Media",162.5,9,7731,70.18,4014.97,8747.88,0.2917,0,1,0,NA,NA,0,NA,NA
"LJ0271","Leste","Rua","Pequena",68.6,5,2025,34.42,1551.55,3529.82,0.1606,0,2,0,NA,NA,0,NA,NA
"LJ0272","Leste","Rua","Media",158.6,10,6140,51.33,1632.82,7959.59,0.2587,0,0,0,NA,NA,0,NA,NA
"LJ0273","Central","Quiosque","Pequena",58.2,5,1448,47.68,1330.21,2654.86,0.1047,0,1,0,NA,NA,0,NA,NA
"LJ0274","Sul","Quiosque","Media",224.3,10,5060,73.74,1957.29,5207.09,0.2595,0,1,0,NA,NA,0,NA,NA
"LJ0275","Oeste","Quiosque","Pequena",81.2,5,1480,54.29,993.08,1669.7,0.1154,0,1,0,NA,NA,0,NA,NA
"LJ0276","Leste","Rua","Pequena",64.7,5,2729,42.93,877.85,2784.03,0.1913,0,1,1,2784.03,3856.85,0,NA,NA
"LJ0277","Norte","Rua","Grande",499.1,25,11514,94.49,8961.59,21921.88,0.2845,0,1,0,NA,NA,0,NA,NA
"LJ0278","Oeste","Shopping","Pequena",69.5,4,2376,34.81,1129.74,500,0.1882,0,1,0,NA,NA,0,NA,NA
"LJ0279","Oeste","Rua","Media",249.9,13,6418,52.42,4437.39,8122.36,0.2791,0,1,0,NA,NA,0,NA,NA
"LJ0280","Central","Quiosque","Media",183.9,13,4816,53.43,5272.13,6539.43,0.2727,0,2,0,NA,NA,0,NA,NA
"LJ0281","Oeste","Rua","Pequena",87.7,4,2193,44.36,2228.06,3098.87,0.1423,0,0,0,NA,NA,0,NA,NA
"LJ0282","Oeste","Quiosque","Pequena",66.3,4,1769,54.13,1442.25,2856.55,0.1263,0,1,1,2856.55,3552.44,0,NA,NA
"LJ0283","Leste","Shopping","Media",211.8,13,8086,79.65,5246.5,13051.51,0.2955,0,1,0,NA,NA,0,NA,NA
"LJ0284","Oeste","Shopping","Grande",387.9,23,17020,101.3,10807.11,32029.93,0.3397,0,1,0,NA,NA,0,NA,NA
"LJ0285","Oeste","Rua","Media",190.3,8,4820,79.42,3216.34,7926.73,0.2636,0,1,1,7926.73,9187.25,0,NA,NA
"LJ0286","Leste","Quiosque","Pequena",104.9,2,1425,46.19,1374.15,3766.04,0.138,0,1,0,NA,NA,0,NA,NA
"LJ0287","Central","Quiosque","Pequena",72.5,5,1656,27.23,828.07,2465.3,0.1386,0,1,0,NA,NA,0,NA,NA
"LJ0288","Central","Rua","Pequena",65.2,6,2486,56.59,1256.45,4158.59,0.1736,0,1,0,NA,NA,0,NA,NA
"LJ0289","Norte","Rua","Pequena",75.5,4,1253,42.84,1345.93,1916.94,0.1127,0,0,0,NA,NA,0,NA,NA
"LJ0290","Oeste","Rua","Media",263.2,14,6269,60.11,3843.21,7741.25,0.2467,0,1,0,NA,NA,1,"Tratamento",406.24
"LJ0291","Central","Rua","Media",239.7,13,7239,49.64,4344.33,7419.09,0.2831,0,0,0,NA,NA,1,"Controle",-24.28
"LJ0292","Norte","Shopping","Media",215.2,9,6921,72.89,9030.89,12745.65,0.2837,0,1,0,NA,NA,1,"Tratamento",353.63
"LJ0293","Leste","Rua","Media",296.8,11,6688,76.38,3029.09,11424.49,0.2612,0,1,1,11424.49,12100.97,1,"Tratamento",87.87
"LJ0294","Norte","Rua","Grande",484.2,22,13159,96.3,9025.88,20268.55,0.312,0,1,0,NA,NA,0,NA,NA
"LJ0295","Oeste","Shopping","Media",245.5,13,8342,66,6636.64,9930.98,0.3002,0,1,1,9930.98,9301.98,0,NA,NA
"LJ0296","Oeste","Shopping","Grande",412.8,32,13445,132.2,14556.93,35853.64,0.3378,0,0,0,NA,NA,0,NA,NA
"LJ0297","Leste","Quiosque","Media",253.5,12,3875,41.84,4498.7,3857.87,0.1764,0,4,0,NA,NA,1,"Tratamento",123.64
"LJ0298","Leste","Rua","Media",221.4,11,6244,39.02,4799.83,4573.1,0.2459,0,1,0,NA,NA,0,NA,NA
"LJ0299","Central","Shopping","Media",219.3,12,7235,65.57,4096.14,6739.54,0.2794,0,3,0,NA,NA,1,"Tratamento",-79.46
"LJ0300","Sul","Shopping","Pequena",102.4,2,1861,42.86,1300.12,500,0.1443,0,1,0,NA,NA,0,NA,NA
"LJ0301","Leste","Rua","Grande",504,30,16201,91.26,13290.1,31781.1,0.3386,0,4,0,NA,NA,1,"Controle",-133.18
"LJ0302","Leste","Quiosque","Pequena",96.4,7,1133,45.51,683.31,2453.77,0.1179,0,1,0,NA,NA,0,NA,NA
"LJ0303","Leste","Rua","Media",234.6,9,6889,71.18,4010.81,9897.33,0.2813,1,0,0,NA,NA,0,NA,NA
"LJ0304","Sul","Rua","Media",196.6,7,8098,51.84,3669.43,11155.79,0.3067,0,2,0,NA,NA,0,NA,NA
"LJ0305","Norte","Rua","Pequena",58.7,3,3297,57.35,746.88,1464.56,0.2019,0,2,0,NA,NA,0,NA,NA
"LJ0306","Central","Shopping","Pequena",84,5,2134,51.59,1413.26,3910.79,0.1602,1,2,0,NA,NA,1,"Tratamento",79.6
"LJ0307","Oeste","Rua","Pequena",69.9,4,2449,35.66,1919.58,2278.14,0.197,0,0,1,2278.14,2680.71,0,NA,NA
"LJ0308","Sul","Rua","Pequena",84.5,3,1699,32.76,1777.95,628.06,0.1507,0,3,0,NA,NA,0,NA,NA
"LJ0309","Oeste","Shopping","Pequena",84.7,3,2835,44.53,1772.25,4877.68,0.194,1,2,1,4877.68,5453.15,0,NA,NA
"LJ0310","Norte","Rua","Media",182,10,6679,57.37,2961.75,7871.63,0.2921,0,0,0,NA,NA,1,"Controle",452.65
"LJ0311","Norte","Rua","Grande",458.7,35,11745,83.19,16223.23,21342.82,0.3332,0,3,0,NA,NA,1,"Controle",53.36
"LJ0312","Oeste","Rua","Grande",424.1,31,11495,73.92,7957.21,15267.25,0.3141,0,1,1,15267.25,16940.2,0,NA,NA
"LJ0313","Sul","Quiosque","Pequena",108.9,3,1764,50.39,1161.01,500,0.1524,0,0,0,NA,NA,0,NA,NA
"LJ0314","Oeste","Quiosque","Pequena",94.5,5,1777,40.35,783.17,1085.85,0.1262,0,1,0,NA,NA,0,NA,NA
"LJ0315","Sul","Shopping","Pequena",76.5,3,2647,43.8,1096.87,500,0.2066,0,0,0,NA,NA,0,NA,NA
"LJ0316","Norte","Rua","Media",267.5,10,5768,51.13,4711.51,10857.21,0.2602,0,0,0,NA,NA,1,"Tratamento",538.61
"LJ0317","Leste","Shopping","Pequena",91.4,5,2739,50.06,2412.08,4395.35,0.1673,0,1,1,4395.35,4344.07,0,NA,NA
"LJ0318","Leste","Quiosque","Pequena",77.7,5,2348,41.28,1280.75,3873.58,0.1776,0,2,0,NA,NA,0,NA,NA
"LJ0319","Leste","Quiosque","Media",209.1,5,5104,59.62,2843.72,7581.31,0.2321,0,1,0,NA,NA,0,NA,NA
"LJ0320","Leste","Quiosque","Pequena",67.3,6,1391,38.96,1284.28,4263.3,0.1551,1,0,0,NA,NA,0,NA,NA
"LJ0321","Norte","Rua","Media",235.2,13,6443,61.92,4189.74,5696.17,0.2727,0,1,0,NA,NA,0,NA,NA
"LJ0322","Leste","Rua","Pequena",75.6,4,1989,30.25,1219.06,1842.53,0.1363,0,1,0,NA,NA,0,NA,NA
"LJ0323","Central","Shopping","Pequena",83.9,3,1698,47.78,1839.35,1685.78,0.1422,0,3,0,NA,NA,0,NA,NA
"LJ0324","Norte","Shopping","Pequena",96.7,4,2924,57.04,1300.42,1694.46,0.1949,0,1,0,NA,NA,0,NA,NA
"LJ0325","Central","Quiosque","Pequena",96.9,4,524,34.02,1251.7,500,0.0789,0,1,0,NA,NA,1,"Controle",40.04
"LJ0326","Oeste","Shopping","Media",226.7,9,8272,65.49,3217.69,10802.32,0.2759,0,0,1,10802.32,12815.25,1,"Controle",-274.38
"LJ0327","Oeste","Rua","Grande",480.3,29,14191,103.76,10004.26,27185.17,0.3247,0,3,0,NA,NA,0,NA,NA
"LJ0328","Leste","Rua","Media",272.3,14,5419,53.91,5330.86,4253.75,0.2162,0,0,0,NA,NA,1,"Tratamento",499.82
"LJ0329","Sul","Quiosque","Media",197.3,13,4073,58.89,3293.57,7269.27,0.2171,1,0,0,NA,NA,0,NA,NA
"LJ0330","Oeste","Quiosque","Media",151.3,8,5386,81.86,4119.03,7846.69,0.2072,0,1,0,NA,NA,1,"Tratamento",76.69
"LJ0331","Sul","Rua","Media",200.1,10,8218,59.5,1972.38,11320.38,0.3169,0,0,1,11320.38,10530.76,0,NA,NA
"LJ0332","Oeste","Quiosque","Media",167,8,5046,71,3009.39,8067.96,0.2085,1,0,0,NA,NA,0,NA,NA
"LJ0333","Oeste","Shopping","Media",203.9,12,8524,67.76,3605.3,12240.25,0.2788,0,2,0,NA,NA,0,NA,NA
"LJ0334","Norte","Rua","Pequena",82,4,2323,38.73,1498.02,5511.84,0.1458,0,1,0,NA,NA,0,NA,NA
"LJ0335","Sul","Rua","Pequena",98.3,6,1649,48.13,1156.65,4951.01,0.1178,0,0,0,NA,NA,0,NA,NA
"LJ0336","Norte","Rua","Grande",491.8,23,17688,111.58,8768.02,34371.99,0.399,0,1,0,NA,NA,1,"Controle",107.18
"LJ0337","Sul","Rua","Media",233.5,7,6739,71.85,3780.26,8000.87,0.2679,0,0,0,NA,NA,0,NA,NA
"LJ0338","Leste","Quiosque","Pequena",96.9,3,1959,38.09,1046.81,4261.95,0.1668,0,2,1,4261.95,4845.41,0,NA,NA
"LJ0339","Sul","Rua","Media",195.3,13,5222,61.23,4848.65,6267.82,0.2456,0,1,0,NA,NA,0,NA,NA
"LJ0340","Leste","Quiosque","Pequena",96.3,4,1465,35.79,634.67,838.84,0.1005,0,3,0,NA,NA,0,NA,NA
"LJ0341","Sul","Quiosque","Pequena",81,5,1396,43.57,1157.24,5496.41,0.1357,0,2,1,5496.41,6229.11,0,NA,NA
"LJ0342","Leste","Shopping","Media",238.6,10,7664,57.17,6400.25,11337.59,0.2725,0,2,1,11337.59,11082.39,1,"Tratamento",279.64
"LJ0343","Sul","Rua","Pequena",79.8,3,2735,49.3,1165.93,3548.1,0.1568,0,1,0,NA,NA,1,"Tratamento",800.95
"LJ0344","Central","Shopping","Pequena",69.2,7,2131,38.34,2410.27,1545.69,0.1241,0,3,1,1545.69,1504.32,0,NA,NA
"LJ0345","Oeste","Rua","Media",250.6,10,5509,66.05,5776.4,7752.36,0.2562,0,3,0,NA,NA,0,NA,NA
"LJ0346","Central","Shopping","Media",207.6,10,6420,63.04,2993.18,5327.21,0.2632,0,2,0,NA,NA,1,"Controle",309.79
"LJ0347","Sul","Quiosque","Pequena",85.5,6,2125,37.76,1565.55,4297.61,0.1355,0,4,0,NA,NA,0,NA,NA
"LJ0348","Sul","Shopping","Media",218.7,6,7619,55.88,4013.4,8162.97,0.2806,0,1,0,NA,NA,1,"Tratamento",254.41
"LJ0349","Leste","Rua","Grande",427.6,27,15695,113.32,12319.34,28987.91,0.3672,0,3,0,NA,NA,1,"Tratamento",732.9
"LJ0350","Sul","Rua","Media",139.6,12,6206,69.55,4322.04,4838.38,0.2779,0,2,0,NA,NA,1,"Controle",-128.37
"LJ0351","Leste","Shopping","Pequena",73,6,2332,34.55,826.46,1943.59,0.1859,0,1,0,NA,NA,0,NA,NA
"LJ0352","Norte","Shopping","Media",226.7,11,8122,61.63,3467.81,8158.26,0.3169,0,3,0,NA,NA,1,"Controle",236.07
"LJ0353","Central","Shopping","Pequena",75.4,4,2472,36.68,1597.29,6719.2,0.1333,0,5,0,NA,NA,0,NA,NA
"LJ0354","Central","Rua","Pequena",67.3,2,2323,35.33,1255.63,5528.84,0.1568,0,2,1,5528.84,5470.21,0,NA,NA
"LJ0355","Leste","Rua","Pequena",56.6,5,1522,35.17,6339.77,2571.23,0.1108,0,1,0,NA,NA,0,NA,NA
"LJ0356","Norte","Shopping","Grande",481.6,25,21207,118.09,16135.65,41405.3,0.3665,0,4,0,NA,NA,0,NA,NA
"LJ0357","Norte","Rua","Grande",484.3,26,17538,102.04,11058.44,35841.53,0.3212,0,3,0,NA,NA,0,NA,NA
"LJ0358","Central","Quiosque","Media",265.9,11,6396,51.73,2307.33,5781.11,0.2751,0,0,1,5781.11,7002.53,0,NA,NA
"LJ0359","Leste","Quiosque","Pequena",81.9,4,1825,52.49,1530.28,2330.05,0.1329,0,1,0,NA,NA,0,NA,NA
"LJ0360","Oeste","Quiosque","Media",271.4,13,5005,60.44,5348.27,5905.19,0.2579,0,1,0,NA,NA,0,NA,NA
"LJ0361","Central","Rua","Media",220.8,9,6672,82.57,5156.64,12107.85,0.2606,0,1,0,NA,NA,1,"Tratamento",601.29
"LJ0362","Sul","Rua","Pequena",73,4,2260,48.15,1069.29,1915.46,0.1465,1,3,0,NA,NA,0,NA,NA
"LJ0363","Norte","Quiosque","Pequena",84.7,6,1599,54.14,1543.87,6554.61,0.154,0,3,0,NA,NA,0,NA,NA
"LJ0364","Central","Shopping","Media",217.9,13,6941,67.56,4364.27,8403.03,0.2761,0,0,0,NA,NA,0,NA,NA
"LJ0365","Leste","Rua","Pequena",78.7,4,2299,41.97,1233.82,531.48,0.1467,0,1,0,NA,NA,0,NA,NA
"LJ0366","Sul","Shopping","Pequena",59.9,4,2409,42.67,2361.22,3509.63,0.1814,0,0,0,NA,NA,0,NA,NA
"LJ0367","Norte","Rua","Media",207.7,9,7155,76.95,3817.36,12393.55,0.2688,0,0,0,NA,NA,0,NA,NA
"LJ0368","Norte","Rua","Media",165.6,15,6484,48.12,5047.8,6478.41,0.2794,0,1,0,NA,NA,0,NA,NA
"LJ0369","Leste","Rua","Media",204.2,10,6189,54.16,2933.65,5893.85,0.2569,0,1,0,NA,NA,0,NA,NA
"LJ0370","Norte","Rua","Pequena",93.8,3,2268,36.95,1471.27,938.92,0.1708,0,2,0,NA,NA,0,NA,NA
"LJ0371","Oeste","Rua","Media",91.4,10,6566,61.48,14821.16,12494.58,0.2696,0,1,0,NA,NA,1,"Controle",107.89
"LJ0372","Leste","Rua","Grande",436.6,24,13604,111.32,9384.8,26230.42,0.3514,0,3,0,NA,NA,0,NA,NA
"LJ0373","Norte","Rua","Pequena",74.9,4,2243,56.31,622.85,2947.37,0.153,0,0,0,NA,NA,1,"Tratamento",251.66
"LJ0374","Leste","Rua","Media",177.3,10,6451,60.13,3211.25,7293.52,0.2741,0,1,0,NA,NA,0,NA,NA
"LJ0375","Oeste","Shopping","Grande",397.3,32,18848,99.47,8784.78,33601.63,0.3258,0,0,0,NA,NA,1,"Controle",325.14
"LJ0376","Central","Rua","Pequena",107,4,2252,39.56,818.4,1358.89,0.1857,0,0,0,NA,NA,1,"Controle",350.26
"LJ0377","Oeste","Rua","Media",245.1,8,6290,75.69,6089.36,11732.85,0.2453,0,1,0,NA,NA,0,NA,NA
"LJ0378","Central","Rua","Pequena",63.1,6,2414,51.55,1117.16,3255.38,0.1947,0,1,0,NA,NA,1,"Controle",3.97
"LJ0379","Sul","Quiosque","Media",227.1,13,5734,81.64,2767.41,9245.03,0.2348,0,2,0,NA,NA,0,NA,NA
"LJ0380","Central","Rua","Media",201.5,12,6921,50.88,5627.62,10657.17,0.2699,0,2,0,NA,NA,0,NA,NA
"LJ0381","Oeste","Shopping","Media",184.1,12,7058,50.04,4060.66,6488.73,0.2577,0,3,0,NA,NA,0,NA,NA
"LJ0382","Norte","Shopping","Media",238,14,6604,65.4,3194.97,5409.41,0.2947,0,2,0,NA,NA,0,NA,NA
"LJ0383","Sul","Rua","Grande",522.3,30,11964,91.73,5392.73,18095.68,0.3287,0,1,1,18095.68,19499.57,0,NA,NA
"LJ0384","Leste","Rua","Media",183.3,14,7132,70.67,5182.16,9938.73,0.2399,0,0,1,9938.73,10312.37,0,NA,NA
"LJ0385","Norte","Quiosque","Media",297,13,4271,66.36,3888.58,4438.99,0.2433,0,2,0,NA,NA,1,"Tratamento",255.13
"LJ0386","Oeste","Rua","Pequena",63.6,4,2743,38.29,1307.88,2529.28,0.1465,0,0,0,NA,NA,0,NA,NA
"LJ0387","Leste","Rua","Pequena",92.7,5,2523,53.87,2069.19,500,0.1441,0,3,1,500,962.55,0,NA,NA
"LJ0388","Sul","Shopping","Grande",479.7,19,15920,81.44,12696.23,27128.34,0.3784,0,3,0,NA,NA,1,"Controle",-335.78
"LJ0389","Central","Shopping","Media",205.2,11,7583,67.53,5115.34,10469.98,0.282,0,0,0,NA,NA,0,NA,NA
"LJ0390","Leste","Quiosque","Media",215.7,10,6691,68.91,4152.55,6646.83,0.2616,0,2,0,NA,NA,0,NA,NA
"LJ0391","Norte","Shopping","Media",269.1,13,7871,57.49,3045.01,13304.2,0.3008,0,1,0,NA,NA,0,NA,NA
"LJ0392","Oeste","Rua","Grande",555.6,29,17418,89.75,8340.85,28211.99,0.2834,1,0,0,NA,NA,0,NA,NA
"LJ0393","Sul","Shopping","Grande",480.8,34,16733,104.94,10103.93,30870.07,0.3524,0,1,1,30870.07,30907.72,0,NA,NA
"LJ0394","Central","Quiosque","Media",253,11,5678,75.79,5162.33,7989.46,0.2427,1,2,0,NA,NA,1,"Tratamento",715.83
"LJ0395","Central","Rua","Pequena",78.9,4,2316,51.5,1948.25,2778.32,0.1629,0,1,1,2778.32,2589.72,0,NA,NA
"LJ0396","Oeste","Shopping","Media",253.3,12,9860,47.05,4590.74,6843.76,0.3203,0,3,0,NA,NA,0,NA,NA
"LJ0397","Central","Rua","Media",215.5,15,5864,74.43,3421.53,9168.07,0.2687,0,3,0,NA,NA,0,NA,NA
"LJ0398","Oeste","Shopping","Pequena",104,3,2338,48.39,1271.6,2479.46,0.1338,0,0,0,NA,NA,0,NA,NA
"LJ0399","Leste","Rua","Pequena",52.9,6,2144,21.61,941.33,500,0.1819,0,1,0,NA,NA,0,NA,NA
"LJ0400","Central","Rua","Pequena",100.2,3,2209,44.07,1358.85,3153.74,0.1547,0,1,0,NA,NA,1,"Controle",238.19
"LJ0401","Sul","Quiosque","Pequena",83.1,3,1658,49.52,1692.39,3121.11,0.1561,0,2,0,NA,NA,1,"Controle",-21.94
"LJ0402","Sul","Rua","Grande",544.8,34,13932,110.41,14588.74,32651.62,0.3619,0,1,0,NA,NA,0,NA,NA
"LJ0403","Oeste","Shopping","Pequena",107.5,5,2874,45.52,1654.48,5198.2,0.1803,0,2,0,NA,NA,1,"Tratamento",596.46
"LJ0404","Central","Shopping","Pequena",96.4,3,2872,46.15,937.61,2561.29,0.1821,0,0,0,NA,NA,0,NA,NA
"LJ0405","Sul","Rua","Pequena",111.8,6,2586,52.13,2292.73,1483.36,0.1793,0,1,0,NA,NA,0,NA,NA
"LJ0406","Central","Rua","Media",243.6,12,5396,56.91,3015.85,6459.64,0.2626,0,1,0,NA,NA,0,NA,NA
"LJ0407","Central","Rua","Media",152.7,9,6084,55.85,3907.85,8554.66,0.2721,0,0,0,NA,NA,0,NA,NA
"LJ0408","Leste","Rua","Grande",447.4,30,15786,108.67,8696.81,30280.01,0.352,0,2,0,NA,NA,0,NA,NA
"LJ0409","Sul","Rua","Media",257.5,11,6011,69.61,7843.84,7674.22,0.252,0,2,0,NA,NA,1,"Controle",193.47
"LJ0410","Oeste","Quiosque","Media",201.3,8,5035,62.3,4201.49,5289.16,0.2396,0,3,0,NA,NA,0,NA,NA
"LJ0411","Norte","Shopping","Media",234.5,13,7170,43.26,5698.73,7878.27,0.2975,0,2,0,NA,NA,0,NA,NA
"LJ0412","Leste","Shopping","Media",202,12,8822,66.39,4527.82,12526.93,0.3123,0,2,0,NA,NA,0,NA,NA
"LJ0413","Sul","Rua","Media",236.5,12,6842,82.49,4534.01,13122.46,0.2466,0,4,0,NA,NA,0,NA,NA
"LJ0414","Oeste","Shopping","Media",219.9,9,6807,64.13,1680.22,7056.87,0.2968,0,0,0,NA,NA,0,NA,NA
"LJ0415","Sul","Shopping","Media",218.3,11,8041,62.65,3716.34,11068.36,0.3007,0,0,0,NA,NA,0,NA,NA
"LJ0416","Central","Quiosque","Pequena",89.3,4,1883,48.78,1296.7,2645.16,0.1384,0,3,1,2645.16,2890.61,0,NA,NA
"LJ0417","Leste","Shopping","Pequena",102.2,3,2122,42.81,1466.35,4545.77,0.16,0,1,0,NA,NA,0,NA,NA
"LJ0418","Sul","Rua","Media",204.8,11,6803,67.05,2673.89,13258.39,0.2729,0,1,0,NA,NA,0,NA,NA
"LJ0419","Norte","Rua","Pequena",62.1,2,2210,47.48,1941.66,917.63,0.1531,0,0,0,NA,NA,0,NA,NA
"LJ0420","Sul","Rua","Grande",549.3,28,19226,81.07,9087.61,29800.67,0.3325,0,3,0,NA,NA,0,NA,NA
"LJ0421","Central","Rua","Grande",395.6,20,11698,92.39,8477.67,21142.63,0.3169,0,1,0,NA,NA,0,NA,NA
"LJ0422","Central","Rua","Media",231.7,11,6238,69.56,6360.03,11236.93,0.258,0,0,1,11236.93,10277.52,0,NA,NA
"LJ0423","Oeste","Quiosque","Media",247.2,11,8239,72.05,4775.03,11511.42,0.2822,0,0,0,NA,NA,0,NA,NA
"LJ0424","Sul","Shopping","Pequena",83.6,1,2235,56.83,657.96,4770.63,0.1712,0,3,0,NA,NA,0,NA,NA
"LJ0425","Sul","Shopping","Media",285.3,16,6491,77.94,7197.07,9296.07,0.2576,0,1,0,NA,NA,1,"Tratamento",296.77
"LJ0426","Sul","Shopping","Media",216.4,12,7901,62.15,3577.13,8959.45,0.3336,0,1,0,NA,NA,1,"Controle",-205.76
"LJ0427","Sul","Rua","Media",260.6,9,5334,52.46,2717.68,6462.39,0.2331,0,1,0,NA,NA,1,"Tratamento",-47.53
"LJ0428","Sul","Rua","Media",270.6,16,8053,67.66,3380.62,13476.47,0.2938,0,2,0,NA,NA,0,NA,NA
"LJ0429","Sul","Shopping","Pequena",79.5,6,2316,54.11,1053.96,3128.21,0.1599,0,0,0,NA,NA,0,NA,NA
"LJ0430","Oeste","Rua","Media",240.3,7,7410,76.18,3094.35,12548.42,0.3005,0,1,0,NA,NA,1,"Controle",-598.71
"LJ0431","Oeste","Shopping","Media",192.8,11,8030,53.06,5332.53,11188.8,0.2532,0,1,0,NA,NA,0,NA,NA
"LJ0432","Sul","Rua","Pequena",98.7,3,2210,49.15,2363.31,1445.44,0.1718,0,1,0,NA,NA,0,NA,NA
"LJ0433","Oeste","Rua","Pequena",90.8,5,2139,33.02,1388.61,2179.85,0.1472,0,1,1,2179.85,2487.22,0,NA,NA
"LJ0434","Sul","Rua","Media",161.4,6,5008,63.82,2907.18,9025.05,0.2239,0,4,0,NA,NA,0,NA,NA
"LJ0435","Norte","Shopping","Media",224.4,15,6392,79.59,5412.34,10736.15,0.28,0,1,0,NA,NA,0,NA,NA
"LJ0436","Leste","Quiosque","Pequena",87.7,2,1135,45.85,1313.24,1238.52,0.1222,0,0,0,NA,NA,0,NA,NA
"LJ0437","Norte","Shopping","Grande",534.3,26,16830,103.91,10280.55,32747.46,0.3575,0,2,0,NA,NA,0,NA,NA
"LJ0438","Sul","Shopping","Pequena",80.7,4,3268,51.61,1067.84,5537.8,0.1879,0,3,0,NA,NA,0,NA,NA
"LJ0439","Norte","Shopping","Grande",413.7,35,17851,133.68,8273.3,38057.86,0.327,0,2,0,NA,NA,0,NA,NA
"LJ0440","Sul","Quiosque","Grande",473.9,26,13710,82.12,6997.99,19369.72,0.342,0,1,0,NA,NA,0,NA,NA
"LJ0441","Leste","Rua","Pequena",107.4,4,1973,38.62,1610.15,1728.53,0.1314,0,2,0,NA,NA,0,NA,NA
"LJ0442","Sul","Shopping","Grande",418.6,34,15904,78.6,18730.26,26955,0.3567,0,1,0,NA,NA,1,"Tratamento",997.71
"LJ0443","Central","Rua","Pequena",64.9,6,2453,54.82,697.74,1313.5,0.1685,0,4,0,NA,NA,1,"Tratamento",-4.22
"LJ0444","Central","Quiosque","Media",205.9,13,4160,66.51,6450.65,2989.21,0.1986,0,2,0,NA,NA,1,"Tratamento",431.82
"LJ0445","Sul","Rua","Grande",337.1,29,12210,83.75,5081.94,19191.77,0.3212,0,2,1,19191.77,18208.55,0,NA,NA
"LJ0446","Leste","Rua","Pequena",60.8,4,2093,47.27,1020.77,4224.99,0.1691,0,0,0,NA,NA,0,NA,NA
"LJ0447","Central","Rua","Pequena",54.1,3,1916,47.77,879.31,500,0.155,0,2,0,NA,NA,0,NA,NA
"LJ0448","Leste","Rua","Grande",547.6,21,11898,100.96,18394.02,27330.55,0.3147,0,4,0,NA,NA,1,"Controle",362.61
"LJ0449","Sul","Shopping","Media",254.3,15,8533,63.84,3628.99,13722.31,0.2982,0,2,0,NA,NA,0,NA,NA
"LJ0450","Central","Rua","Media",180.6,11,6217,52.09,4517.34,7534.29,0.2692,0,2,0,NA,NA,0,NA,NA
"LJ0451","Norte","Rua","Pequena",87.3,5,2611,40.46,1382.17,2867.33,0.1655,0,0,0,NA,NA,0,NA,NA
"LJ0452","Leste","Shopping","Pequena",74.6,6,2880,34.65,1731.72,500,0.1859,0,1,0,NA,NA,0,NA,NA
"LJ0453","Sul","Shopping","Pequena",81.1,4,2763,46.11,1448.05,4645.07,0.201,1,1,1,4645.07,4408.97,1,"Controle",-54.89
"LJ0454","Oeste","Rua","Grande",571.3,31,15850,74.54,8751.15,22909.82,0.3401,1,3,0,NA,NA,1,"Tratamento",355.46
"LJ0455","Central","Shopping","Media",150.9,9,6258,67.82,4435.13,7246.16,0.2722,0,0,0,NA,NA,0,NA,NA
"LJ0456","Leste","Shopping","Grande",462.4,30,16227,121.65,15376.07,34404.56,0.3518,0,2,0,NA,NA,0,NA,NA
"LJ0457","Oeste","Quiosque","Pequena",85.1,3,1320,32.43,1144.02,500,0.0898,0,1,1,500,677.35,0,NA,NA
"LJ0458","Oeste","Shopping","Grande",360.8,23,17318,74.07,3743.26,22742.99,0.3476,0,0,1,22742.99,24333.11,0,NA,NA
"LJ0459","Oeste","Rua","Pequena",81.1,4,1680,46.11,2389.8,500,0.1623,0,1,0,NA,NA,0,NA,NA
"LJ0460","Norte","Quiosque","Pequena",93.6,3,1259,62.97,1468.78,1520.49,0.1348,0,0,0,NA,NA,1,"Tratamento",561.34
"LJ0461","Sul","Shopping","Pequena",77.3,4,2883,41.64,1149.53,2045.54,0.1817,0,0,0,NA,NA,0,NA,NA
"LJ0462","Norte","Quiosque","Pequena",81,4,1760,42.37,2090.94,4455.76,0.1221,0,1,0,NA,NA,1,"Tratamento",1088.13
"LJ0463","Oeste","Quiosque","Media",221.1,13,3637,66.5,2430.9,500,0.2049,0,1,0,NA,NA,0,NA,NA
"LJ0464","Central","Shopping","Media",228.2,12,8156,67.62,5077.79,9463.35,0.2746,0,0,0,NA,NA,0,NA,NA
"LJ0465","Oeste","Shopping","Grande",517.1,22,16781,80.17,15159.73,24311.56,0.3405,0,2,0,NA,NA,0,NA,NA
"LJ0466","Sul","Quiosque","Pequena",77.8,1,2347,50.22,1467.06,1799.27,0.1584,0,2,1,1799.27,2123.87,0,NA,NA
"LJ0467","Oeste","Rua","Pequena",50.5,5,2583,38.13,1247.48,1111.43,0.164,0,1,0,NA,NA,0,NA,NA
"LJ0468","Central","Shopping","Pequena",102.5,5,2254,46.59,1006.46,4635.59,0.1716,1,3,1,4635.59,4350.79,1,"Tratamento",733.48
"LJ0469","Sul","Shopping","Pequena",68.4,5,2961,41.95,1542.84,4295.93,0.1779,0,2,0,NA,NA,0,NA,NA
"LJ0470","Leste","Shopping","Pequena",72.5,3,2128,53.48,1559.4,2871.78,0.1744,0,0,0,NA,NA,0,NA,NA
"LJ0471","Oeste","Quiosque","Pequena",73.2,3,1641,40.59,1600.52,1384.35,0.1238,1,0,0,NA,NA,1,"Controle",239.73
"LJ0472","Sul","Shopping","Grande",493.4,24,15835,91.9,16769.97,28810.63,0.3335,0,1,0,NA,NA,1,"Controle",561.43
"LJ0473","Central","Rua","Media",215.9,11,6226,68.91,5348.4,8706.6,0.2731,0,0,0,NA,NA,0,NA,NA
"LJ0474","Sul","Rua","Media",233.9,15,6729,68.06,5300.55,6739.88,0.2686,0,0,0,NA,NA,0,NA,NA
"LJ0475","Oeste","Shopping","Media",203.6,15,8131,76.08,2904.91,9711.4,0.2891,0,0,1,9711.4,11328.26,0,NA,NA
"LJ0476","Norte","Rua","Pequena",80.9,4,1363,50.18,1152.01,500,0.1103,0,3,0,NA,NA,0,NA,NA
"LJ0477","Oeste","Rua","Pequena",84.1,3,2554,45.65,1834.81,3827.62,0.2001,0,3,1,3827.62,4481.81,0,NA,NA
"LJ0478","Central","Quiosque","Grande",525.1,33,13893,89.13,9660.38,20933.31,0.3247,0,0,0,NA,NA,0,NA,NA
"LJ0479","Norte","Quiosque","Media",200.6,10,5793,68.26,2280.71,7390.01,0.2296,1,0,0,NA,NA,0,NA,NA
"LJ0480","Oeste","Rua","Pequena",84.3,2,2792,39.3,1770.24,4075.51,0.1864,0,1,0,NA,NA,0,NA,NA
"LJ0481","Leste","Quiosque","Media",235.5,9,4684,56.93,2392.29,7772.02,0.23,1,1,0,NA,NA,0,NA,NA
"LJ0482","Leste","Rua","Media",218.7,9,6943,55.97,3984.3,5973.86,0.2697,0,0,0,NA,NA,0,NA,NA
"LJ0483","Leste","Shopping","Media",210.9,10,7993,63.82,4448.98,10911.66,0.3072,0,1,0,NA,NA,1,"Controle",345.8
"LJ0484","Sul","Quiosque","Media",257.4,14,4003,74.19,3312.5,5259.91,0.2261,0,0,1,5259.91,5324.11,1,"Controle",-391.57
"LJ0485","Norte","Shopping","Media",229.9,13,5688,58.79,4861.93,2409.34,0.2219,0,2,0,NA,NA,0,NA,NA
"LJ0486","Norte","Shopping","Media",124.4,10,7654,66.57,3317.88,8414.54,0.2915,0,3,0,NA,NA,1,"Tratamento",534.06
"LJ0487","Oeste","Shopping","Pequena",77.5,6,1442,58.69,1013.92,4362.62,0.1499,0,2,1,4362.62,3966.95,0,NA,NA
"LJ0488","Leste","Shopping","Media",204.8,15,6768,68.5,6781.34,11101.84,0.3057,0,0,0,NA,NA,0,NA,NA
"LJ0489","Leste","Quiosque","Grande",492.4,28,8912,98.16,8566.63,16415.66,0.2661,0,3,0,NA,NA,0,NA,NA
"LJ0490","Oeste","Shopping","Media",233.3,10,7545,71.76,3248.81,10025.2,0.251,0,1,0,NA,NA,0,NA,NA
"LJ0491","Leste","Quiosque","Grande",503.9,34,14390,108.05,13598.11,28110.66,0.3307,0,1,0,NA,NA,0,NA,NA
"LJ0492","Leste","Shopping","Media",245.2,19,8760,65.03,4516.35,10858.09,0.2891,0,1,0,NA,NA,0,NA,NA
"LJ0493","Leste","Rua","Media",181.6,5,7134,66.74,6301.19,10698.53,0.3145,0,1,0,NA,NA,1,"Tratamento",311.29
"LJ0494","Oeste","Rua","Pequena",56.4,3,2332,40.88,926.93,500,0.1481,1,4,1,500,1355.21,1,"Tratamento",477.87
"LJ0495","Central","Rua","Grande",471.3,26,12578,88.9,13195.76,22942.86,0.3,0,0,0,NA,NA,0,NA,NA
"LJ0496","Sul","Rua","Pequena",75.7,6,2214,64.33,1234.73,1507.74,0.1489,0,1,0,NA,NA,0,NA,NA
"LJ0497","Norte","Shopping","Grande",523.7,35,14770,104.29,7820.24,28863.75,0.3226,0,0,0,NA,NA,0,NA,NA
"LJ0498","Norte","Rua","Pequena",98.9,4,1770,36.21,1344.78,500,0.1574,0,1,0,NA,NA,0,NA,NA
"LJ0499","Sul","Rua","Pequena",78.2,3,2388,46.04,715.49,500,0.2005,0,2,0,NA,NA,1,"Tratamento",268.21
"LJ0500","Norte","Quiosque","Media",159.1,10,4839,67.25,7347.11,8231.26,0.2339,0,0,0,NA,NA,0,NA,NA
"LJ0501","Sul","Shopping","Media",267,12,7923,67.51,2464.64,10010.03,0.2981,0,0,1,10010.03,10850.58,0,NA,NA
"LJ0502","Oeste","Rua","Media",234.5,12,6564,96.5,3381.78,11054.21,0.2755,0,0,0,NA,NA,1,"Controle",113.54
"LJ0503","Oeste","Rua","Pequena",77.2,2,2047,47.78,1010.14,2340.72,0.1415,0,1,0,NA,NA,0,NA,NA
"LJ0504","Central","Rua","Media",244.3,11,5443,76.28,5797.67,7611.92,0.2885,0,0,0,NA,NA,0,NA,NA
"LJ0505","Sul","Rua","Pequena",80.4,5,2821,29.56,1155.66,2066.61,0.1739,0,1,0,NA,NA,1,"Controle",-287.61
"LJ0506","Central","Rua","Pequena",115.8,4,2700,51.13,1767.79,5837.43,0.1384,0,1,0,NA,NA,0,NA,NA
"LJ0507","Leste","Quiosque","Media",199.7,12,4672,75.82,3313.02,8720.5,0.2511,0,2,0,NA,NA,0,NA,NA
"LJ0508","Oeste","Quiosque","Grande",486.5,23,12118,85.84,20091.33,26007.9,0.3343,0,2,0,NA,NA,1,"Tratamento",691.29
"LJ0509","Norte","Quiosque","Grande",413,26,12464,139.53,15161.64,30524.54,0.2837,0,1,0,NA,NA,0,NA,NA
"LJ0510","Leste","Quiosque","Grande",393.9,40,15074,112.08,12034.28,30157.52,0.3473,0,1,0,NA,NA,0,NA,NA
"LJ0511","Sul","Shopping","Pequena",91.2,5,2605,41.58,1309.76,500,0.1489,0,2,1,500,1227.23,1,"Controle",308.23
"LJ0512","Leste","Shopping","Pequena",99.5,4,2586,45.59,1152.54,4807.01,0.173,0,1,0,NA,NA,0,NA,NA
"LJ0513","Sul","Shopping","Media",245.5,14,8469,60.34,3465.18,8433.81,0.3203,0,1,0,NA,NA,0,NA,NA
"LJ0514","Leste","Shopping","Grande",395.4,30,20246,81.81,17041.69,30949.97,0.3654,0,2,0,NA,NA,0,NA,NA
"LJ0515","Norte","Shopping","Grande",504.8,30,19629,111.36,10185.19,36875.73,0.3404,0,1,0,NA,NA,0,NA,NA
"LJ0516","Sul","Rua","Media",185.4,16,7347,57.32,4577.63,10319.07,0.2657,0,3,0,NA,NA,0,NA,NA
"LJ0517","Sul","Rua","Media",234,7,7134,54.28,3226.38,5326.61,0.2872,1,1,1,5326.61,5410.31,0,NA,NA
"LJ0518","Oeste","Rua","Pequena",47.5,5,2086,51.97,1540.1,3754.77,0.1958,0,0,0,NA,NA,0,NA,NA
"LJ0519","Sul","Rua","Pequena",98.2,2,2344,57.18,552.28,1762.39,0.1515,0,2,0,NA,NA,0,NA,NA
"LJ0520","Leste","Quiosque","Media",285.6,7,4597,63.66,3449.06,7036.87,0.2402,0,3,0,NA,NA,1,"Tratamento",760.38
"LJ0521","Leste","Quiosque","Grande",489.4,19,7569,75.16,7661.53,11883.47,0.2934,0,2,0,NA,NA,0,NA,NA
"LJ0522","Norte","Rua","Pequena",99.9,4,2556,50.41,1327.15,3393.72,0.195,0,2,1,3393.72,3783.17,1,"Controle",-47.1
"LJ0523","Oeste","Rua","Media",193.7,10,6108,58.74,6518.89,9726.5,0.278,0,1,0,NA,NA,0,NA,NA
"LJ0524","Oeste","Quiosque","Media",213.1,14,4061,61.42,4445.96,3943.78,0.1666,0,2,0,NA,NA,1,"Tratamento",104.53
"LJ0525","Sul","Shopping","Grande",527.9,34,18629,152.73,7612.13,42646.23,0.3356,0,1,0,NA,NA,0,NA,NA
"LJ0526","Oeste","Shopping","Pequena",80.6,3,2421,52.54,2189.96,2706.06,0.1369,0,0,0,NA,NA,0,NA,NA
"LJ0527","Leste","Quiosque","Media",175.2,11,2583,78.77,5582.64,4254.45,0.1541,0,0,0,NA,NA,0,NA,NA
"LJ0528","Sul","Rua","Pequena",77.4,1,1984,32.38,2377.08,4615.98,0.1223,0,2,0,NA,NA,0,NA,NA
"LJ0529","Leste","Rua","Grande",457,23,10250,77.86,7921.32,14550.09,0.3336,0,1,0,NA,NA,0,NA,NA
"LJ0530","Sul","Quiosque","Grande",452.7,36,12222,112.47,6780.42,24720.05,0.3333,0,0,1,24720.05,26121.55,1,"Controle",-82.88
"LJ0531","Central","Rua","Media",246.5,12,5379,80.3,8843.41,7363.2,0.2625,0,2,0,NA,NA,0,NA,NA
"LJ0532","Sul","Quiosque","Media",272.8,11,5409,71.53,27621.3,16705.42,0.2653,0,2,0,NA,NA,0,NA,NA
"LJ0533","Leste","Rua","Media",227.5,10,6311,66.1,5438.99,11802.18,0.266,0,1,1,11802.18,11984.8,0,NA,NA
"LJ0534","Central","Shopping","Pequena",85.3,3,3038,37.96,851.55,2816.13,0.1685,0,1,0,NA,NA,1,"Controle",-78.67
"LJ0535","Norte","Rua","Media",244.2,9,5313,66.8,7124.58,8657.48,0.2438,0,1,0,NA,NA,0,NA,NA
"LJ0536","Central","Rua","Pequena",80,5,2082,40.21,1149.06,2600.61,0.1619,0,0,0,NA,NA,1,"Controle",-133.83
"LJ0537","Oeste","Rua","Grande",612.4,30,12577,77.03,6761.49,16011.41,0.356,0,2,0,NA,NA,0,NA,NA
"LJ0538","Sul","Rua","Media",229.9,16,8037,43.29,2917.41,4210.1,0.2926,0,1,0,NA,NA,0,NA,NA
"LJ0539","Sul","Quiosque","Media",230.9,11,3060,53.08,2171.96,4326.18,0.1647,0,2,0,NA,NA,0,NA,NA
"LJ0540","Central","Rua","Media",278.7,12,7359,48.48,5186.4,7909.53,0.2536,0,3,0,NA,NA,1,"Tratamento",959.45
"LJ0541","Leste","Rua","Pequena",46.2,3,2464,42.96,1444.01,500,0.1528,0,2,0,NA,NA,0,NA,NA
"LJ0542","Oeste","Rua","Pequena",86.9,4,2015,58.23,1461.36,500,0.1451,0,2,0,NA,NA,1,"Controle",162.17
"LJ0543","Sul","Rua","Pequena",74.1,5,2108,39.67,1246.26,695.75,0.1289,0,3,0,NA,NA,0,NA,NA
"LJ0544","Norte","Shopping","Media",200.7,14,8383,44.11,7636.27,6314.48,0.2989,1,0,1,6314.48,6533.56,0,NA,NA
"LJ0545","Sul","Rua","Media",214.7,16,6860,61.27,3188.8,9897.13,0.2363,1,1,0,NA,NA,0,NA,NA
"LJ0546","Sul","Shopping","Grande",630.2,26,17628,74.91,22112.66,26166.92,0.3246,0,1,0,NA,NA,0,NA,NA
"LJ0547","Oeste","Shopping","Pequena",86.5,3,2515,52.63,1848.38,4027.53,0.1431,0,2,0,NA,NA,0,NA,NA
"LJ0548","Sul","Quiosque","Media",208.1,10,3048,82.16,5626.7,9386.62,0.1759,0,1,0,NA,NA,0,NA,NA
"LJ0549","Oeste","Shopping","Pequena",61.8,5,2428,36.89,1393.93,6167.1,0.1384,0,4,0,NA,NA,0,NA,NA
"LJ0550","Central","Rua","Media",290.6,13,5867,73,4104.34,12928.96,0.2431,0,3,0,NA,NA,1,"Tratamento",430.33
"LJ0551","Norte","Rua","Pequena",65.6,4,2166,63.23,1328.96,4566.11,0.1803,0,3,0,NA,NA,0,NA,NA
"LJ0552","Central","Shopping","Media",234.3,14,7685,76.71,3909.77,12558.66,0.2899,0,0,0,NA,NA,1,"Tratamento",1503.99
"LJ0553","Oeste","Shopping","Media",247.5,11,7135,61.23,3955.2,8334.15,0.2817,0,2,0,NA,NA,1,"Tratamento",434.93
"LJ0554","Central","Quiosque","Grande",522.8,37,11826,111.13,6902.68,21338.42,0.3486,0,2,0,NA,NA,0,NA,NA
"LJ0555","Central","Shopping","Pequena",70,3,2786,47.92,1729.47,3342.37,0.1714,0,2,1,3342.37,3740.57,1,"Tratamento",200.27
"LJ0556","Sul","Rua","Media",190.1,11,8250,63.92,3432.89,9696.63,0.314,0,1,0,NA,NA,0,NA,NA
"LJ0557","Sul","Shopping","Media",181.2,12,8559,62.02,2531.75,11577.25,0.3267,0,0,0,NA,NA,0,NA,NA
"LJ0558","Norte","Rua","Media",231.1,12,7626,73.67,4252.58,10707.39,0.2832,0,2,0,NA,NA,1,"Controle",309.29
"LJ0559","Central","Quiosque","Pequena",84.3,6,2009,39.8,1067.66,1151.75,0.1484,1,1,0,NA,NA,1,"Tratamento",403.03
"LJ0560","Sul","Shopping","Grande",468.8,27,17614,104.39,29527.72,38984.07,0.326,0,0,0,NA,NA,1,"Tratamento",568.11
"LJ0561","Oeste","Rua","Pequena",60.8,4,1927,45.98,2403.04,4212.36,0.1404,0,1,0,NA,NA,1,"Controle",559
"LJ0562","Oeste","Rua","Grande",388.9,32,14825,105.15,10517.59,27387.09,0.3422,0,1,0,NA,NA,1,"Controle",56.02
"LJ0563","Norte","Shopping","Pequena",97.3,3,3295,52.24,1420.98,1446.92,0.199,0,5,0,NA,NA,0,NA,NA
"LJ0564","Sul","Quiosque","Grande",477.8,22,11390,74.78,8614.42,15345.13,0.3168,1,0,0,NA,NA,1,"Tratamento",174.22
"LJ0565","Central","Quiosque","Pequena",81.7,2,1521,43.05,1832.31,500,0.1327,0,2,0,NA,NA,0,NA,NA
"LJ0566","Sul","Rua","Media",251,13,6556,52.89,3045,10688.37,0.2783,0,1,0,NA,NA,0,NA,NA
"LJ0567","Leste","Rua","Grande",508.2,25,13316,90.86,7591.42,25147.44,0.3093,0,1,1,25147.44,26682.55,0,NA,NA
"LJ0568","Leste","Rua","Pequena",65.9,3,2360,57.3,1819.47,4761.62,0.1633,0,1,0,NA,NA,1,"Controle",230.73
"LJ0569","Oeste","Shopping","Grande",408.9,24,17083,105.31,9406.7,29954.22,0.3654,0,1,0,NA,NA,0,NA,NA
"LJ0570","Central","Shopping","Media",163.9,12,7078,62.18,3685.9,9734.81,0.2483,0,1,0,NA,NA,1,"Controle",-4.52
"LJ0571","Sul","Rua","Media",183.2,11,4408,70.98,4902.51,9375.33,0.2216,0,1,0,NA,NA,0,NA,NA
"LJ0572","Oeste","Quiosque","Media",224.2,9,5126,60.34,1762.66,7233.29,0.226,0,0,0,NA,NA,0,NA,NA
"LJ0573","Central","Rua","Media",231.1,14,7126,63.18,3362.16,10275.7,0.3132,0,2,0,NA,NA,0,NA,NA
"LJ0574","Central","Quiosque","Pequena",64.9,4,1417,36.4,1124.91,500,0.1114,0,1,0,NA,NA,0,NA,NA
"LJ0575","Central","Shopping","Media",272.3,11,7883,63.84,3851.57,8344.67,0.2986,0,0,0,NA,NA,1,"Tratamento",322.58
"LJ0576","Central","Quiosque","Pequena",85.8,3,1845,42.95,2005.46,550.06,0.1326,0,1,0,NA,NA,0,NA,NA
"LJ0577","Norte","Rua","Grande",620.1,41,14645,90.1,7161.86,23369.97,0.3262,0,1,0,NA,NA,0,NA,NA
"LJ0578","Leste","Rua","Media",247.4,11,6540,74.25,4963.21,6557.56,0.2744,0,0,0,NA,NA,0,NA,NA
"LJ0579","Sul","Quiosque","Pequena",78.4,5,1367,57.32,1317.2,3643.34,0.1101,0,2,0,NA,NA,0,NA,NA
"LJ0580","Leste","Rua","Grande",538.3,28,15225,117.74,8777.28,31308.9,0.3219,0,1,0,NA,NA,1,"Tratamento",727
"LJ0581","Norte","Shopping","Pequena",85.5,3,2071,60.32,983.03,4929.29,0.132,0,3,0,NA,NA,0,NA,NA
"LJ0582","Oeste","Quiosque","Grande",509.7,24,13644,93.39,12493.39,21648.7,0.3357,0,1,1,21648.7,22851.24,0,NA,NA
"LJ0583","Sul","Rua","Media",265.9,14,6924,75.08,3291.16,13046.13,0.2875,0,1,0,NA,NA,0,NA,NA
"LJ0584","Central","Rua","Pequena",103.3,4,1943,28.79,882.85,4843.17,0.1364,0,4,0,NA,NA,0,NA,NA
"LJ0585","Norte","Rua","Media",222.4,7,6651,51.17,1781.53,4946.77,0.2864,0,0,0,NA,NA,0,NA,NA
"LJ0586","Central","Shopping","Grande",484.5,28,18735,118.73,9126.69,41056.44,0.3138,0,0,0,NA,NA,1,"Tratamento",26.36
"LJ0587","Oeste","Rua","Media",236.6,11,6417,89.25,5719.62,14033.67,0.2948,0,3,0,NA,NA,0,NA,NA
"LJ0588","Oeste","Quiosque","Media",199.1,9,4945,65.67,3125.03,7652.02,0.201,1,0,0,NA,NA,0,NA,NA
"LJ0589","Leste","Rua","Pequena",102.8,6,1551,49.46,1292.12,3275.44,0.1224,0,2,0,NA,NA,0,NA,NA
"LJ0590","Leste","Quiosque","Pequena",93.3,6,1297,43.84,1164.31,2542.6,0.1262,0,2,0,NA,NA,0,NA,NA
"LJ0591","Norte","Shopping","Grande",418.1,32,17879,99.1,11634.99,31694.53,0.389,0,3,0,NA,NA,0,NA,NA
"LJ0592","Sul","Quiosque","Pequena",76.1,5,1820,42.59,2591.71,4161.69,0.1512,0,2,0,NA,NA,0,NA,NA
"LJ0593","Sul","Rua","Grande",487.1,22,12971,108.1,6855.77,26227.25,0.3212,0,3,0,NA,NA,0,NA,NA
"LJ0594","Sul","Quiosque","Pequena",97,4,1666,46.5,2041.44,1044.44,0.1397,0,0,0,NA,NA,0,NA,NA
"LJ0595","Sul","Shopping","Media",254.5,16,6238,37.88,3247.73,5034.93,0.2311,0,0,0,NA,NA,1,"Controle",325.92
"LJ0596","Central","Shopping","Pequena",100.1,3,2778,50.1,984.04,4508.38,0.2063,0,0,0,NA,NA,0,NA,NA
"LJ0597","Leste","Rua","Grande",572.7,29,12004,79.08,12498.73,20674.16,0.3203,0,0,1,20674.16,20524.3,0,NA,NA
"LJ0598","Norte","Quiosque","Media",231.5,9,6010,75.69,2719.43,9472.6,0.2543,0,1,0,NA,NA,1,"Tratamento",297.12
"LJ0599","Leste","Rua","Pequena",80.4,5,2703,44.65,1521.38,1083.03,0.1572,0,1,0,NA,NA,0,NA,NA
"LJ0600","Norte","Rua","Pequena",78,6,2631,46.42,936.92,1197.97,0.1457,1,0,0,NA,NA,0,NA,NA
"LJ0601","Leste","Shopping","Pequena",77,3,1640,58.1,1907.75,3965.27,0.0968,0,2,0,NA,NA,0,NA,NA
"LJ0602","Leste","Shopping","Pequena",102.6,5,2242,41.82,1287.71,500,0.121,0,0,0,NA,NA,0,NA,NA
"LJ0603","Sul","Rua","Grande",611.9,20,19487,87.41,15080.46,33092.01,0.3219,0,0,0,NA,NA,0,NA,NA
"LJ0604","Oeste","Shopping","Media",264.7,10,7125,66.22,3454.16,10383.84,0.2924,0,0,0,NA,NA,0,NA,NA
"LJ0605","Central","Shopping","Pequena",91.3,5,1517,54.69,1203.94,5429.59,0.138,0,1,1,5429.59,6009.65,1,"Controle",-191.18
"LJ0606","Central","Shopping","Grande",609.1,31,15800,117.65,11218.47,32940.02,0.3257,0,0,0,NA,NA,0,NA,NA
"LJ0607","Norte","Quiosque","Grande",472,18,9955,78.25,9306.53,14438.92,0.354,1,0,0,NA,NA,0,NA,NA
"LJ0608","Leste","Quiosque","Pequena",58.2,4,1681,39.71,1147.57,671.72,0.1646,0,1,0,NA,NA,0,NA,NA
"LJ0609","Central","Shopping","Pequena",47.5,3,2778,25.51,1404.34,3611.49,0.1725,0,4,0,NA,NA,1,"Tratamento",284.82
"LJ0610","Norte","Shopping","Pequena",74.1,4,1713,57.83,2508.65,2755.95,0.1139,1,2,1,2755.95,2838.49,0,NA,NA
"LJ0611","Sul","Rua","Grande",452.9,21,16217,84.91,8463.91,27268.84,0.3391,0,3,0,NA,NA,1,"Controle",110.1
"LJ0612","Leste","Rua","Pequena",74.8,3,2312,48.61,2389.76,4059.74,0.1394,0,2,1,4059.74,3412.21,0,NA,NA
"LJ0613","Central","Rua","Pequena",74.7,4,2140,44.05,1004.31,2388.86,0.1384,0,1,0,NA,NA,1,"Tratamento",622.53
"LJ0614","Oeste","Shopping","Grande",458.8,25,16671,109.59,13726.95,36968.06,0.3709,0,0,0,NA,NA,1,"Tratamento",147.07
"LJ0615","Norte","Shopping","Media",178.3,7,8539,49.39,6210.95,11281.31,0.3003,0,2,1,11281.31,11781.5,0,NA,NA
"LJ0616","Leste","Shopping","Pequena",97.6,4,2937,47.29,1033.22,4168.24,0.2047,0,0,0,NA,NA,0,NA,NA
"LJ0617","Oeste","Rua","Media",200,13,6121,62.57,2820.08,9073.46,0.243,0,0,0,NA,NA,1,"Tratamento",340.45
"LJ0618","Leste","Quiosque","Pequena",76.1,4,1842,44.15,2097.3,2912.49,0.1358,0,0,1,2912.49,3321.8,0,NA,NA
"LJ0619","Oeste","Quiosque","Pequena",66.5,5,1564,38.31,1490.34,1430.45,0.1497,0,0,0,NA,NA,0,NA,NA
"LJ0620","Central","Rua","Media",141.7,11,7220,72.78,8525.49,16487.64,0.2881,0,1,0,NA,NA,0,NA,NA
"LJ0621","Central","Rua","Media",228.3,12,7180,66.53,5517.78,8941.04,0.3,0,0,1,8941.04,8406.14,0,NA,NA
"LJ0622","Leste","Rua","Media",245.2,14,6028,71.89,4093.51,5818.56,0.2204,0,2,0,NA,NA,0,NA,NA
"LJ0623","Sul","Rua","Media",196.8,13,7412,60.95,4008.36,8337.96,0.2614,0,1,0,NA,NA,1,"Controle",289.24
"LJ0624","Oeste","Shopping","Media",272.7,11,7892,79.67,13078.09,16333.28,0.2682,0,1,0,NA,NA,0,NA,NA
"LJ0625","Norte","Rua","Grande",511.4,23,15328,84.87,12607.77,21507.16,0.3398,0,2,0,NA,NA,0,NA,NA
"LJ0626","Sul","Rua","Media",156.7,12,6628,64.1,4666.64,9759.89,0.294,0,2,0,NA,NA,0,NA,NA
"LJ0627","Norte","Shopping","Pequena",97.8,5,2215,50.76,2225.4,2820.62,0.1629,0,1,1,2820.62,2704.11,1,"Tratamento",-68.36
"LJ0628","Norte","Quiosque","Media",293.4,12,4472,45.54,3804.84,7190.92,0.2205,1,3,1,7190.92,7563.4,1,"Controle",878.89
"LJ0629","Central","Rua","Grande",430.1,24,13805,95.95,13596.78,24478.59,0.3294,0,1,1,24478.59,27284.46,0,NA,NA
"LJ0630","Norte","Shopping","Grande",420.7,31,21061,108.08,7029.96,39074.38,0.3893,0,1,0,NA,NA,1,"Controle",364.86
"LJ0631","Central","Shopping","Media",221.6,13,7909,57,3197.25,6265.65,0.3002,1,1,0,NA,NA,0,NA,NA
"LJ0632","Leste","Rua","Pequena",83.7,3,2343,29.19,1725.6,1046.88,0.1619,0,0,0,NA,NA,0,NA,NA
"LJ0633","Central","Quiosque","Pequena",75.7,6,1640,57.46,1052.2,500,0.1375,0,1,0,NA,NA,0,NA,NA
"LJ0634","Norte","Shopping","Media",213.4,12,6323,72.96,3193.13,8480.38,0.2758,0,1,1,8480.38,8631.55,0,NA,NA
"LJ0635","Central","Rua","Grande",464.9,25,16394,93.88,12182.27,28636.62,0.3379,0,2,0,NA,NA,0,NA,NA
"LJ0636","Oeste","Rua","Pequena",88.6,4,1734,37.72,1648.51,3970,0.1642,0,2,1,3970,3619.27,0,NA,NA
"LJ0637","Oeste","Shopping","Media",238.7,11,6597,63.1,2675.98,8435.55,0.266,0,1,0,NA,NA,1,"Controle",207.37
"LJ0638","Leste","Rua","Media",230.8,13,6171,71.8,3137.52,11053.5,0.2733,0,0,0,NA,NA,0,NA,NA
"LJ0639","Oeste","Rua","Grande",495.9,30,12385,97.05,7402.26,20824.57,0.3529,0,0,1,20824.57,22276.3,1,"Tratamento",512.37
"LJ0640","Leste","Rua","Pequena",78.9,6,1816,36.04,876.61,875.32,0.1421,0,1,1,875.32,643.94,0,NA,NA
"LJ0641","Norte","Quiosque","Grande",493.1,31,13715,61.38,18280.37,20674.9,0.3244,0,3,1,20674.9,20506.2,0,NA,NA
"LJ0642","Oeste","Shopping","Pequena",100.6,2,2211,45.2,1187.42,3049.18,0.1688,0,2,1,3049.18,2975.77,0,NA,NA
"LJ0643","Leste","Rua","Media",258.4,9,5926,79.2,4772.39,10551.51,0.2641,0,2,0,NA,NA,0,NA,NA
"LJ0644","Leste","Rua","Pequena",63.2,6,1485,51.72,2105.71,1428.78,0.1252,0,0,0,NA,NA,0,NA,NA
"LJ0645","Sul","Rua","Pequena",92.1,5,2229,59.85,1309.53,5701.74,0.1879,0,3,1,5701.74,5798.41,1,"Controle",-429.52
"LJ0646","Norte","Rua","Pequena",63.7,6,2413,49.45,1263.45,5018.29,0.176,0,2,0,NA,NA,0,NA,NA
"LJ0647","Norte","Shopping","Pequena",73.3,4,2586,40.77,650.88,5607.82,0.1758,0,1,0,NA,NA,1,"Controle",-31.22
"LJ0648","Leste","Rua","Grande",542.4,25,15085,82.85,8124.27,26286.65,0.354,0,5,0,NA,NA,1,"Controle",322.94
"LJ0649","Oeste","Quiosque","Pequena",83.2,3,1791,28.52,1364.06,500,0.1429,0,0,0,NA,NA,0,NA,NA
"LJ0650","Sul","Rua","Grande",542,27,15396,97.33,12137.25,27193.82,0.3484,0,1,0,NA,NA,0,NA,NA
"LJ0651","Oeste","Shopping","Media",209.6,8,6395,70.37,3279.02,6614.22,0.2549,1,0,0,NA,NA,1,"Tratamento",-30.12
"LJ0652","Oeste","Rua","Pequena",80.2,5,1414,42.53,1130.01,500,0.1643,0,1,1,500,500,0,NA,NA
"LJ0653","Norte","Shopping","Pequena",40.1,3,2460,47.1,749.33,4429.42,0.1372,0,4,0,NA,NA,0,NA,NA
"LJ0654","Central","Rua","Pequena",81.9,5,2915,33.9,1090.31,4824.57,0.175,0,1,0,NA,NA,0,NA,NA
"LJ0655","Sul","Rua","Pequena",85.4,6,2508,52.18,2537.89,2565.48,0.1599,0,0,0,NA,NA,1,"Tratamento",-43.5
"LJ0656","Central","Rua","Media",270.7,13,6278,77.14,5074.37,10527.09,0.263,0,4,1,10527.09,11247.38,1,"Tratamento",53.55
"LJ0657","Oeste","Rua","Pequena",117.5,3,1513,51.66,1334.25,3125.56,0.0979,0,3,0,NA,NA,1,"Controle",-58.46
"LJ0658","Leste","Quiosque","Pequena",81.1,1,1190,42.93,1290.08,500,0.1363,0,1,0,NA,NA,1,"Controle",-89.15
"LJ0659","Norte","Shopping","Pequena",68.7,4,2383,42.14,1583.56,2321.98,0.1643,0,2,0,NA,NA,0,NA,NA
"LJ0660","Norte","Quiosque","Pequena",82.4,5,1907,38.02,1746.51,2604.98,0.1508,0,0,0,NA,NA,0,NA,NA
"LJ0661","Central","Quiosque","Pequena",62,5,1586,47.2,1538.05,2669.94,0.112,0,1,0,NA,NA,0,NA,NA
"LJ0662","Sul","Shopping","Pequena",82.4,6,2449,43.66,1754.26,3252.26,0.1767,0,0,0,NA,NA,0,NA,NA
"LJ0663","Leste","Shopping","Pequena",78.5,6,2395,45.42,1302.97,2448.51,0.1762,0,2,0,NA,NA,0,NA,NA
"LJ0664","Central","Rua","Media",243.7,14,5618,74.57,6999.71,10577.24,0.2251,0,1,0,NA,NA,0,NA,NA
"LJ0665","Central","Rua","Grande",468.9,30,14762,84.92,10562.91,23387.32,0.3254,0,1,0,NA,NA,0,NA,NA
"LJ0666","Sul","Rua","Grande",501.1,34,15094,115.04,9745.5,29669.16,0.3516,0,1,0,NA,NA,0,NA,NA
"LJ0667","Central","Shopping","Pequena",102.7,3,2525,39.51,1696.09,2374.92,0.1485,0,0,0,NA,NA,0,NA,NA
"LJ0668","Norte","Rua","Grande",468.1,29,13906,82.78,8241.77,15239.74,0.341,0,1,0,NA,NA,0,NA,NA
"LJ0669","Central","Rua","Pequena",74,5,1807,53.58,3046.66,5701.44,0.1341,0,1,0,NA,NA,0,NA,NA
"LJ0670","Oeste","Rua","Media",247.8,12,6975,74.8,3319.08,9406.27,0.2743,0,3,0,NA,NA,1,"Tratamento",379.62
"LJ0671","Oeste","Rua","Pequena",54,4,2329,55.83,1154.92,2312.22,0.1766,0,2,0,NA,NA,1,"Tratamento",266
"LJ0672","Norte","Rua","Media",217.2,13,4755,58.59,3408.93,5954.94,0.2497,0,1,1,5954.94,6685.2,0,NA,NA
"LJ0673","Leste","Shopping","Media",155,11,8246,89.68,2182.88,13925.33,0.2579,0,1,0,NA,NA,0,NA,NA
"LJ0674","Leste","Quiosque","Pequena",70.1,3,1096,34.53,1243.75,500,0.1148,0,4,0,NA,NA,0,NA,NA
"LJ0675","Central","Rua","Grande",607.3,37,10777,85.28,15886.7,20519.24,0.3225,0,1,0,NA,NA,0,NA,NA
"LJ0676","Oeste","Rua","Pequena",102.5,4,1369,49.15,1629.2,500,0.1294,0,2,0,NA,NA,0,NA,NA
"LJ0677","Oeste","Shopping","Media",269.4,10,9362,69.88,5104.1,12573.55,0.2897,0,1,1,12573.55,13525.73,0,NA,NA
"LJ0678","Norte","Rua","Media",264.5,13,5781,74.24,4814.47,6413.75,0.2535,1,0,0,NA,NA,0,NA,NA
"LJ0679","Oeste","Rua","Pequena",92.8,4,2637,48.38,1598.7,2639.7,0.1544,0,1,0,NA,NA,0,NA,NA
"LJ0680","Norte","Quiosque","Grande",392.8,25,10941,97.12,7217.65,17943.49,0.3339,0,0,0,NA,NA,0,NA,NA
"LJ0681","Oeste","Rua","Media",260.3,16,6917,67.19,2361.41,9241.25,0.2188,0,5,0,NA,NA,0,NA,NA
"LJ0682","Central","Shopping","Pequena",83,5,2732,40.89,887.98,1405.27,0.2168,0,1,0,NA,NA,0,NA,NA
"LJ0683","Oeste","Shopping","Pequena",63.9,3,1854,54.66,1292.93,1873.92,0.1007,0,3,0,NA,NA,0,NA,NA
"LJ0684","Sul","Rua","Grande",549.3,26,11210,72.72,9394.48,14441.21,0.3143,0,3,0,NA,NA,0,NA,NA
"LJ0685","Norte","Rua","Pequena",84.1,4,2601,36.75,1622.14,2071.98,0.1517,0,3,0,NA,NA,0,NA,NA
"LJ0686","Leste","Shopping","Pequena",80.5,4,2346,56.14,1289.58,4479.92,0.1627,0,1,0,NA,NA,0,NA,NA
"LJ0687","Sul","Rua","Media",257.5,9,5057,56.48,3295.46,4998.16,0.2205,0,0,0,NA,NA,0,NA,NA
"LJ0688","Sul","Shopping","Grande",506.4,30,18554,83.33,14160.28,28680.4,0.3361,0,1,1,28680.4,30779.07,1,"Tratamento",77.37
"LJ0689","Sul","Shopping","Grande",380.2,20,15739,65.99,5991.33,17325.18,0.3769,0,1,0,NA,NA,1,"Controle",237.16
"LJ0690","Central","Shopping","Grande",475.3,26,21907,95.94,13505.43,39289.38,0.3466,0,1,0,NA,NA,1,"Controle",-51.73
"LJ0691","Oeste","Quiosque","Grande",416.9,24,14926,85.25,15175.09,25720.49,0.3393,0,2,0,NA,NA,0,NA,NA
"LJ0692","Sul","Rua","Pequena",101.6,3,2261,32.57,1024.37,500,0.157,0,1,0,NA,NA,1,"Tratamento",356.43
"LJ0693","Oeste","Rua","Pequena",106.9,5,1959,49.21,684.95,2277.01,0.1568,0,4,0,NA,NA,0,NA,NA
"LJ0694","Sul","Rua","Media",177.9,15,7329,58.22,3037.66,6098.53,0.2584,0,1,0,NA,NA,0,NA,NA
"LJ0695","Norte","Shopping","Media",218.1,12,7828,69.76,1805.81,10829,0.2739,0,2,0,NA,NA,0,NA,NA
"LJ0696","Oeste","Rua","Pequena",76.5,5,2127,38.94,1279.91,4936.05,0.1272,1,1,0,NA,NA,0,NA,NA
"LJ0697","Leste","Shopping","Media",253.5,9,8772,65.85,3167.06,8695.61,0.303,1,3,0,NA,NA,1,"Controle",-476.85
"LJ0698","Central","Shopping","Media",213.3,13,6660,50.35,7614.91,7157.9,0.2582,0,1,1,7157.9,6820.18,0,NA,NA
"LJ0699","Oeste","Quiosque","Grande",493.1,31,11360,125.55,14526.05,25060.56,0.3448,0,3,0,NA,NA,0,NA,NA
"LJ0700","Sul","Quiosque","Grande",485.4,32,7114,91.97,9431.86,13299.43,0.272,0,4,0,NA,NA,1,"Tratamento",330.57
"LJ0701","Norte","Quiosque","Media",160.8,8,4303,57.61,3746.3,6737.23,0.2167,0,2,0,NA,NA,0,NA,NA
"LJ0702","Leste","Rua","Grande",440.1,27,15834,90.54,14878.03,26680.81,0.3267,0,2,0,NA,NA,0,NA,NA
"LJ0703","Sul","Quiosque","Grande",430.5,26,13240,111.84,9616.41,23268.29,0.344,0,1,0,NA,NA,0,NA,NA
"LJ0704","Central","Shopping","Media",173.1,7,7335,62.13,3263.35,7184.61,0.2885,0,3,0,NA,NA,0,NA,NA
"LJ0705","Norte","Quiosque","Pequena",74.8,4,1510,44.87,926.23,500,0.126,0,2,0,NA,NA,0,NA,NA
"LJ0706","Leste","Rua","Grande",405.7,24,13693,104.13,12893.25,27034.89,0.3132,0,1,0,NA,NA,1,"Controle",417.61
"LJ0707","Sul","Rua","Media",258.8,9,6749,58.75,3523.67,6111.82,0.2552,0,2,0,NA,NA,0,NA,NA
"LJ0708","Oeste","Rua","Pequena",79,4,2331,51,754.41,500,0.1737,0,1,0,NA,NA,0,NA,NA
"LJ0709","Central","Quiosque","Pequena",79.5,4,1826,46.51,1033.98,3343.2,0.1562,0,1,0,NA,NA,1,"Controle",214.88
"LJ0710","Leste","Shopping","Media",236.4,8,6771,57.3,4963.56,7274.82,0.3431,0,2,0,NA,NA,1,"Controle",-518.83
"LJ0711","Leste","Rua","Pequena",74.3,5,2069,44.01,1010.66,2663.57,0.1464,0,0,0,NA,NA,0,NA,NA
"LJ0712","Oeste","Quiosque","Pequena",89.6,4,2347,54.2,676.07,3352.08,0.1381,0,2,1,3352.08,3639.5,0,NA,NA
"LJ0713","Leste","Shopping","Grande",557.2,36,15373,105.9,8102.8,29863.27,0.3325,0,1,0,NA,NA,0,NA,NA
"LJ0714","Central","Rua","Media",201.9,11,6075,53.35,3409.8,8274.17,0.2479,0,0,1,8274.17,9508.64,0,NA,NA
"LJ0715","Sul","Shopping","Grande",427.7,18,20065,91.57,10344.11,31314.26,0.3198,0,1,1,31314.26,34134.38,0,NA,NA
"LJ0716","Norte","Quiosque","Pequena",110.6,4,1210,38.15,1294.48,500,0.1066,0,2,0,NA,NA,0,NA,NA
"LJ0717","Central","Rua","Media",215.1,10,6900,59.47,7689.18,8222.32,0.2569,0,0,0,NA,NA,0,NA,NA
"LJ0718","Sul","Rua","Grande",506.1,19,17465,100.25,12225.16,29955.29,0.3097,1,2,0,NA,NA,0,NA,NA
"LJ0719","Sul","Shopping","Media",260.5,13,6727,75.55,2515.53,7157.95,0.3111,0,0,0,NA,NA,0,NA,NA
"LJ0720","Oeste","Quiosque","Pequena",83.4,4,1842,52.34,3594.83,2141.15,0.1393,0,1,0,NA,NA,1,"Tratamento",-35.22
"LJ0721","Norte","Quiosque","Pequena",59.4,2,1742,51.31,2264.23,2561.48,0.1283,0,0,0,NA,NA,1,"Tratamento",372.32
"LJ0722","Leste","Rua","Media",188.3,12,5656,66.14,6664.02,8112.16,0.2531,0,1,0,NA,NA,0,NA,NA
"LJ0723","Central","Shopping","Media",180.6,12,6536,63.4,4465.35,5910.24,0.274,0,1,0,NA,NA,0,NA,NA
"LJ0724","Leste","Rua","Pequena",65.6,3,1808,52.99,948.55,2868.39,0.1498,0,2,0,NA,NA,0,NA,NA
"LJ0725","Central","Rua","Pequena",107.6,5,2728,56.97,1382.13,3059.4,0.1762,0,0,1,3059.4,3314.77,0,NA,NA
"LJ0726","Norte","Shopping","Pequena",74.2,4,1762,36.16,2580.24,4016.2,0.1599,0,1,0,NA,NA,0,NA,NA
"LJ0727","Central","Rua","Media",208.2,10,6919,56.56,4557.55,6585.87,0.2677,0,2,0,NA,NA,0,NA,NA
"LJ0728","Central","Rua","Grande",496.6,30,15280,91.95,15928.35,27675.57,0.3476,0,2,0,NA,NA,0,NA,NA
"LJ0729","Norte","Rua","Grande",405.7,31,13990,83.21,14307.41,23062.63,0.3118,0,1,0,NA,NA,1,"Controle",400.51
"LJ0730","Sul","Shopping","Media",197.3,17,7569,60.87,5538.16,8172.01,0.2594,0,0,0,NA,NA,0,NA,NA
"LJ0731","Oeste","Rua","Grande",475.3,25,15262,97.46,9359.21,24148.43,0.3366,0,3,0,NA,NA,1,"Tratamento",-45.45
"LJ0732","Sul","Shopping","Media",185.2,12,7821,66.82,3560.45,10270.03,0.3135,0,0,0,NA,NA,0,NA,NA
"LJ0733","Central","Shopping","Media",187.7,12,7978,80.96,3137.72,11303.32,0.3016,0,0,0,NA,NA,0,NA,NA
"LJ0734","Central","Shopping","Pequena",48.5,3,3065,36.43,1411.83,3377.33,0.2122,0,2,0,NA,NA,0,NA,NA
"LJ0735","Leste","Shopping","Media",159.8,6,7333,59.15,2980.24,8518.79,0.2496,0,1,1,8518.79,9008.66,0,NA,NA
"LJ0736","Oeste","Rua","Pequena",89.5,3,2659,44.22,1734.36,2248.96,0.157,0,1,0,NA,NA,0,NA,NA
"LJ0737","Oeste","Rua","Pequena",74.7,7,2899,42.15,1095.38,7099.98,0.213,0,2,0,NA,NA,1,"Controle",94.17
"LJ0738","Central","Rua","Pequena",85.5,3,2551,28.57,1991.6,2599.21,0.1763,0,1,1,2599.21,2689.3,1,"Controle",-44.65
"LJ0739","Oeste","Rua","Pequena",34.5,4,1661,48.42,1514.78,2976.22,0.1408,0,2,0,NA,NA,0,NA,NA
"LJ0740","Oeste","Rua","Media",200.4,13,7225,68.92,4812.82,9366.99,0.2762,0,4,0,NA,NA,0,NA,NA
"LJ0741","Oeste","Rua","Media",254.5,11,5398,66.39,5040.67,8592.04,0.2458,0,2,1,8592.04,8471.14,1,"Tratamento",521.42
"LJ0742","Central","Quiosque","Pequena",67,5,1146,39.79,1387.66,1754.3,0.1089,0,0,0,NA,NA,1,"Tratamento",406.32
"LJ0743","Leste","Rua","Pequena",100.6,3,1690,61.84,1998.59,500,0.1462,0,2,0,NA,NA,0,NA,NA
"LJ0744","Central","Shopping","Media",214.8,12,6507,48.57,3195.96,6610.99,0.2645,0,1,0,NA,NA,0,NA,NA
"LJ0745","Leste","Rua","Media",223.8,8,5588,72.74,6320.62,9583.83,0.2578,0,0,0,NA,NA,1,"Controle",-634.77
"LJ0746","Leste","Rua","Grande",477.4,32,20066,117.93,11615.53,40288.42,0.3444,0,3,0,NA,NA,1,"Controle",-52.81
"LJ0747","Central","Shopping","Media",227.2,9,6840,47.18,2183.5,7170.17,0.3121,0,2,0,NA,NA,0,NA,NA
"LJ0748","Norte","Shopping","Pequena",85.2,5,1525,39.53,1432.64,500,0.0948,1,2,0,NA,NA,0,NA,NA
"LJ0749","Norte","Rua","Grande",429.7,31,12948,106.88,14256.59,26984.33,0.3609,0,0,1,26984.33,30581.99,0,NA,NA
"LJ0750","Norte","Rua","Pequena",85.6,3,1797,52.67,659.36,2157.89,0.1642,0,0,0,NA,NA,0,NA,NA
"LJ0751","Sul","Shopping","Grande",406.9,34,20763,95.13,7086.43,30548.16,0.3595,0,3,1,30548.16,31554.52,1,"Tratamento",167.37
"LJ0752","Central","Rua","Grande",540.2,26,14125,97.81,12757.76,25849.84,0.3148,0,1,0,NA,NA,0,NA,NA
"LJ0753","Oeste","Shopping","Grande",560.3,37,15423,102.41,9988.28,30803.94,0.347,0,2,0,NA,NA,1,"Controle",-314.67
"LJ0754","Leste","Shopping","Media",237.6,7,7155,66.99,7318.1,11763.56,0.3007,0,1,0,NA,NA,0,NA,NA
"LJ0755","Central","Quiosque","Pequena",63,3,2233,44.61,1376.93,2522.43,0.1716,0,1,0,NA,NA,0,NA,NA
"LJ0756","Leste","Rua","Pequena",70.7,5,2214,40.11,621.71,3146.48,0.1456,0,2,1,3146.48,3479.46,0,NA,NA
"LJ0757","Sul","Rua","Grande",371.6,32,15807,77.14,7795.68,20820.13,0.3024,0,1,0,NA,NA,0,NA,NA
"LJ0758","Central","Quiosque","Pequena",96.9,4,1527,47.16,2059.84,908.07,0.1535,0,0,1,908.07,1404.77,0,NA,NA
"LJ0759","Oeste","Quiosque","Pequena",74.2,5,1733,46.14,1295.82,500,0.1309,0,0,0,NA,NA,0,NA,NA
"LJ0760","Sul","Quiosque","Pequena",86.2,5,2116,49.38,1624.57,1668.77,0.1252,0,1,0,NA,NA,0,NA,NA
"LJ0761","Leste","Rua","Pequena",75.2,2,2074,38.7,1674.63,878.81,0.1516,0,1,0,NA,NA,1,"Tratamento",317.7
"LJ0762","Sul","Shopping","Media",189.7,15,7091,73.12,4452.55,10838.31,0.2664,1,4,1,10838.31,12349.08,0,NA,NA
"LJ0763","Leste","Shopping","Pequena",69.5,3,2384,52.55,1091.92,3507.28,0.1814,0,5,0,NA,NA,0,NA,NA
"LJ0764","Norte","Rua","Media",225.4,13,6299,62.34,2245.03,8874.07,0.2637,0,0,0,NA,NA,0,NA,NA
"LJ0765","Central","Shopping","Media",204.3,10,7668,65.56,3746.07,8702.96,0.3062,0,2,0,NA,NA,0,NA,NA
"LJ0766","Sul","Shopping","Media",220.4,13,7593,87.16,6145.59,17657.27,0.3032,0,1,0,NA,NA,1,"Tratamento",104.54
"LJ0767","Oeste","Rua","Media",199.9,10,6936,55.04,3634.11,8875.94,0.3,0,1,0,NA,NA,0,NA,NA
"LJ0768","Norte","Rua","Pequena",75.9,4,1748,41.67,1537.5,1835.56,0.1065,0,1,1,1835.56,1692.52,0,NA,NA
"LJ0769","Sul","Quiosque","Grande",580.7,32,8949,95.25,17159.45,18883.95,0.285,0,0,0,NA,NA,1,"Tratamento",513.73
"LJ0770","Central","Shopping","Pequena",81.4,7,3153,64.29,760.73,4115.88,0.1917,0,1,0,NA,NA,0,NA,NA
"LJ0771","Central","Rua","Grande",496.5,26,15188,92.88,7963.11,26288.39,0.42,0,1,0,NA,NA,0,NA,NA
"LJ0772","Norte","Shopping","Pequena",82.8,5,2898,45.7,1281.43,734.29,0.1738,0,1,0,NA,NA,1,"Controle",-200.58
"LJ0773","Oeste","Rua","Media",229.5,9,8613,49.75,4611.89,11828.55,0.3197,0,0,0,NA,NA,0,NA,NA
"LJ0774","Central","Rua","Pequena",94.9,5,2928,52.33,1514.6,5066.78,0.1987,0,2,0,NA,NA,0,NA,NA
"LJ0775","Leste","Quiosque","Pequena",88,3,1894,44.6,1187.27,1143.98,0.1535,0,1,0,NA,NA,0,NA,NA
"LJ0776","Sul","Shopping","Pequena",55.5,5,2871,42.76,927.69,1448.59,0.1984,0,1,0,NA,NA,0,NA,NA
"LJ0777","Sul","Shopping","Media",249.9,13,7154,50.13,3968.68,8752.34,0.2583,0,1,0,NA,NA,0,NA,NA
"LJ0778","Oeste","Rua","Media",204.4,14,5754,75.27,5303.97,10064.18,0.2652,0,3,1,10064.18,11056.07,0,NA,NA
"LJ0779","Leste","Shopping","Media",237,10,6977,65.33,3627.18,9623.25,0.2314,1,2,0,NA,NA,1,"Tratamento",982.17
"LJ0780","Oeste","Shopping","Media",206.5,11,7252,55.71,4384.36,6241.55,0.2731,0,2,1,6241.55,6398.05,0,NA,NA
"LJ0781","Central","Rua","Grande",423.5,25,14097,76.35,12249.38,21255.39,0.3221,0,0,0,NA,NA,0,NA,NA
"LJ0782","Norte","Rua","Grande",449.5,24,12865,94.42,8171.91,22198.4,0.2725,0,1,0,NA,NA,0,NA,NA
"LJ0783","Norte","Shopping","Pequena",69,3,2875,52.28,1356.42,4751.88,0.1578,0,3,0,NA,NA,0,NA,NA
"LJ0784","Central","Rua","Media",215.5,8,6556,61.93,3919.01,8191.53,0.2854,0,2,0,NA,NA,0,NA,NA
"LJ0785","Central","Shopping","Pequena",76.6,5,3274,50.28,660.53,4531.8,0.1878,0,1,0,NA,NA,1,"Tratamento",624.97
"LJ0786","Norte","Rua","Grande",412.9,20,14038,97.26,12406.66,26332.46,0.3419,0,2,0,NA,NA,0,NA,NA
"LJ0787","Leste","Rua","Pequena",90.9,3,2152,46.18,1031.33,2442.5,0.1866,0,1,0,NA,NA,0,NA,NA
"LJ0788","Sul","Quiosque","Pequena",90.4,4,1645,34.44,804.47,1434.09,0.1558,0,2,0,NA,NA,0,NA,NA
"LJ0789","Sul","Rua","Pequena",76.1,5,3054,43,1490.05,7019.6,0.1944,0,1,0,NA,NA,0,NA,NA
"LJ0790","Sul","Rua","Pequena",55.4,2,2528,47.73,1106.07,4707.44,0.173,0,2,0,NA,NA,0,NA,NA
"LJ0791","Central","Rua","Pequena",66.4,5,2397,52.59,1257.59,1128.04,0.1846,0,0,0,NA,NA,1,"Tratamento",376.95
"LJ0792","Central","Quiosque","Media",241.4,11,5952,52.35,4670.52,5059.02,0.2874,0,0,0,NA,NA,0,NA,NA
"LJ0793","Leste","Rua","Pequena",77.4,4,3004,52.97,3394.96,995.43,0.1915,0,1,0,NA,NA,1,"Controle",-156.74
"LJ0794","Central","Quiosque","Pequena",93.7,3,1825,54.18,1242.59,2037.52,0.1313,0,2,0,NA,NA,0,NA,NA
"LJ0795","Sul","Shopping","Media",201.8,10,9005,45.5,2744.81,5646.02,0.3185,0,1,0,NA,NA,0,NA,NA
"LJ0796","Oeste","Quiosque","Media",213.5,12,6299,41.52,4845.06,6969.68,0.262,0,1,0,NA,NA,1,"Controle",-128
"LJ0797","Norte","Shopping","Pequena",58.2,4,2685,33.61,2236.55,1230.36,0.1967,0,1,0,NA,NA,0,NA,NA
"LJ0798","Leste","Quiosque","Grande",548.8,26,12052,79.73,62810.96,36006.05,0.3076,0,2,0,NA,NA,0,NA,NA
"LJ0799","Central","Shopping","Pequena",79.8,2,3016,34.01,964.45,500,0.1677,0,2,1,500,1091.02,0,NA,NA
"LJ0800","Sul","Rua","Media",220.1,13,6488,68.11,2724.38,9589.04,0.2396,1,0,0,NA,NA,0,NA,NA
"LJ0801","Norte","Quiosque","Pequena",55.3,4,2088,53.79,1258.08,991.96,0.1548,0,1,0,NA,NA,0,NA,NA
"LJ0802","Sul","Shopping","Media",240.1,5,7695,74.15,2027.88,11982.67,0.2855,0,1,0,NA,NA,0,NA,NA
"LJ0803","Oeste","Rua","Pequena",55.6,2,2225,41.63,2777.32,3616.41,0.129,0,0,0,NA,NA,0,NA,NA
"LJ0804","Oeste","Rua","Media",320.4,9,6745,69.49,2891.1,10678.96,0.2979,0,0,0,NA,NA,0,NA,NA
"LJ0805","Central","Shopping","Pequena",87.7,4,2008,44.92,1394.59,3889.07,0.1251,0,0,0,NA,NA,0,NA,NA
"LJ0806","Norte","Rua","Pequena",61.4,2,2327,48.28,934.63,1858.9,0.1447,0,2,0,NA,NA,0,NA,NA
"LJ0807","Sul","Shopping","Pequena",73.3,4,2359,45.92,745.54,1958.6,0.1453,0,3,0,NA,NA,0,NA,NA
"LJ0808","Norte","Rua","Grande",475.5,29,12214,75.82,11435.05,19467.72,0.3382,1,3,0,NA,NA,0,NA,NA
"LJ0809","Central","Shopping","Pequena",80.9,5,1833,35.77,1560.08,2969.5,0.1931,0,1,0,NA,NA,0,NA,NA
"LJ0810","Oeste","Shopping","Media",226.7,12,5940,90.59,2308.83,10821.43,0.2682,0,0,1,10821.43,11235.74,0,NA,NA
"LJ0811","Central","Rua","Grande",476.8,30,11422,67.04,13893.2,18886.12,0.3184,0,1,1,18886.12,18867.1,0,NA,NA
"LJ0812","Norte","Rua","Pequena",73,4,2145,48.16,1328.35,2175.52,0.1725,0,1,0,NA,NA,0,NA,NA
"LJ0813","Norte","Shopping","Media",230.3,15,7621,66.93,4620.3,10502.43,0.268,0,1,1,10502.43,10334.4,1,"Tratamento",49.86
"LJ0814","Oeste","Quiosque","Pequena",81,5,883,50.53,991.21,3271.54,0.1266,0,0,0,NA,NA,0,NA,NA
"LJ0815","Norte","Shopping","Pequena",69.4,5,2433,43.17,1797.66,4019.34,0.1818,0,1,0,NA,NA,0,NA,NA
"LJ0816","Oeste","Quiosque","Pequena",76.3,2,1605,40.21,1501.92,1617.18,0.1518,0,0,0,NA,NA,0,NA,NA
"LJ0817","Leste","Rua","Media",223.4,13,6263,49.11,2248.55,5363.24,0.2835,0,1,0,NA,NA,0,NA,NA
"LJ0818","Central","Quiosque","Pequena",74.9,4,1664,59.43,1891.01,3084.33,0.1597,0,1,0,NA,NA,0,NA,NA
"LJ0819","Central","Rua","Media",195,10,7406,52.82,2168.46,10562.46,0.2576,1,2,0,NA,NA,1,"Controle",661.99
"LJ0820","Leste","Shopping","Grande",536.2,23,20115,94.17,5540.46,30351.88,0.3535,0,2,0,NA,NA,0,NA,NA
"LJ0821","Oeste","Quiosque","Media",227.1,12,4258,55.1,2768.26,3062.9,0.2211,0,1,1,3062.9,3903.68,0,NA,NA
"LJ0822","Sul","Quiosque","Pequena",88.3,6,2344,48.02,1517.39,3332,0.157,0,1,0,NA,NA,0,NA,NA
"LJ0823","Central","Shopping","Pequena",89,5,3235,40.66,1410.21,500,0.193,1,1,0,NA,NA,1,"Controle",657.38
"LJ0824","Sul","Rua","Media",260.9,11,6398,54.38,3724.36,6850.62,0.2758,0,2,1,6850.62,7410.18,0,NA,NA
"LJ0825","Oeste","Rua","Pequena",91.4,5,1741,46.86,1735.92,3746.5,0.1403,0,1,0,NA,NA,0,NA,NA
"LJ0826","Norte","Quiosque","Media",173.2,12,4761,73.18,2468.37,7574.8,0.2343,0,0,0,NA,NA,0,NA,NA
"LJ0827","Oeste","Shopping","Pequena",58.2,4,2409,44.48,1064.78,1721.03,0.149,0,0,0,NA,NA,0,NA,NA
"LJ0828","Sul","Shopping","Pequena",76.3,2,2689,40.37,742.71,4237.76,0.1754,0,4,0,NA,NA,1,"Tratamento",155.95
"LJ0829","Leste","Rua","Grande",526.9,27,13806,84.66,13912.91,26312.57,0.3265,0,1,0,NA,NA,1,"Controle",-161.93
"LJ0830","Central","Shopping","Pequena",88.1,5,2304,33.26,1221.25,3407.2,0.1821,0,0,1,3407.2,3969.19,0,NA,NA
"LJ0831","Leste","Rua","Media",262.4,16,5571,59.26,3038.66,5749.68,0.2579,0,3,1,5749.68,5242.21,1,"Tratamento",570.31
"LJ0832","Leste","Quiosque","Media",207.2,9,4325,64.34,3312.91,8569.03,0.2821,1,1,0,NA,NA,1,"Tratamento",114.69
"LJ0833","Norte","Shopping","Media",184.6,11,7097,69.7,4941.55,7296.26,0.2985,0,1,0,NA,NA,0,NA,NA
"LJ0834","Leste","Shopping","Media",174.6,11,7387,47.26,3060.9,6688,0.2741,0,0,0,NA,NA,0,NA,NA
"LJ0835","Norte","Rua","Media",268.8,14,8267,61.78,4581.9,12640.49,0.2996,0,0,0,NA,NA,0,NA,NA
"LJ0836","Norte","Shopping","Media",278.8,11,8376,56.06,3089.28,8218.66,0.3186,0,1,0,NA,NA,0,NA,NA
"LJ0837","Oeste","Shopping","Media",189.8,10,6428,63.79,5820.88,10540.17,0.2909,0,2,0,NA,NA,0,NA,NA
"LJ0838","Oeste","Rua","Media",195.6,10,6318,71.75,2740.79,13620.19,0.2353,0,0,0,NA,NA,0,NA,NA
"LJ0839","Leste","Shopping","Grande",609.7,16,19532,89.63,12302.66,29920.42,0.3548,0,3,0,NA,NA,0,NA,NA
"LJ0840","Leste","Shopping","Pequena",65.9,6,2922,57.66,1989.88,2584.59,0.2008,0,2,0,NA,NA,0,NA,NA
"LJ0841","Norte","Quiosque","Media",187.2,14,4449,40.47,2490.81,3634.81,0.2257,0,1,0,NA,NA,0,NA,NA
"LJ0842","Norte","Rua","Pequena",63.3,3,1822,55.18,1610.56,1903.42,0.1717,0,0,1,1903.42,2376.77,0,NA,NA
"LJ0843","Leste","Rua","Pequena",60.9,5,2119,36.83,754.61,3533.06,0.1783,1,1,0,NA,NA,0,NA,NA
"LJ0844","Norte","Shopping","Media",197.2,13,6734,64.41,3716.74,7175.12,0.3024,0,3,0,NA,NA,0,NA,NA
"LJ0845","Norte","Quiosque","Media",280.2,7,6087,55.9,3033.37,6616.99,0.2402,1,1,0,NA,NA,0,NA,NA
"LJ0846","Leste","Rua","Pequena",73.1,2,1838,31.64,1152.83,774.26,0.1582,0,3,0,NA,NA,0,NA,NA
"LJ0847","Central","Quiosque","Pequena",54.6,5,1481,62.64,10481.78,4414.8,0.1244,0,1,0,NA,NA,1,"Controle",400.16
"LJ0848","Leste","Quiosque","Media",238,7,5001,62.78,4600.82,6582.61,0.2581,1,2,1,6582.61,7707.19,1,"Tratamento",-15.05
"LJ0849","Leste","Shopping","Media",149.7,12,6740,54.88,3824.35,6969.92,0.2453,0,1,1,6969.92,7359.86,0,NA,NA
"LJ0850","Central","Rua","Pequena",68.6,3,2676,46.38,720.16,1380.94,0.1758,1,3,0,NA,NA,1,"Controle",223.02
"LJ0851","Norte","Rua","Pequena",98,2,1766,52.01,1430.8,3910.59,0.1737,1,2,0,NA,NA,0,NA,NA
"LJ0852","Central","Shopping","Pequena",77,6,2152,45.34,1391.43,500,0.1649,0,1,0,NA,NA,1,"Tratamento",854.92
"LJ0853","Sul","Rua","Grande",333.4,29,15665,94.02,15097.35,25757.22,0.3815,0,2,0,NA,NA,0,NA,NA
"LJ0854","Leste","Quiosque","Media",264.9,10,4716,67.58,2934.42,9436.75,0.2221,0,0,0,NA,NA,0,NA,NA
"LJ0855","Central","Rua","Media",168.2,10,5269,66.06,3131.46,6762.87,0.2535,0,1,0,NA,NA,1,"Controle",342.15
"LJ0856","Oeste","Rua","Grande",469.9,30,12416,75.27,10702.34,20499.57,0.2835,0,0,0,NA,NA,0,NA,NA
"LJ0857","Oeste","Shopping","Media",232.2,12,6578,56.4,2290.45,5181.85,0.257,0,1,0,NA,NA,0,NA,NA
"LJ0858","Leste","Rua","Pequena",58,5,2007,44.25,1571.37,3381.04,0.1237,0,0,1,3381.04,3634.2,0,NA,NA
"LJ0859","Sul","Quiosque","Pequena",67.6,5,1677,32.62,1278.59,3701.36,0.1654,0,0,0,NA,NA,0,NA,NA
"LJ0860","Leste","Rua","Pequena",77.5,2,2384,48.4,933.35,1220.35,0.151,0,0,0,NA,NA,0,NA,NA
"LJ0861","Sul","Shopping","Grande",451.8,20,17944,103.13,7240.24,29269.12,0.3332,0,2,0,NA,NA,0,NA,NA
"LJ0862","Sul","Shopping","Pequena",84.2,3,2901,55.45,1380.5,3242.45,0.202,0,0,0,NA,NA,1,"Controle",475.84
"LJ0863","Oeste","Rua","Pequena",79.8,6,2303,48.76,2212.29,3953.06,0.1607,0,0,0,NA,NA,0,NA,NA
"LJ0864","Sul","Shopping","Pequena",57.3,5,2303,47.31,828.96,500,0.1418,1,3,0,NA,NA,0,NA,NA
"LJ0865","Norte","Rua","Media",173,14,6089,62.47,3955.59,8827.27,0.2678,0,2,1,8827.27,9911.91,1,"Tratamento",812.41
"LJ0866","Leste","Rua","Pequena",71.5,4,1571,53.15,1019.87,2258.2,0.1508,0,2,0,NA,NA,1,"Tratamento",717.28
"LJ0867","Leste","Quiosque","Pequena",83,5,1984,42.62,1667.91,1945.5,0.1358,1,1,0,NA,NA,0,NA,NA
"LJ0868","Sul","Shopping","Media",274.4,8,7947,66.73,8371.13,10470.09,0.2407,0,1,1,10470.09,11230.24,0,NA,NA
"LJ0869","Norte","Rua","Pequena",104.2,4,2760,34.17,1604.99,1022.96,0.1327,0,1,0,NA,NA,1,"Controle",234.73
"LJ0870","Oeste","Rua","Media",219.3,14,4885,51.52,4909.96,6937.13,0.2648,0,1,0,NA,NA,0,NA,NA
"LJ0871","Central","Shopping","Media",152.6,8,8567,66.15,4832.87,9223.49,0.3106,0,2,0,NA,NA,0,NA,NA
"LJ0872","Norte","Quiosque","Media",249.6,15,4701,75.08,3248.49,8040.02,0.2382,1,2,0,NA,NA,0,NA,NA
"LJ0873","Leste","Rua","Grande",546.7,29,17409,81.56,7839.55,23718.28,0.3701,0,2,0,NA,NA,0,NA,NA
"LJ0874","Central","Shopping","Pequena",74.2,5,2669,47.93,2280.08,1883.53,0.1837,0,3,0,NA,NA,0,NA,NA
"LJ0875","Central","Quiosque","Grande",497.3,27,8041,95.38,6483.92,13848.97,0.2912,0,1,0,NA,NA,0,NA,NA
"LJ0876","Leste","Quiosque","Media",191.7,12,4271,64.63,2965.46,8293.06,0.2565,0,0,0,NA,NA,0,NA,NA
"LJ0877","Central","Shopping","Pequena",79,4,2017,45.86,1261.61,3396.19,0.1418,0,2,1,3396.19,4091.51,0,NA,NA
"LJ0878","Leste","Rua","Media",231.3,9,6352,65.88,7650.24,9681.07,0.2444,0,0,1,9681.07,10919.29,0,NA,NA
"LJ0879","Norte","Rua","Media",249.5,9,5209,66.34,7123.8,8077.68,0.2445,0,0,0,NA,NA,0,NA,NA
"LJ0880","Sul","Shopping","Media",238.3,11,6786,91.56,6971.43,11350.13,0.2701,1,1,0,NA,NA,0,NA,NA
"LJ0881","Oeste","Rua","Grande",500.8,31,14476,149.14,12343.58,37074.48,0.3637,0,1,0,NA,NA,0,NA,NA
"LJ0882","Oeste","Rua","Media",175.3,14,5845,75.12,2836.7,5452.52,0.2468,0,2,1,5452.52,5935.49,0,NA,NA
"LJ0883","Oeste","Shopping","Grande",561.1,28,18140,106.33,9514.82,32190.9,0.3577,0,0,0,NA,NA,0,NA,NA
"LJ0884","Central","Quiosque","Pequena",44.6,4,2625,44.95,959.73,5110.94,0.1326,0,6,0,NA,NA,1,"Controle",295.12
"LJ0885","Sul","Rua","Pequena",66.8,4,2570,43.01,1463.31,4533.29,0.1946,0,3,0,NA,NA,0,NA,NA
"LJ0886","Sul","Shopping","Grande",549.7,29,14187,79.68,13494.64,21843.81,0.3438,0,0,0,NA,NA,0,NA,NA
"LJ0887","Central","Rua","Pequena",69.2,4,2945,41.44,808.91,2617.4,0.1888,0,0,0,NA,NA,1,"Tratamento",1210.72
"LJ0888","Sul","Rua","Pequena",74.1,4,1626,27.11,1464.4,652.09,0.0988,0,0,0,NA,NA,0,NA,NA
"LJ0889","Oeste","Quiosque","Grande",622,29,8608,96.96,8666.57,14408.76,0.3435,0,0,0,NA,NA,0,NA,NA
"LJ0890","Sul","Quiosque","Media",253.1,11,5587,63.39,3681.85,7235.26,0.2921,0,0,0,NA,NA,0,NA,NA
"LJ0891","Central","Quiosque","Media",171,8,6017,56,2520.63,6603.3,0.2907,0,2,0,NA,NA,0,NA,NA
"LJ0892","Central","Shopping","Pequena",72.6,4,2685,40.23,1859.09,1475.79,0.171,0,1,1,1475.79,1663.8,0,NA,NA
"LJ0893","Norte","Quiosque","Pequena",66.5,4,1783,62.98,1157.67,7938.25,0.1355,0,2,0,NA,NA,0,NA,NA
"LJ0894","Sul","Quiosque","Pequena",81.4,6,2087,40.62,1203.06,1358.42,0.1318,0,0,0,NA,NA,0,NA,NA
"LJ0895","Leste","Shopping","Media",172.5,11,8015,41.34,2227.33,7884.35,0.3057,0,3,0,NA,NA,1,"Controle",-32.47
"LJ0896","Oeste","Quiosque","Pequena",75.6,3,1972,46.74,1005.43,4048.93,0.1772,0,2,0,NA,NA,1,"Tratamento",652.42
"LJ0897","Leste","Rua","Pequena",101.4,1,2708,44.4,1120.76,703.16,0.174,1,2,0,NA,NA,0,NA,NA
"LJ0898","Sul","Rua","Grande",519.9,28,15908,73.55,6679.96,19162.24,0.3849,0,2,1,19162.24,18989.22,0,NA,NA
"LJ0899","Central","Shopping","Grande",510.2,16,19216,89.02,9188.54,29738.6,0.3155,0,1,0,NA,NA,1,"Controle",340.78
"LJ0900","Leste","Quiosque","Media",200.6,9,5555,60.42,23097.36,17260.56,0.2876,0,0,0,NA,NA,0,NA,NA
"LJ0901","Oeste","Shopping","Media",209,6,5866,57.67,2154.01,6631.43,0.2828,0,1,0,NA,NA,0,NA,NA
"LJ0902","Leste","Rua","Pequena",86,4,2519,46.27,697.21,2204.9,0.1308,0,2,0,NA,NA,1,"Controle",-343.76
"LJ0903","Norte","Quiosque","Media",172,13,5224,67.74,3703.07,7774.35,0.2041,0,1,0,NA,NA,0,NA,NA
"LJ0904","Sul","Shopping","Pequena",41.4,5,2288,48.8,1427.04,2604.96,0.134,0,3,0,NA,NA,0,NA,NA
"LJ0905","Leste","Rua","Media",208,9,6983,74.34,2590,10837.19,0.3258,0,2,0,NA,NA,0,NA,NA
"LJ0906","Central","Quiosque","Pequena",74.6,4,1544,42.9,1120.1,5384.2,0.1083,0,0,0,NA,NA,0,NA,NA
"LJ0907","Leste","Rua","Pequena",92,3,2168,41.69,712.48,3850.91,0.1751,0,2,0,NA,NA,0,NA,NA
"LJ0908","Norte","Shopping","Media",200.4,13,7610,60.32,3045.44,9930.63,0.2714,0,2,0,NA,NA,0,NA,NA
"LJ0909","Norte","Rua","Media",193.3,10,6918,62.56,4116.57,12173.8,0.2551,0,1,0,NA,NA,1,"Tratamento",501.32
"LJ0910","Sul","Rua","Pequena",87.6,5,1466,52.12,1327.38,637.05,0.0955,0,2,0,NA,NA,0,NA,NA
"LJ0911","Oeste","Shopping","Pequena",69.4,3,3134,53.51,1333.43,1187.51,0.1748,0,2,0,NA,NA,0,NA,NA
"LJ0912","Central","Shopping","Media",274.7,11,8348,64.15,4057.2,8791.82,0.3057,0,1,0,NA,NA,1,"Controle",-138.74
"LJ0913","Oeste","Rua","Pequena",64.4,3,2516,57.99,1589.79,3001.1,0.1496,0,2,0,NA,NA,0,NA,NA
"LJ0914","Central","Rua","Pequena",92.6,3,2314,46.49,1442.6,2085.38,0.1502,1,1,1,2085.38,1916.78,1,"Controle",-35.42
"LJ0915","Norte","Shopping","Media",147.7,13,8223,64.56,2508.09,11094.14,0.3008,0,2,0,NA,NA,0,NA,NA
"LJ0916","Norte","Shopping","Grande",570.3,35,17501,100.33,5068.16,28421.56,0.348,0,0,0,NA,NA,0,NA,NA
"LJ0917","Leste","Rua","Pequena",78,4,2321,52.08,1710.25,2299.73,0.145,0,1,0,NA,NA,0,NA,NA
"LJ0918","Central","Shopping","Pequena",49,5,2819,41.95,1552.87,2454.36,0.1838,0,5,0,NA,NA,0,NA,NA
"LJ0919","Norte","Shopping","Grande",392.3,32,13820,108.47,16508.58,29553.06,0.3245,0,0,0,NA,NA,0,NA,NA
"LJ0920","Sul","Shopping","Media",214.2,9,8626,62.23,3084.25,9927.91,0.3042,0,0,1,9927.91,10237.35,0,NA,NA
"LJ0921","Leste","Shopping","Grande",584.7,21,14008,120.54,11911.79,26537.13,0.3352,0,2,0,NA,NA,1,"Controle",-645.35
"LJ0922","Norte","Shopping","Pequena",70.9,4,1531,57.64,1234.6,1674.35,0.1212,0,2,0,NA,NA,0,NA,NA
"LJ0923","Norte","Shopping","Pequena",77.5,4,2918,37.51,909.55,4109.04,0.1665,0,4,0,NA,NA,0,NA,NA
"LJ0924","Norte","Quiosque","Pequena",93.1,4,1433,45.67,1369.73,4775.82,0.1159,0,0,0,NA,NA,0,NA,NA
"LJ0925","Norte","Quiosque","Media",218.3,10,5674,44.37,9603.97,5815.2,0.2306,0,2,0,NA,NA,1,"Tratamento",688.8
"LJ0926","Leste","Quiosque","Media",210.1,7,3973,68.36,5625.42,6495.09,0.2377,0,1,0,NA,NA,0,NA,NA
"LJ0927","Oeste","Shopping","Grande",475.4,35,15818,119.03,12464.06,31354.54,0.3291,0,2,0,NA,NA,0,NA,NA
"LJ0928","Norte","Shopping","Grande",458.9,26,15450,103.93,7287.04,26533.13,0.2965,0,2,0,NA,NA,0,NA,NA
"LJ0929","Norte","Shopping","Media",226.3,13,7746,56.98,5888.89,14498.51,0.2734,0,1,0,NA,NA,0,NA,NA
"LJ0930","Sul","Shopping","Grande",505.2,24,18905,74.48,12150.68,27849.75,0.3333,0,0,0,NA,NA,1,"Tratamento",1385.01
"LJ0931","Leste","Rua","Media",162.9,12,9581,52.45,3405.7,12822.63,0.3281,0,1,1,12822.63,14014.85,0,NA,NA
"LJ0932","Leste","Rua","Pequena",74.8,4,2453,38.44,1346.38,2568.7,0.1721,0,3,0,NA,NA,0,NA,NA
"LJ0933","Central","Shopping","Media",190.2,13,8859,68.62,2830.12,11963.02,0.2939,0,1,0,NA,NA,0,NA,NA
"LJ0934","Central","Shopping","Pequena",87.6,5,3484,48.24,1905.71,5103.46,0.1554,0,2,0,NA,NA,0,NA,NA
"LJ0935","Central","Quiosque","Grande",474.4,30,13712,102.74,15658.88,24788.44,0.3563,0,2,1,24788.44,27219.24,0,NA,NA
"LJ0936","Norte","Shopping","Pequena",59.9,3,2721,64.76,1481.84,2407.02,0.1935,0,3,0,NA,NA,0,NA,NA
"LJ0937","Norte","Rua","Pequena",85.6,4,2387,47.09,1497.75,2224.33,0.1529,0,3,0,NA,NA,1,"Tratamento",841.41
"LJ0938","Norte","Shopping","Pequena",47,4,2427,52.44,2836.48,4102.58,0.1354,1,3,0,NA,NA,0,NA,NA
"LJ0939","Norte","Shopping","Media",251.5,10,8970,61.32,3170.37,10160.46,0.3127,0,4,0,NA,NA,1,"Tratamento",405.55
"LJ0940","Sul","Rua","Media",163.9,11,7661,61.12,4255.49,8176.81,0.3136,0,4,0,NA,NA,0,NA,NA
"LJ0941","Leste","Rua","Pequena",106.2,4,1410,56.67,949.18,3929.06,0.1116,0,1,1,3929.06,3848.38,0,NA,NA
"LJ0942","Norte","Rua","Pequena",70.8,5,1841,45.41,1378.52,500,0.1585,0,1,0,NA,NA,0,NA,NA
"LJ0943","Central","Quiosque","Pequena",73.4,4,1593,54.58,814.8,2498.9,0.1342,0,2,0,NA,NA,0,NA,NA
"LJ0944","Norte","Rua","Media",176.9,9,4813,65.56,2673.45,8598.87,0.2613,0,3,0,NA,NA,0,NA,NA
"LJ0945","Sul","Shopping","Pequena",52.7,5,2333,43.96,1314.31,1374.36,0.1683,0,2,0,NA,NA,0,NA,NA
"LJ0946","Norte","Rua","Media",227.7,12,7393,67.08,2617.96,10950.3,0.2712,0,1,0,NA,NA,0,NA,NA
"LJ0947","Central","Quiosque","Pequena",57,4,1589,59.85,1333.56,4762.05,0.1288,1,2,0,NA,NA,0,NA,NA
"LJ0948","Sul","Shopping","Pequena",90.8,4,3160,39.21,1748.95,2078.32,0.1839,0,1,0,NA,NA,0,NA,NA
"LJ0949","Central","Rua","Media",148.6,11,6668,65.83,2952.88,9066.53,0.3086,0,1,0,NA,NA,1,"Tratamento",-90.7
"LJ0950","Sul","Rua","Media",194.9,10,7649,61.78,4618.63,10698.97,0.2703,0,1,0,NA,NA,1,"Tratamento",839.8
"LJ0951","Norte","Shopping","Pequena",88.1,3,1721,57.3,950.06,500,0.1547,0,2,1,500,1036.99,0,NA,NA
"LJ0952","Sul","Rua","Pequena",76.6,3,2229,45.77,1012.9,2637.19,0.1591,0,2,0,NA,NA,0,NA,NA
"LJ0953","Leste","Quiosque","Media",241.4,10,5175,58.84,3917.37,6667.36,0.2497,0,3,1,6667.36,7148.52,0,NA,NA
"LJ0954","Central","Shopping","Media",225.7,10,7971,59.39,5176.29,8796.32,0.2779,0,0,0,NA,NA,0,NA,NA
"LJ0955","Norte","Shopping","Media",219.1,9,7419,57.4,3749.15,6900.93,0.2689,0,3,0,NA,NA,0,NA,NA
"LJ0956","Central","Rua","Pequena",107.1,4,2439,36.61,1259.18,500,0.1828,0,5,0,NA,NA,1,"Controle",196.2
"LJ0957","Central","Quiosque","Grande",416.4,28,9655,103.86,19330.95,27252.58,0.2864,0,0,0,NA,NA,1,"Tratamento",989.02
"LJ0958","Norte","Quiosque","Pequena",77.9,5,2052,47.31,1276.02,3070.83,0.163,0,1,0,NA,NA,0,NA,NA
"LJ0959","Central","Quiosque","Pequena",67.3,4,1453,40.42,1282.67,1936.43,0.1358,0,0,0,NA,NA,0,NA,NA
"LJ0960","Sul","Rua","Grande",427.9,32,18996,88.54,7965.38,30445.34,0.3412,0,2,0,NA,NA,0,NA,NA
"LJ0961","Oeste","Rua","Grande",459.9,25,15229,94.96,7671.22,27151.14,0.3297,0,1,0,NA,NA,1,"Tratamento",1236.98
"LJ0962","Oeste","Rua","Media",185.8,6,6331,55.64,3352.02,6477.99,0.2431,0,1,1,6477.99,6956.53,0,NA,NA
"LJ0963","Norte","Shopping","Media",244.9,13,7603,69.47,4790.9,9650.19,0.295,0,1,0,NA,NA,0,NA,NA
"LJ0964","Central","Rua","Media",248.7,6,6771,49.62,3702.74,4769.06,0.2615,0,2,0,NA,NA,0,NA,NA
"LJ0965","Sul","Shopping","Grande",503.2,33,14243,87.06,14280.45,27574.96,0.3527,0,0,0,NA,NA,0,NA,NA
"LJ0966","Norte","Rua","Pequena",50.3,4,2427,48.09,937.95,4314.1,0.1677,0,1,0,NA,NA,0,NA,NA
"LJ0967","Central","Rua","Pequena",72.4,5,3215,34.89,1186.14,4439.52,0.1582,0,0,0,NA,NA,0,NA,NA
"LJ0968","Central","Shopping","Pequena",85.1,5,2317,38.67,1229.65,1819.94,0.1891,0,2,0,NA,NA,0,NA,NA
"LJ0969","Norte","Rua","Grande",466.1,23,16758,100.4,10487.6,31868.6,0.3456,1,0,1,31868.6,33753.12,0,NA,NA
"LJ0970","Sul","Rua","Pequena",100.4,4,2460,56.03,1649.92,500,0.1495,0,3,0,NA,NA,0,NA,NA
"LJ0971","Norte","Rua","Media",203.9,9,5167,66.64,4741.99,5469.1,0.2336,0,1,1,5469.1,4960.79,1,"Controle",103.28
"LJ0972","Oeste","Rua","Media",213.3,5,6082,76.5,3681.91,7993.93,0.2373,0,1,1,7993.93,8910.18,0,NA,NA
"LJ0973","Norte","Quiosque","Pequena",83.2,5,1846,35.12,956.25,638.75,0.108,0,2,0,NA,NA,1,"Controle",-114.92
"LJ0974","Norte","Rua","Pequena",86.1,4,2360,50.67,608.46,4119.7,0.162,0,1,0,NA,NA,0,NA,NA
"LJ0975","Oeste","Quiosque","Pequena",85.4,4,2065,46.84,1247.07,3914.82,0.1736,0,1,1,3914.82,4043.25,0,NA,NA
"LJ0976","Sul","Rua","Media",200.2,7,6940,65.38,5334.61,9406.63,0.2745,0,3,0,NA,NA,0,NA,NA
"LJ0977","Central","Rua","Media",268.2,12,6728,66.21,4676.54,8111.28,0.2486,0,2,1,8111.28,9498.2,0,NA,NA
"LJ0978","Oeste","Rua","Media",233.6,9,7229,75.11,5407.98,10670.54,0.3087,0,1,0,NA,NA,1,"Tratamento",211.99
"LJ0979","Central","Rua","Pequena",84.8,4,2252,49.66,851.76,6768.71,0.1728,0,2,0,NA,NA,0,NA,NA
"LJ0980","Central","Rua","Grande",417.3,22,13767,106.69,8879.89,24469.87,0.3603,0,4,1,24469.87,22911.05,0,NA,NA
"LJ0981","Norte","Rua","Pequena",64.9,4,1488,38.55,1377.99,4948.35,0.1337,0,3,0,NA,NA,0,NA,NA
"LJ0982","Leste","Shopping","Media",195.5,11,6990,65.64,3270.08,9790.79,0.2503,0,1,1,9790.79,11082.1,0,NA,NA
"LJ0983","Leste","Shopping","Pequena",69.6,4,3219,44.61,1456.5,4727.86,0.194,1,1,0,NA,NA,0,NA,NA
"LJ0984","Central","Shopping","Media",249,18,8513,83.59,5070.41,13840.14,0.2865,0,1,1,13840.14,15110.47,1,"Controle",-64.43
"LJ0985","Central","Rua","Pequena",92.6,4,1606,26.85,1310.01,500,0.1564,0,3,0,NA,NA,1,"Tratamento",604.33
"LJ0986","Central","Quiosque","Media",246,10,5636,50.94,1817,8331.66,0.2805,0,3,0,NA,NA,0,NA,NA
"LJ0987","Norte","Rua","Pequena",78,4,1994,45.79,1192.14,2679.54,0.1146,1,3,0,NA,NA,0,NA,NA
"LJ0988","Oeste","Shopping","Pequena",68.8,2,2632,57.85,1906.93,6365.4,0.1618,1,0,0,NA,NA,0,NA,NA
"LJ0989","Sul","Rua","Pequena",55.9,4,1948,54.96,1268.68,3635.32,0.1339,1,3,1,3635.32,4375.9,0,NA,NA
"LJ0990","Sul","Quiosque","Grande",400.3,24,8219,119.76,9127.1,17396.24,0.286,0,0,0,NA,NA,1,"Controle",48.13
"LJ0991","Sul","Rua","Pequena",102.3,4,2437,46.3,1131.96,2491.94,0.1766,0,1,0,NA,NA,0,NA,NA
"LJ0992","Leste","Rua","Pequena",67.3,5,2030,55.97,1586,3608.37,0.1263,0,1,0,NA,NA,0,NA,NA
"LJ0993","Oeste","Quiosque","Media",185.5,11,5412,77.92,4037.67,6599.25,0.2685,0,1,0,NA,NA,0,NA,NA
"LJ0994","Sul","Quiosque","Media",198.7,12,5028,73.25,5808.44,7353.25,0.2164,0,2,0,NA,NA,0,NA,NA
"LJ0995","Central","Shopping","Pequena",65.1,4,2945,42.46,1852.3,3133.86,0.1544,0,0,1,3133.86,2923.02,0,NA,NA
"LJ0996","Sul","Rua","Pequena",67.2,7,1633,40.8,1324.36,3318.03,0.1558,0,0,1,3318.03,2966.55,0,NA,NA
"LJ0997","Sul","Shopping","Grande",585,35,22153,126.58,4065.38,43969.14,0.338,0,2,0,NA,NA,0,NA,NA
"LJ0998","Oeste","Rua","Grande",434.4,30,15157,79.64,27724.95,28499.79,0.3368,0,2,0,NA,NA,1,"Controle",-483.01
"LJ0999","Central","Quiosque","Grande",449.3,22,7877,112.12,22951.92,23932.38,0.2895,0,3,1,23932.38,25760.88,1,"Controle",-155.76
"LJ1000","Sul","Rua","Pequena",78.4,6,2118,53.03,1039.63,500,0.1503,0,2,0,NA,NA,1,"Tratamento",-66.51
"LJ1001","Norte","Shopping","Pequena",109.4,5,2590,42.2,1394.53,3847.09,0.1597,0,2,1,3847.09,4385.46,0,NA,NA
"LJ1002","Leste","Rua","Pequena",73.5,4,2272,56.03,1217.66,2245.6,0.1658,0,0,0,NA,NA,0,NA,NA
"LJ1003","Leste","Rua","Pequena",83.5,4,1665,47.38,3036.19,3327.81,0.1379,0,1,1,3327.81,3317.18,0,NA,NA
"LJ1004","Sul","Rua","Pequena",84.6,3,2103,43.97,669.09,2047.19,0.1175,0,1,0,NA,NA,0,NA,NA
"LJ1005","Sul","Shopping","Media",208.3,11,6752,67.68,2428.02,11601.34,0.2684,0,2,0,NA,NA,0,NA,NA
"LJ1006","Norte","Quiosque","Media",141.9,14,3757,71.84,4972.02,6877.83,0.2028,0,0,0,NA,NA,0,NA,NA
"LJ1007","Norte","Shopping","Pequena",100.3,3,2633,52.9,1201.79,3939,0.198,0,0,0,NA,NA,0,NA,NA
"LJ1008","Leste","Rua","Pequena",76.9,4,2017,47.75,1463.45,5955.46,0.1626,0,1,0,NA,NA,0,NA,NA
"LJ1009","Leste","Shopping","Grande",505.9,29,21569,87.79,13869.36,32738.73,0.3046,0,0,0,NA,NA,0,NA,NA
"LJ1010","Sul","Quiosque","Grande",435,32,8286,87.92,10452.59,13967.18,0.2842,0,0,1,13967.18,14832.85,0,NA,NA
"LJ1011","Sul","Rua","Media",239.8,11,5770,61.1,5885.94,4705.79,0.2556,0,1,0,NA,NA,0,NA,NA
"LJ1012","Oeste","Shopping","Media",249.6,13,6853,66.31,3827.19,5235.58,0.26,0,3,0,NA,NA,1,"Tratamento",1213.52
"LJ1013","Leste","Shopping","Pequena",102.1,3,2254,40.27,1016.79,4131.65,0.1655,0,0,0,NA,NA,1,"Tratamento",835.61
"LJ1014","Leste","Shopping","Pequena",66,4,2537,47.32,1937.65,4247.75,0.2072,0,1,0,NA,NA,0,NA,NA
"LJ1015","Sul","Rua","Pequena",83.3,5,2321,44.82,707.09,4149.51,0.1247,0,2,0,NA,NA,0,NA,NA
"LJ1016","Oeste","Quiosque","Media",211.7,8,3736,67.32,3849.35,7016.18,0.1857,0,0,0,NA,NA,0,NA,NA
"LJ1017","Leste","Rua","Pequena",73.8,2,2162,34.07,502.48,1743.82,0.1769,0,1,0,NA,NA,0,NA,NA
"LJ1018","Oeste","Rua","Media",186.6,8,6530,73.83,3265.04,6817.95,0.2505,0,1,1,6817.95,7808.67,0,NA,NA
"LJ1019","Norte","Quiosque","Pequena",88.6,4,1633,45.36,944.8,500,0.1269,0,1,0,NA,NA,1,"Tratamento",406.13
"LJ1020","Central","Rua","Media",234.3,9,5583,52.5,5146.64,5498.9,0.2566,0,0,0,NA,NA,0,NA,NA
"LJ1021","Leste","Rua","Grande",593.8,28,16649,96.35,13138.53,29946.9,0.3364,0,2,0,NA,NA,1,"Tratamento",627.84
"LJ1022","Central","Quiosque","Media",145.9,10,4194,63.45,2846.36,4833.66,0.1832,1,2,0,NA,NA,1,"Controle",99.08
"LJ1023","Norte","Rua","Pequena",109.6,2,2584,47.26,1521.21,2849.89,0.1725,0,0,0,NA,NA,0,NA,NA
"LJ1024","Oeste","Shopping","Pequena",70.9,2,1756,38.09,583.38,2989.89,0.1228,0,2,0,NA,NA,1,"Controle",52.31
"LJ1025","Sul","Quiosque","Media",259.2,8,3614,64.48,3865.52,5716.47,0.1867,0,3,0,NA,NA,0,NA,NA
"LJ1026","Oeste","Quiosque","Media",225.4,9,5010,62.84,2589.11,8122.8,0.2317,0,0,0,NA,NA,0,NA,NA
"LJ1027","Sul","Rua","Pequena",87.8,4,2442,27.66,1154.75,4688.5,0.1258,0,1,0,NA,NA,0,NA,NA
"LJ1028","Oeste","Shopping","Grande",494.1,18,18293,104.95,8858.58,34045.87,0.3457,1,1,0,NA,NA,0,NA,NA
"LJ1029","Norte","Shopping","Pequena",98.7,6,2804,40.73,2201.36,4774.77,0.1577,0,0,1,4774.77,4869.21,0,NA,NA
"LJ1030","Leste","Shopping","Pequena",70.1,1,2672,43.57,972.52,500,0.1974,0,2,0,NA,NA,0,NA,NA
"LJ1031","Central","Rua","Pequena",91,4,1841,31.21,891.1,1022.2,0.1323,0,0,0,NA,NA,0,NA,NA
"LJ1032","Leste","Shopping","Grande",390.2,20,16813,101.82,43730.81,40868.7,0.3375,0,1,0,NA,NA,1,"Tratamento",211.08
"LJ1033","Central","Rua","Pequena",67,5,2910,38.36,1434.11,3073.94,0.2002,0,2,0,NA,NA,0,NA,NA
"LJ1034","Sul","Shopping","Media",239.2,12,5935,77.75,2317.63,10911.19,0.2732,0,0,0,NA,NA,0,NA,NA
"LJ1035","Oeste","Rua","Grande",499.2,29,14163,104.91,16959.92,31174.74,0.3351,1,3,0,NA,NA,1,"Tratamento",456.55
"LJ1036","Oeste","Rua","Pequena",76.4,4,1833,55.42,778.46,5615.84,0.1196,0,1,1,5615.84,5742.06,0,NA,NA
"LJ1037","Sul","Rua","Media",215.7,16,7153,53.52,4001.65,8348.4,0.2928,0,0,0,NA,NA,0,NA,NA
"LJ1038","Sul","Shopping","Media",226.6,9,7750,71.78,6051.13,12028.57,0.2776,0,4,0,NA,NA,0,NA,NA
"LJ1039","Central","Shopping","Media",250.7,12,7657,72.9,3115.71,9672.79,0.2912,0,2,0,NA,NA,1,"Controle",-575.05
"LJ1040","Leste","Shopping","Pequena",53,4,2888,69.61,2043.75,3100.29,0.1853,0,1,0,NA,NA,0,NA,NA
"LJ1041","Central","Rua","Media",227.7,16,6495,46.98,4599.74,8667.37,0.2884,0,1,0,NA,NA,0,NA,NA
"LJ1042","Central","Rua","Grande",384.6,24,13450,58.68,6023.27,15347.21,0.3276,0,1,0,NA,NA,0,NA,NA
"LJ1043","Oeste","Quiosque","Media",268.2,15,4305,76.3,3258.38,10691.81,0.2375,0,1,1,10691.81,11240.54,0,NA,NA
"LJ1044","Central","Rua","Media",250.1,11,6208,57.2,4265.18,11735.09,0.2824,0,1,0,NA,NA,0,NA,NA
"LJ1045","Sul","Shopping","Pequena",75.3,4,2322,27.86,1349.69,1856.16,0.1598,0,0,0,NA,NA,0,NA,NA
"LJ1046","Leste","Rua","Media",261,15,7326,52.25,3892.43,7973.92,0.2415,0,1,0,NA,NA,0,NA,NA
"LJ1047","Leste","Shopping","Pequena",72.8,6,3051,46.37,1715.73,1325.08,0.2141,0,1,0,NA,NA,1,"Tratamento",344.3
"LJ1048","Sul","Shopping","Pequena",46.4,3,2564,51.58,1109.61,1341,0.1571,0,2,0,NA,NA,0,NA,NA
"LJ1049","Central","Shopping","Pequena",58.3,3,2435,54.52,1187.78,3949.28,0.1392,0,1,0,NA,NA,1,"Tratamento",48.34
"LJ1050","Oeste","Rua","Pequena",78.6,3,2784,36.59,1463.58,3734.96,0.159,0,1,0,NA,NA,0,NA,NA
"LJ1051","Oeste","Shopping","Pequena",66.1,4,2894,66.57,728.35,4963.96,0.1955,0,1,0,NA,NA,1,"Tratamento",678.33
"LJ1052","Oeste","Shopping","Grande",494.3,25,14474,96.61,13260.06,26704.73,0.3383,0,3,0,NA,NA,0,NA,NA
"LJ1053","Sul","Quiosque","Media",281.8,11,7485,56.37,2020.91,8227.65,0.2653,0,1,0,NA,NA,0,NA,NA
"LJ1054","Central","Rua","Pequena",75.2,5,2088,38.71,2207.7,1752.22,0.1332,0,0,0,NA,NA,0,NA,NA
"LJ1055","Oeste","Quiosque","Pequena",80.8,4,1794,50.9,1317.1,4469.77,0.1246,0,0,0,NA,NA,0,NA,NA
"LJ1056","Central","Rua","Media",253,12,8610,77.77,2915.72,12904.32,0.2808,0,0,0,NA,NA,0,NA,NA
"LJ1057","Sul","Shopping","Media",284.3,8,6962,44.07,5737.53,6561.71,0.2758,0,3,0,NA,NA,0,NA,NA
"LJ1058","Central","Quiosque","Media",133.3,8,5978,63.77,2584.66,7922.42,0.2785,1,2,0,NA,NA,1,"Tratamento",828.26
"LJ1059","Norte","Quiosque","Pequena",92.5,3,1845,50.94,1793.91,1468.26,0.1581,0,0,0,NA,NA,0,NA,NA
"LJ1060","Norte","Quiosque","Pequena",68.4,5,2059,40.99,1325.43,4499.17,0.1463,0,5,0,NA,NA,0,NA,NA
"LJ1061","Oeste","Rua","Media",219.2,12,6401,65.31,6968.69,11204.64,0.2599,0,0,1,11204.64,12386.45,0,NA,NA
"LJ1062","Leste","Shopping","Media",149.4,17,8278,60.87,3291.41,6254.61,0.3095,0,2,0,NA,NA,1,"Tratamento",52.41
"LJ1063","Central","Shopping","Media",196,12,6909,72.94,4907.19,11239.04,0.2774,0,1,0,NA,NA,1,"Controle",149.19
"LJ1064","Leste","Rua","Pequena",98.7,4,1975,30.41,944.01,6804.6,0.1727,0,0,0,NA,NA,0,NA,NA
"LJ1065","Norte","Quiosque","Grande",523.6,23,10680,95.65,7376.41,21311.47,0.2865,0,0,0,NA,NA,1,"Controle",-120.94
"LJ1066","Sul","Quiosque","Pequena",64.6,3,1586,52.33,2142.17,500,0.1273,0,4,1,500,1369.14,0,NA,NA
"LJ1067","Leste","Rua","Media",226.1,12,7600,62.63,3924.57,7836.5,0.3026,0,1,0,NA,NA,0,NA,NA
"LJ1068","Sul","Rua","Grande",457,28,14744,85.19,8113.05,22372.75,0.3225,0,1,0,NA,NA,0,NA,NA
"LJ1069","Leste","Shopping","Media",162.1,13,7979,69.91,5163.75,11328.39,0.3008,0,2,0,NA,NA,0,NA,NA
"LJ1070","Central","Shopping","Pequena",69.4,4,2235,55.58,1331.61,3537.56,0.1469,0,0,0,NA,NA,1,"Tratamento",240.44
"LJ1071","Norte","Shopping","Grande",561.3,31,16967,72.82,9718.39,22688.98,0.3504,0,3,0,NA,NA,1,"Tratamento",-40.34
"LJ1072","Oeste","Quiosque","Media",202.7,14,5941,55.36,2807.22,9218.33,0.2611,0,1,0,NA,NA,0,NA,NA
"LJ1073","Oeste","Quiosque","Media",178.9,13,3988,70.04,5777.64,6079.69,0.2245,0,0,0,NA,NA,0,NA,NA
"LJ1074","Norte","Rua","Pequena",90.1,5,1665,54.36,8610.85,4522.14,0.1131,0,1,0,NA,NA,0,NA,NA
"LJ1075","Norte","Quiosque","Grande",476.2,29,12794,94.63,9886.59,26339.91,0.3527,0,1,0,NA,NA,1,"Controle",209.3
"LJ1076","Leste","Quiosque","Pequena",68.1,3,917,60.02,754.17,500,0.1002,0,2,0,NA,NA,0,NA,NA
"LJ1077","Sul","Shopping","Pequena",82,1,2247,55.45,1616.47,4474.48,0.1959,0,0,0,NA,NA,0,NA,NA
"LJ1078","Leste","Rua","Pequena",36.8,5,2297,40.76,2468.35,566.89,0.1466,0,1,0,NA,NA,0,NA,NA
"LJ1079","Leste","Shopping","Pequena",89.9,6,2075,46.75,1327.54,2966.49,0.1483,0,0,0,NA,NA,0,NA,NA
"LJ1080","Oeste","Shopping","Pequena",66.3,4,1642,39.15,1672.8,2809.87,0.1588,1,0,0,NA,NA,1,"Controle",481.17
"LJ1081","Oeste","Rua","Pequena",91.1,6,1801,52.11,1131.81,650.95,0.1442,0,3,0,NA,NA,0,NA,NA
"LJ1082","Norte","Shopping","Grande",581.5,20,15674,111.19,9284.87,28599.87,0.3472,0,1,0,NA,NA,0,NA,NA
"LJ1083","Oeste","Shopping","Pequena",89.3,2,2739,58.02,1275.35,2052.25,0.1818,0,1,0,NA,NA,0,NA,NA
"LJ1084","Sul","Quiosque","Media",218.7,11,4814,70.78,4683.73,4415.8,0.2116,0,2,0,NA,NA,0,NA,NA
"LJ1085","Oeste","Shopping","Media",169.1,12,7522,68.09,6815.69,7982.37,0.2759,0,1,0,NA,NA,1,"Controle",274.85
"LJ1086","Oeste","Shopping","Grande",387.5,30,13769,115.73,13192.17,31840.29,0.3378,0,0,0,NA,NA,0,NA,NA
"LJ1087","Oeste","Quiosque","Media",215.6,9,5394,71.2,4041.75,8172.21,0.2348,0,2,0,NA,NA,0,NA,NA
"LJ1088","Oeste","Shopping","Pequena",62.6,7,3046,46.36,1212.02,2928.1,0.1831,0,3,0,NA,NA,0,NA,NA
"LJ1089","Central","Shopping","Pequena",73.3,3,2283,29.44,1806.52,975.82,0.1709,0,2,0,NA,NA,1,"Controle",144.21
"LJ1090","Norte","Shopping","Media",176.7,9,7215,84.42,4541.93,11298.45,0.2731,0,2,0,NA,NA,0,NA,NA
"LJ1091","Sul","Shopping","Media",276.4,13,8333,54.99,2891.34,8987.07,0.2986,0,2,0,NA,NA,0,NA,NA
"LJ1092","Oeste","Shopping","Pequena",71.6,4,2494,43.63,1678.61,1172.9,0.152,0,0,0,NA,NA,0,NA,NA
"LJ1093","Leste","Shopping","Media",227.1,5,7463,61.7,2681.06,7302.58,0.2371,0,1,0,NA,NA,0,NA,NA
"LJ1094","Leste","Shopping","Media",226.1,12,9136,45.03,2295.62,9673.03,0.3163,0,1,0,NA,NA,0,NA,NA
"LJ1095","Sul","Rua","Pequena",81.9,4,1896,48.95,1382.65,4657.02,0.1359,1,2,0,NA,NA,1,"Controle",179.51
"LJ1096","Central","Shopping","Pequena",63.6,4,3190,68.8,4370.02,3582.81,0.1804,0,2,1,3582.81,3719.55,0,NA,NA
"LJ1097","Leste","Shopping","Pequena",82.6,4,2384,52.58,1761.29,1704.76,0.1595,0,1,1,1704.76,2453.27,0,NA,NA
"LJ1098","Sul","Shopping","Media",242.6,12,8688,63.06,2586.73,8285.85,0.315,0,3,0,NA,NA,0,NA,NA
"LJ1099","Central","Shopping","Media",188.1,11,7660,72.88,15998.8,13933.13,0.2993,0,2,0,NA,NA,0,NA,NA
"LJ1100","Norte","Shopping","Media",315.4,10,8197,53.21,4848.85,8143.15,0.2729,0,1,0,NA,NA,0,NA,NA
"LJ1101","Oeste","Shopping","Pequena",76.5,5,2575,50.7,941.71,2640.96,0.1876,0,3,0,NA,NA,0,NA,NA
"LJ1102","Central","Shopping","Media",207.2,18,6636,66.1,4688.21,7818.04,0.236,0,1,0,NA,NA,0,NA,NA
"LJ1103","Leste","Shopping","Grande",433.7,27,18103,88.99,11619.33,26068.89,0.3408,0,2,0,NA,NA,0,NA,NA
"LJ1104","Leste","Rua","Pequena",99.8,5,1865,52.62,1136.11,500,0.1192,0,1,0,NA,NA,0,NA,NA
"LJ1105","Oeste","Shopping","Pequena",120.2,4,2166,38.76,814.5,2732.91,0.1608,0,1,0,NA,NA,1,"Tratamento",305.98
"LJ1106","Sul","Shopping","Pequena",70.2,6,2197,64.1,2191.9,2465.51,0.1706,0,3,0,NA,NA,1,"Tratamento",301.53
"LJ1107","Sul","Rua","Pequena",68.1,4,2258,33.04,730.48,2982.14,0.1556,0,0,0,NA,NA,0,NA,NA
"LJ1108","Oeste","Rua","Media",202.2,10,4314,57.44,3295.71,6205.82,0.2262,0,2,0,NA,NA,0,NA,NA
"LJ1109","Sul","Quiosque","Pequena",59.7,4,1924,54.66,778.94,2041.49,0.1409,0,0,0,NA,NA,1,"Tratamento",856.87
"LJ1110","Leste","Shopping","Pequena",104.3,5,2058,41.51,1298.42,1648.49,0.1578,0,0,0,NA,NA,1,"Tratamento",8.95
"LJ1111","Norte","Rua","Media",193.9,11,6446,63.6,3066.86,8787.16,0.2362,0,1,0,NA,NA,0,NA,NA
"LJ1112","Leste","Quiosque","Grande",391,33,16319,120.76,11701.08,34687.37,0.3231,0,1,0,NA,NA,1,"Tratamento",446.78
"LJ1113","Central","Shopping","Pequena",60.9,2,2343,53.35,1300.21,2493.83,0.1052,0,0,0,NA,NA,0,NA,NA
"LJ1114","Norte","Rua","Grande",457.3,33,14706,113.04,12168.37,33168.84,0.3351,0,1,0,NA,NA,0,NA,NA
"LJ1115","Central","Shopping","Media",169.3,15,6609,48.36,6138.93,6317.21,0.3071,0,3,0,NA,NA,0,NA,NA
"LJ1116","Leste","Rua","Media",230.2,12,7081,62.21,7475.34,10764.94,0.2714,0,1,0,NA,NA,0,NA,NA
"LJ1117","Sul","Rua","Media",192.3,12,7080,60.13,2405.54,8918.69,0.242,0,5,0,NA,NA,1,"Controle",-443.27
"LJ1118","Leste","Shopping","Media",253.5,17,8213,46.51,4501.94,8197.26,0.3029,0,1,1,8197.26,8315.23,0,NA,NA
"LJ1119","Norte","Rua","Grande",534.4,35,14277,84.33,8926.97,21375.5,0.3521,0,2,1,21375.5,23273.39,0,NA,NA
"LJ1120","Central","Rua","Pequena",82.8,3,1962,53.47,2894.96,4014.82,0.1295,0,2,0,NA,NA,0,NA,NA
"LJ1121","Leste","Quiosque","Pequena",84.8,5,1690,43.57,1192,4220.53,0.0777,0,2,1,4220.53,4448.27,0,NA,NA
"LJ1122","Central","Rua","Grande",493.3,29,13162,74.56,6683.42,19521.15,0.2997,0,2,1,19521.15,20100.52,0,NA,NA
"LJ1123","Norte","Rua","Media",209.4,11,5844,55.38,6307.38,9938.66,0.236,0,1,0,NA,NA,0,NA,NA
"LJ1124","Leste","Quiosque","Pequena",74,5,878,46.2,1996.31,2686.15,0.1203,0,0,0,NA,NA,0,NA,NA
"LJ1125","Central","Quiosque","Media",230.8,9,3278,72.82,5187.46,6297.91,0.19,0,0,0,NA,NA,0,NA,NA
"LJ1126","Oeste","Shopping","Grande",441.8,28,15553,106.77,15107.89,31432.91,0.3493,0,0,0,NA,NA,0,NA,NA
"LJ1127","Sul","Quiosque","Media",206.8,11,4324,72.1,3497.01,5634.64,0.2073,0,0,0,NA,NA,0,NA,NA
"LJ1128","Leste","Rua","Pequena",73.7,5,1734,31.63,714.55,2083.56,0.1243,0,0,1,2083.56,2577.36,0,NA,NA
"LJ1129","Sul","Quiosque","Media",212.3,12,4023,70.03,5472.75,7609.08,0.2108,0,0,0,NA,NA,0,NA,NA
"LJ1130","Leste","Shopping","Media",175.8,14,7707,79.02,2801.06,12068.11,0.285,0,3,1,12068.11,11736.31,0,NA,NA
"LJ1131","Oeste","Shopping","Media",227.3,15,7537,88.24,7229.9,12776.72,0.3204,0,4,1,12776.72,13343.65,0,NA,NA
"LJ1132","Oeste","Rua","Pequena",90.2,5,3108,55.89,779.56,4291.32,0.155,0,3,0,NA,NA,0,NA,NA
"LJ1133","Sul","Rua","Media",252,16,6824,60.37,3239.46,6471.08,0.2515,0,2,1,6471.08,6399.58,0,NA,NA
"LJ1134","Central","Shopping","Media",158.6,15,7400,71.75,3272.82,9425.32,0.3005,0,2,0,NA,NA,0,NA,NA
"LJ1135","Oeste","Rua","Pequena",66.2,5,2308,41.15,2228.95,1930.32,0.1532,0,2,0,NA,NA,0,NA,NA
"LJ1136","Central","Shopping","Media",266.5,10,6769,63.4,3324.17,6094.83,0.2677,1,0,1,6094.83,6525.74,0,NA,NA
"LJ1137","Leste","Shopping","Media",288.2,10,8225,69.74,5140.05,10627.04,0.2867,0,0,1,10627.04,10553.49,1,"Tratamento",21.98
"LJ1138","Sul","Rua","Media",197.1,13,5673,67.23,4060.51,6137.39,0.2323,0,2,0,NA,NA,1,"Tratamento",562.81
"LJ1139","Leste","Rua","Media",221.3,12,4204,69.63,2190.14,5418.16,0.2581,0,3,0,NA,NA,0,NA,NA
"LJ1140","Sul","Shopping","Media",192.7,13,7083,62.92,4866.76,8230.51,0.2573,0,0,0,NA,NA,0,NA,NA
"LJ1141","Norte","Quiosque","Media",143.9,13,5831,71.94,2947.38,7403.61,0.2376,0,1,0,NA,NA,0,NA,NA
"LJ1142","Leste","Rua","Pequena",88.5,6,1699,46.03,3510.45,2241.54,0.1572,0,0,0,NA,NA,0,NA,NA
"LJ1143","Sul","Shopping","Pequena",66.5,4,2782,47.07,1014.33,4358.69,0.163,0,2,0,NA,NA,0,NA,NA
"LJ1144","Oeste","Shopping","Media",235.9,16,6549,77.41,3210.22,9388.07,0.2594,0,0,0,NA,NA,0,NA,NA
"LJ1145","Norte","Rua","Media",267.4,12,7582,55.87,5300.23,8293.42,0.2829,0,1,0,NA,NA,1,"Tratamento",138.81
"LJ1146","Oeste","Rua","Media",201.4,14,7184,60.53,3595.7,10015.21,0.2739,0,0,0,NA,NA,0,NA,NA
"LJ1147","Norte","Quiosque","Pequena",100.6,4,1517,49.59,1136.59,500,0.1292,0,0,0,NA,NA,0,NA,NA
"LJ1148","Oeste","Shopping","Pequena",72.4,5,3433,45.89,870.71,2399.77,0.1925,0,0,0,NA,NA,0,NA,NA
"LJ1149","Norte","Shopping","Media",279.2,10,8897,71.62,4476.89,9613.05,0.267,0,2,1,9613.05,10230.22,0,NA,NA
"LJ1150","Sul","Quiosque","Pequena",92.5,2,1779,48.93,1031.84,1342.1,0.1021,0,0,0,NA,NA,1,"Tratamento",405.09
"LJ1151","Leste","Rua","Pequena",81.9,3,2152,37.63,999.7,1131.82,0.1905,0,2,0,NA,NA,1,"Tratamento",397.02
"LJ1152","Central","Rua","Pequena",87.2,7,1559,32.55,1219.12,2049.47,0.1384,0,4,0,NA,NA,0,NA,NA
"LJ1153","Leste","Shopping","Grande",477.3,23,18349,122.72,11829.73,39964.86,0.3335,0,0,0,NA,NA,0,NA,NA
"LJ1154","Central","Shopping","Grande",489.4,18,19479,86.59,9244.16,29455.63,0.3622,1,1,0,NA,NA,1,"Controle",-682.77
"LJ1155","Leste","Rua","Media",215.9,10,6373,74.17,3182.86,9185.19,0.2387,0,1,0,NA,NA,1,"Tratamento",81.51
"LJ1156","Oeste","Rua","Media",194.9,9,7127,56.31,3426.46,9480.33,0.2989,1,2,1,9480.33,10673.96,0,NA,NA
"LJ1157","Oeste","Rua","Media",275,13,7447,64.48,3534.7,12798.75,0.286,1,1,1,12798.75,13800.63,0,NA,NA
"LJ1158","Sul","Shopping","Pequena",63.4,4,2810,59.53,642.29,986.23,0.152,0,0,0,NA,NA,1,"Controle",428.17
"LJ1159","Oeste","Rua","Pequena",92.2,4,3060,42.05,1600.38,1898.94,0.1612,0,0,0,NA,NA,0,NA,NA
"LJ1160","Sul","Rua","Pequena",109.7,4,2336,46.69,1206.87,3490.03,0.1674,0,0,1,3490.03,4190.07,0,NA,NA
"LJ1161","Sul","Rua","Media",165.7,11,5547,62.25,2509.2,7556.75,0.2468,0,1,0,NA,NA,0,NA,NA
"LJ1162","Norte","Shopping","Media",182.9,13,8810,67.59,1682.59,10488.52,0.3284,0,0,0,NA,NA,0,NA,NA
"LJ1163","Oeste","Rua","Media",178.9,13,6032,43.44,3695.78,10126.09,0.2928,0,0,0,NA,NA,0,NA,NA
"LJ1164","Norte","Shopping","Grande",480.9,24,16544,78.21,19932.45,26297.97,0.3193,0,1,0,NA,NA,1,"Tratamento",-43.61
"LJ1165","Oeste","Shopping","Media",201.5,16,7064,50.86,3433.34,4656.12,0.2871,1,1,0,NA,NA,1,"Controle",-74.16
"LJ1166","Oeste","Rua","Media",250.2,14,6235,55.72,4225.87,6036.37,0.2481,0,0,0,NA,NA,0,NA,NA
"LJ1167","Oeste","Shopping","Media",261.7,10,9104,64.63,3211.46,11670.88,0.2852,0,2,0,NA,NA,0,NA,NA
"LJ1168","Sul","Shopping","Pequena",105.1,3,2368,41.52,1424.88,1113.08,0.1523,0,2,1,1113.08,740.37,1,"Controle",42
"LJ1169","Norte","Shopping","Pequena",73.4,5,2481,52.7,1085.98,3622.97,0.186,0,2,0,NA,NA,0,NA,NA
"LJ1170","Oeste","Rua","Pequena",78.6,3,2353,50.52,1271.42,3617.17,0.1736,0,0,0,NA,NA,0,NA,NA
"LJ1171","Leste","Quiosque","Media",219.2,8,4416,58.65,3818.65,4085.93,0.2149,0,3,0,NA,NA,0,NA,NA
"LJ1172","Leste","Rua","Media",179.5,7,5660,73.31,3052.96,5238.13,0.242,0,1,0,NA,NA,0,NA,NA
"LJ1173","Sul","Shopping","Grande",399,30,15508,81.94,5887.8,22669.08,0.3828,0,5,0,NA,NA,1,"Controle",-841.5
"LJ1174","Oeste","Shopping","Pequena",61.6,5,2620,54.22,1936.81,2009.94,0.1649,0,2,0,NA,NA,0,NA,NA
"LJ1175","Oeste","Shopping","Pequena",77.1,3,3218,30.78,3055.39,7497.74,0.1732,0,0,0,NA,NA,0,NA,NA
"LJ1176","Central","Rua","Pequena",74.8,6,1747,50.19,1579.06,1921.58,0.1182,0,1,0,NA,NA,0,NA,NA
"LJ1177","Sul","Rua","Pequena",81.5,2,2175,40.37,1030.71,3198.39,0.1416,0,2,0,NA,NA,0,NA,NA
"LJ1178","Leste","Shopping","Grande",464.4,24,19291,90.51,8517.27,32315.27,0.3339,0,1,1,32315.27,34947.98,1,"Tratamento",920.46
"LJ1179","Sul","Quiosque","Pequena",62.2,4,1114,45.22,2040.38,500,0.0962,0,0,0,NA,NA,0,NA,NA
"LJ1180","Sul","Shopping","Pequena",51,4,2490,38.65,1128.74,2123.21,0.1787,0,0,0,NA,NA,1,"Controle",-288.32
"LJ1181","Sul","Shopping","Pequena",63.1,2,2587,44.3,818.72,500,0.1582,0,2,0,NA,NA,0,NA,NA
"LJ1182","Leste","Quiosque","Pequena",90.1,4,2745,56.99,1029.13,3932.01,0.166,0,3,1,3932.01,3553.72,1,"Tratamento",201.21
"LJ1183","Leste","Rua","Pequena",58.1,3,2065,30.57,639.19,2815.25,0.1401,0,0,0,NA,NA,0,NA,NA
"LJ1184","Central","Rua","Pequena",84.4,3,2471,53.62,1171.58,5869.51,0.1477,0,1,0,NA,NA,1,"Tratamento",395.2
"LJ1185","Norte","Quiosque","Pequena",71.4,2,1661,55.65,1341.28,1430.85,0.121,0,2,0,NA,NA,1,"Controle",-254.28
"LJ1186","Sul","Quiosque","Pequena",73.3,4,1058,36.36,1841.88,1058.56,0.0639,0,0,0,NA,NA,0,NA,NA
"LJ1187","Leste","Rua","Grande",515.9,27,16271,99.15,9878.5,30364.34,0.356,0,1,0,NA,NA,1,"Tratamento",185.71
"LJ1188","Leste","Rua","Pequena",72.7,5,2913,45.54,2448.05,4884.31,0.1966,0,2,0,NA,NA,0,NA,NA
"LJ1189","Central","Rua","Grande",518.4,18,17679,98.21,14417.98,34762.29,0.3331,0,1,1,34762.29,37580.4,1,"Tratamento",391.19
"LJ1190","Leste","Shopping","Pequena",100.4,6,1696,43.96,1046.41,8929.2,0.1167,0,1,0,NA,NA,0,NA,NA
"LJ1191","Sul","Quiosque","Pequena",97.6,4,1820,38.47,1010.13,919.56,0.136,0,0,0,NA,NA,0,NA,NA
"LJ1192","Leste","Quiosque","Pequena",65.5,5,852,37.41,1462.08,500,0.0895,0,0,1,500,1081.6,0,NA,NA
"LJ1193","Central","Quiosque","Media",226.7,12,4627,73.15,5038.04,8487.67,0.2457,0,0,0,NA,NA,0,NA,NA
"LJ1194","Central","Shopping","Grande",494,32,15642,92.21,12991.19,26463.69,0.2999,0,0,0,NA,NA,0,NA,NA
"LJ1195","Sul","Quiosque","Media",177,12,5182,64.85,3160.88,6727.55,0.2526,0,2,0,NA,NA,0,NA,NA
"LJ1196","Sul","Shopping","Pequena",74.1,3,2495,33.7,1083.95,4051.57,0.1632,0,1,0,NA,NA,1,"Controle",283.51
"LJ1197","Central","Shopping","Grande",537.9,25,15361,69.16,6180.44,20004.29,0.377,0,3,0,NA,NA,0,NA,NA
"LJ1198","Norte","Quiosque","Media",247.3,8,5501,80.67,2225.87,5658.22,0.2379,0,0,0,NA,NA,0,NA,NA
"LJ1199","Central","Shopping","Pequena",83.3,5,2450,48.33,1994.63,6705.86,0.157,0,2,1,6705.86,7696.32,0,NA,NA
"LJ1200","Leste","Rua","Pequena",84.5,2,2210,46.51,499.93,3432.41,0.1728,0,0,0,NA,NA,0,NA,NA
"LJ1201","Norte","Rua","Pequena",71.3,4,1908,35.48,833.69,500,0.1588,0,0,1,500,1233.54,1,"Tratamento",133.65
"LJ1202","Sul","Shopping","Pequena",87.9,3,2455,48.1,831.67,500,0.1653,0,2,0,NA,NA,0,NA,NA
"LJ1203","Sul","Rua","Media",233.1,11,6398,49.43,2140.19,5069.97,0.2393,0,0,1,5069.97,5215.33,0,NA,NA
"LJ1204","Central","Shopping","Media",225.5,14,7451,75.17,4590.69,11133.51,0.2842,0,2,0,NA,NA,0,NA,NA
"LJ1205","Leste","Rua","Pequena",98.5,2,1837,36.18,1551.75,1126.85,0.1462,0,0,0,NA,NA,0,NA,NA
"LJ1206","Oeste","Rua","Pequena",72.1,4,2099,43.28,1692.87,2696.65,0.165,0,0,0,NA,NA,1,"Tratamento",-37.9
"LJ1207","Oeste","Quiosque","Media",188.8,10,2929,81.26,7762.91,7040,0.2191,1,3,1,7040,7686.33,0,NA,NA
"LJ1208","Oeste","Rua","Pequena",81.1,5,2064,37.67,1279.34,3581.33,0.1205,0,2,1,3581.33,3885.3,1,"Tratamento",156.95
"LJ1209","Sul","Rua","Pequena",71,3,1714,47.89,817.31,4578.7,0.099,0,0,0,NA,NA,0,NA,NA
"LJ1210","Sul","Quiosque","Pequena",62.4,2,1521,35.09,913.94,2208.5,0.1213,0,0,0,NA,NA,0,NA,NA
"LJ1211","Sul","Shopping","Pequena",54.8,4,1768,60.02,3161.03,3273.87,0.1492,0,1,0,NA,NA,0,NA,NA
"LJ1212","Leste","Rua","Media",214.3,12,6791,62.67,3665.82,4589.99,0.2937,0,2,0,NA,NA,0,NA,NA
"LJ1213","Sul","Shopping","Grande",558.2,31,19717,83.21,10145.27,28283.99,0.3043,0,1,0,NA,NA,0,NA,NA
"LJ1214","Sul","Shopping","Grande",513.4,22,18923,85.89,8468.3,31144.98,0.3204,0,3,1,31144.98,34321.91,0,NA,NA
"LJ1215","Sul","Rua","Media",243.1,6,6381,72.74,2715.09,7912.73,0.2452,0,1,0,NA,NA,0,NA,NA
"LJ1216","Central","Quiosque","Media",240.2,15,4655,57.6,3707.03,8100.21,0.2112,1,0,0,NA,NA,0,NA,NA
"LJ1217","Central","Rua","Media",176.1,10,6605,66.38,5584.06,11333.01,0.2802,0,1,0,NA,NA,0,NA,NA
"LJ1218","Norte","Shopping","Pequena",60.4,4,2490,46.63,1233.87,3362.98,0.1351,0,0,0,NA,NA,0,NA,NA
"LJ1219","Oeste","Rua","Media",238.7,11,6214,85.17,2808.21,8922.36,0.2719,0,2,1,8922.36,9984.72,0,NA,NA
"LJ1220","Sul","Quiosque","Grande",459,26,10471,86.48,17652.91,22442.21,0.2661,0,1,1,22442.21,24077.16,0,NA,NA
"LJ1221","Oeste","Rua","Pequena",62.6,2,1949,43.5,1048.82,2566.24,0.1323,0,1,0,NA,NA,0,NA,NA
"LJ1222","Sul","Rua","Media",187.3,11,8471,61.21,3717.27,12637.87,0.2893,0,3,0,NA,NA,0,NA,NA
"LJ1223","Central","Rua","Pequena",71.3,3,2906,40.93,1116.73,2060.04,0.1697,0,2,0,NA,NA,0,NA,NA
"LJ1224","Central","Shopping","Grande",577.1,25,17948,91.58,14013.13,32398.16,0.3563,0,2,0,NA,NA,0,NA,NA
"LJ1225","Norte","Rua","Media",176.3,15,6810,45.73,4333.06,9359.91,0.2796,0,0,0,NA,NA,0,NA,NA
"LJ1226","Sul","Rua","Grande",500.4,28,13595,78.9,9998.45,18657.91,0.3762,0,0,0,NA,NA,0,NA,NA
"LJ1227","Sul","Quiosque","Pequena",76.9,2,1045,47.59,792.02,3147.46,0.0957,0,0,0,NA,NA,0,NA,NA
"LJ1228","Norte","Rua","Media",283.4,9,7303,47.26,5884.16,6236.1,0.2961,0,2,0,NA,NA,0,NA,NA
"LJ1229","Sul","Rua","Pequena",60.2,4,2236,32.9,1571.24,3438.57,0.149,0,0,1,3438.57,4307.27,0,NA,NA
"LJ1230","Sul","Rua","Pequena",62.7,6,1823,54.5,1359.9,2394.2,0.1523,0,0,0,NA,NA,0,NA,NA
"LJ1231","Central","Rua","Pequena",69.1,4,2746,44.01,972.14,2191,0.1515,0,1,0,NA,NA,0,NA,NA
"LJ1232","Norte","Quiosque","Pequena",52.1,4,1809,55.64,922.44,500,0.1372,0,2,0,NA,NA,0,NA,NA
"LJ1233","Leste","Quiosque","Pequena",73.6,4,1421,37.72,692.93,3469.37,0.1403,0,0,0,NA,NA,1,"Tratamento",333.63
"LJ1234","Leste","Shopping","Grande",406.6,28,18264,84.56,10019.96,26459.94,0.389,0,0,0,NA,NA,1,"Controle",-637.93
"LJ1235","Central","Shopping","Media",193.1,9,6610,67.79,3531.27,6474.01,0.2612,0,2,0,NA,NA,0,NA,NA
"LJ1236","Sul","Shopping","Pequena",100.4,4,3018,45.8,1201.92,3092.38,0.223,0,2,0,NA,NA,1,"Tratamento",321.8
"LJ1237","Leste","Rua","Pequena",80.9,5,2620,58.83,1849.77,3674.82,0.1852,0,0,0,NA,NA,0,NA,NA
"LJ1238","Oeste","Rua","Pequena",96.3,3,2663,47.53,1890.66,5514.07,0.2076,0,0,0,NA,NA,1,"Controle",15.85
"LJ1239","Leste","Rua","Media",218.2,6,6440,56.37,3717.74,9481.87,0.2356,0,0,0,NA,NA,1,"Controle",-199.74
"LJ1240","Central","Shopping","Media",191.3,15,7540,55.6,3937.64,7820.98,0.2728,0,3,0,NA,NA,0,NA,NA
"LJ1241","Oeste","Quiosque","Grande",488.7,28,10445,105.09,9076.83,19544.24,0.282,0,0,1,19544.24,21127.54,1,"Tratamento",287.23
"LJ1242","Norte","Shopping","Media",210.2,13,7230,61.08,5819.61,10547.11,0.2532,0,1,0,NA,NA,1,"Tratamento",287.17
"LJ1243","Sul","Quiosque","Pequena",89.9,4,3056,66.94,2390.46,4284.88,0.1853,0,1,0,NA,NA,0,NA,NA
"LJ1244","Central","Quiosque","Pequena",67.6,5,1199,40.92,934.89,1006.22,0.1362,0,0,0,NA,NA,0,NA,NA
"LJ1245","Central","Rua","Media",231,12,7531,71.05,3360.85,10895.26,0.2633,0,1,0,NA,NA,1,"Controle",-349.96
"LJ1246","Central","Rua","Media",187.2,14,4189,68.28,3596.32,8040.08,0.1986,0,0,0,NA,NA,0,NA,NA
"LJ1247","Oeste","Rua","Pequena",87.9,5,1928,43.27,1506.52,500.51,0.1728,0,1,0,NA,NA,1,"Tratamento",990.76
"LJ1248","Sul","Rua","Grande",459.8,31,15486,96.78,10236.23,24502.8,0.3575,0,0,0,NA,NA,0,NA,NA
"LJ1249","Oeste","Rua","Pequena",96.6,1,1838,38.9,1482.22,500,0.1345,0,0,0,NA,NA,0,NA,NA
"LJ1250","Sul","Rua","Media",217.3,9,7259,66.58,4213.36,7794.98,0.2725,0,1,0,NA,NA,0,NA,NA
"LJ1251","Norte","Rua","Pequena",87.2,2,2215,51.53,662.91,1868.36,0.173,0,1,0,NA,NA,0,NA,NA
"LJ1252","Leste","Shopping","Pequena",98.8,3,2728,51.11,1315.01,3587.67,0.1944,0,0,0,NA,NA,0,NA,NA
"LJ1253","Sul","Rua","Pequena",90.1,3,2338,42.35,1087.66,1924.69,0.1778,0,0,0,NA,NA,1,"Controle",59.55
"LJ1254","Norte","Shopping","Media",225.4,11,8090,82.74,3092.17,12232.16,0.2585,0,2,0,NA,NA,0,NA,NA
"LJ1255","Oeste","Rua","Pequena",62.1,4,2017,41.67,1065.56,3883.03,0.148,0,1,0,NA,NA,1,"Tratamento",34.53
"LJ1256","Central","Rua","Media",235.1,15,4396,82.58,8865.17,6965.83,0.243,0,0,1,6965.83,8080.43,1,"Controle",-260.2
"LJ1257","Oeste","Quiosque","Pequena",59.1,4,1641,51.6,1807.39,1999.69,0.1469,0,0,0,NA,NA,1,"Tratamento",81.43
"LJ1258","Central","Shopping","Media",253.3,15,6170,81,4559.51,10100,0.2838,0,4,1,10100,10334.72,0,NA,NA
"LJ1259","Sul","Rua","Pequena",70.7,4,2480,50.59,1029.61,500,0.1674,0,1,0,NA,NA,0,NA,NA
"LJ1260","Oeste","Quiosque","Media",229.2,10,4888,55.11,8401.32,7199.73,0.2735,0,0,0,NA,NA,0,NA,NA
"LJ1261","Central","Rua","Media",187,12,7004,60.65,3232.83,9633,0.2631,0,0,0,NA,NA,0,NA,NA
"LJ1262","Norte","Rua","Media",224.7,6,8506,67.8,1858.46,14129.96,0.3124,0,1,1,14129.96,14148,0,NA,NA
"LJ1263","Sul","Rua","Pequena",80.7,6,2772,49.25,1302.31,5251.42,0.1741,0,2,0,NA,NA,1,"Controle",-127.14
"LJ1264","Central","Shopping","Media",216.4,11,9738,58.65,7685.81,11255.43,0.3411,0,2,0,NA,NA,0,NA,NA
"LJ1265","Leste","Rua","Pequena",73.1,5,2104,44.45,692.39,2077.74,0.149,0,2,0,NA,NA,0,NA,NA
"LJ1266","Leste","Shopping","Pequena",58.3,5,2801,35.44,1306.3,2249.37,0.1885,1,3,0,NA,NA,0,NA,NA
"LJ1267","Leste","Rua","Media",311.7,11,6619,64.43,1813.07,12425.88,0.2902,0,2,0,NA,NA,0,NA,NA
"LJ1268","Norte","Shopping","Pequena",63,4,2686,57.78,1768.65,2631.76,0.203,0,1,0,NA,NA,0,NA,NA
"LJ1269","Central","Rua","Pequena",89.5,5,1793,43.88,1357.41,2400.57,0.1585,0,2,1,2400.57,3311.22,1,"Controle",-53.77
"LJ1270","Sul","Rua","Grande",426.8,28,16383,101.48,8617.96,29822.51,0.3429,0,2,0,NA,NA,1,"Controle",42.15
"LJ1271","Leste","Quiosque","Pequena",60.7,4,1753,47.2,1125.56,4391.4,0.1051,0,3,0,NA,NA,1,"Tratamento",201.22
"LJ1272","Oeste","Quiosque","Media",271.4,14,4196,53.41,4410.79,5263.91,0.2416,0,1,0,NA,NA,0,NA,NA
"LJ1273","Central","Rua","Media",202.9,11,5954,66.35,3376.72,7823.28,0.2872,0,1,0,NA,NA,1,"Controle",-314.64
"LJ1274","Leste","Rua","Media",214.6,11,6166,59.65,4797.06,8873.89,0.2519,0,1,0,NA,NA,0,NA,NA
"LJ1275","Oeste","Quiosque","Pequena",108.8,5,1959,43.95,1038.2,899.74,0.1732,0,4,0,NA,NA,1,"Controle",139.23
"LJ1276","Oeste","Rua","Pequena",91,5,2355,40.98,1478.2,3158.61,0.1987,0,3,0,NA,NA,0,NA,NA
"LJ1277","Leste","Rua","Media",231.4,12,7485,83.11,4050.41,10108.18,0.305,0,0,0,NA,NA,0,NA,NA
"LJ1278","Central","Shopping","Media",202.6,12,7332,79.86,3765.51,9065.3,0.2716,0,0,0,NA,NA,0,NA,NA
"LJ1279","Sul","Shopping","Pequena",76.2,5,2433,47.07,1027.49,831.29,0.1584,0,2,0,NA,NA,0,NA,NA
"LJ1280","Sul","Shopping","Pequena",76.2,5,1663,50.31,820.23,3243.26,0.1197,0,3,0,NA,NA,1,"Tratamento",78.68
"LJ1281","Oeste","Rua","Pequena",74.1,2,2188,38.18,804.34,3309.18,0.1195,0,1,0,NA,NA,0,NA,NA
"LJ1282","Leste","Shopping","Media",270.4,13,9174,63.7,3033.39,10662.32,0.2749,0,1,1,10662.32,11550.4,0,NA,NA
"LJ1283","Central","Rua","Grande",479.3,27,16894,96.22,9593.27,31677.88,0.3435,0,2,0,NA,NA,0,NA,NA
"LJ1284","Sul","Rua","Pequena",68.5,2,2143,48.38,6996.64,4760.38,0.1229,0,0,1,4760.38,4918.2,0,NA,NA
"LJ1285","Norte","Rua","Pequena",93.9,2,2623,31.71,2014.04,938.18,0.1664,0,0,0,NA,NA,1,"Controle",153.41
"LJ1286","Oeste","Rua","Media",224.4,8,6810,72.96,3880.01,13044.68,0.2774,0,1,0,NA,NA,0,NA,NA
"LJ1287","Sul","Rua","Media",155.3,15,6517,47.32,5346.9,8125.84,0.2427,0,0,0,NA,NA,0,NA,NA
"LJ1288","Leste","Quiosque","Media",187.8,13,4963,69.06,3122.38,7779.18,0.2663,0,3,0,NA,NA,0,NA,NA
"LJ1289","Central","Shopping","Pequena",71.4,4,2105,43.75,1322.9,2389.81,0.164,0,1,0,NA,NA,0,NA,NA
"LJ1290","Oeste","Quiosque","Pequena",86.3,5,1434,37.07,1934.62,500,0.1189,0,0,1,500,675.32,0,NA,NA
"LJ1291","Central","Shopping","Pequena",68.2,4,2154,41.52,1059.47,4360.03,0.1821,0,1,1,4360.03,4312.78,0,NA,NA
"LJ1292","Norte","Rua","Media",219.1,5,5863,60.15,4452.64,8384.22,0.2349,0,1,0,NA,NA,1,"Controle",304.31
"LJ1293","Sul","Shopping","Media",183.5,12,8154,77.03,4147.75,12444.66,0.3026,0,1,1,12444.66,12388.76,0,NA,NA
"LJ1294","Sul","Quiosque","Pequena",97.2,4,1950,53.63,1159.05,747.86,0.1211,0,0,1,747.86,672.32,0,NA,NA
"LJ1295","Sul","Rua","Grande",473.4,31,18133,119.18,9266.55,38425.04,0.3203,0,5,0,NA,NA,0,NA,NA
"LJ1296","Norte","Quiosque","Pequena",78.5,3,2034,41.98,1418.25,1938.05,0.1496,0,1,0,NA,NA,0,NA,NA
"LJ1297","Central","Quiosque","Pequena",64.3,5,1589,47.69,775.05,500,0.1333,0,1,0,NA,NA,0,NA,NA
"LJ1298","Sul","Quiosque","Media",208.4,10,4332,54.9,3040.98,5680.09,0.2317,0,2,0,NA,NA,1,"Tratamento",261.91
"LJ1299","Sul","Shopping","Pequena",92.5,3,2822,59.22,1240.53,2311.12,0.1576,0,0,0,NA,NA,0,NA,NA
"LJ1300","Sul","Rua","Grande",431.1,22,16007,88.75,12066.76,27567.16,0.3004,0,1,0,NA,NA,0,NA,NA
